Prediction Date,Target Date,Symbol,Today Close,Pred Close,Pred Return,Pred Dir
2026-04-07,2026-04-08,1589.TW,5.539999961853027,5.543667513287286,0.0006620128988289044,UP
2026-04-14,2026-04-15,4804.TWO,3.2699999809265137,3.2607380819884195,-0.0028323850128800015,DOWN
2026-04-23,2026-04-24,6236.TWO,19.049999237060547,19.031058434829585,-0.0009942678734660149,DOWN
2026-04-29,2026-04-30,1435.TW,12.850000381469728,12.887087081379406,0.002886124420911142,UP
2026-05-07,2026-05-08,3426.TWO,47.70000076293945,47.73616909191702,0.0007582458783872,UP
2026-05-08,2026-05-11,8291.TWO,35.400001525878906,36.413294813593595,0.02862410293892016,UP
2026-05-15,2026-05-18,2073.TWO,25.600000381469727,25.616191894057263,0.000632480951026,UP
2026-05-15,2026-05-18,3629.TWO,16.700000762939453,16.69369214477766,-0.0003777615493163,DOWN
2026-05-15,2026-05-18,5906.TW,46.45000076293945,46.50369722128101,0.0011560055427253,UP
2026-05-18,2026-05-19,2724.TWO,14.449999809265137,14.45252468187769,0.0001747316709952,UP
2026-05-18,2026-05-19,4728.TWO,384.5,384.6862092958036,0.000484289455926,UP
2026-05-18,2026-05-19,5310.TWO,23.799999237060547,23.80195966280853,8.237083238776413e-05,UP
2026-05-18,2026-05-19,5520.TWO,82.0,81.74618563428521,-0.0030952971428632,DOWN
2026-05-18,2026-05-19,5703.TWO,14.0,13.979075927985832,-0.0014945765724405,DOWN
2026-05-18,2026-05-19,6955.TW,151.0,151.10882262617815,0.0007206796435639,UP
2026-05-18,2026-05-19,8923.TWO,19.299999237060547,19.2876109854908,-0.0006418783450499,DOWN
2026-05-19,2026-05-20,1259.TWO,57.0,56.999265498561726,-1.2885990145150572e-05,DOWN
2026-05-19,2026-05-20,1538.TW,12.399999618530272,12.418943720007531,0.001527750166133,UP
2026-05-19,2026-05-20,2235.TWO,29.39999961853028,29.455073441711924,0.0018732593161984,UP
2026-05-19,2026-05-20,2321.TW,12.699999809265137,12.717237363438612,0.0013572877505794,UP
2026-05-19,2026-05-20,2937.TWO,46.45000076293945,46.45855629096123,0.0001841878984124,UP
2026-05-19,2026-05-20,2947.TWO,78.5,78.51575920061441,0.0002007541479542,UP
2026-05-19,2026-05-20,3064.TWO,19.5,19.53880193119403,0.0019898426253348,UP
2026-05-19,2026-05-20,4192.TWO,20.0,20.01263595302589,0.0006317976512946,UP
2026-05-19,2026-05-20,4305.TWO,44.25,44.27043997500732,0.0004619203391484,UP
2026-05-19,2026-05-20,4413.TWO,18.100000381469727,18.12232140868913,0.0012332058977335,UP
2026-05-19,2026-05-20,4530.TWO,25.299999237060547,25.353446366609457,0.002112534828484,UP
2026-05-19,2026-05-20,4568.TWO,40.400001525878906,40.36524084591335,-0.0008604128379374,DOWN
2026-05-19,2026-05-20,4609.TWO,5.559999942779541,5.473981337762006,-0.0154709722846746,DOWN
2026-05-19,2026-05-20,5345.TWO,21.0,21.03590703906957,0.0017098590033128,UP
2026-05-19,2026-05-20,5348.TWO,15.5,15.448887305217797,-0.0032975932117551,DOWN
2026-05-19,2026-05-20,5601.TWO,35.099998474121094,35.12941853209792,0.0008381783263757,UP
2026-05-19,2026-05-20,6103.TWO,37.900001525878906,38.218714957477374,0.0084093250334262,UP
2026-05-19,2026-05-20,6762.TWO,186.0,183.7788002751768,-0.011941934004426,DOWN
2026-05-19,2026-05-20,6881.TWO,272.0,272.17289734072983,0.0006356519879773,UP
2026-05-19,2026-05-20,7747.TWO,126.0,126.10190403135492,0.0008087621536105,UP
2026-05-19,2026-05-20,8067.TWO,13.600000381469728,13.548790166953273,-0.0037654568441212,DOWN
2026-05-19,2026-05-20,8077.TWO,41.04999923706055,41.11906548826066,0.0016824909253045,UP
2026-05-19,2026-05-20,8921.TWO,18.5,18.36286961613223,-0.0074124531820416,DOWN
2026-05-20,2026-05-21,0050.TW,92.5,92.55983613737044,0.0006468771607615,UP
2026-05-20,2026-05-21,0051.TW,128.1999969482422,128.38205904545867,0.0014201411977411,UP
2026-05-20,2026-05-21,0052.TW,54.45000076293945,54.45506260413202,9.296310599887622e-05,UP
2026-05-20,2026-05-21,0053.TW,212.25,212.35462863114665,0.0004929499700665,UP
2026-05-20,2026-05-21,0055.TW,33.970001220703125,33.97177721834259,5.228135341898408e-05,UP
2026-05-20,2026-05-21,0056.TW,44.040000915527344,44.03223169841311,-0.0001764127373462,DOWN
2026-05-20,2026-05-21,0057.TW,274.6499938964844,274.99962878265734,0.001273019821383,UP
2026-05-20,2026-05-21,0061.TW,24.790000915527344,24.80045657051168,0.0004217690438962,UP
2026-05-20,2026-05-21,1101.TW,24.14999961853028,24.163153710401414,0.0005446829018183,UP
2026-05-20,2026-05-21,1102.TW,34.5,34.526053351321025,0.0007551696035079,UP
2026-05-20,2026-05-21,1103.TW,13.0,13.000707842053089,5.44493886991404e-05,UP
2026-05-20,2026-05-21,1104.TW,27.39999961853028,27.41186214635165,0.0004329389776103,UP
2026-05-20,2026-05-21,1108.TW,13.800000190734863,13.820547461467733,0.001488932641223,UP
2026-05-20,2026-05-21,1109.TW,14.600000381469728,14.620185149569329,0.0013825183268636,UP
2026-05-20,2026-05-21,1110.TW,13.899999618530272,13.94065669882291,0.0029249698854982,UP
2026-05-20,2026-05-21,1201.TW,12.100000381469728,12.104486770382495,0.0003707759315147,UP
2026-05-20,2026-05-21,1203.TW,41.650001525878906,41.6271082609421,-0.0005496582016348,DOWN
2026-05-20,2026-05-21,1210.TW,53.0,52.96037199930288,-0.0007476981263607,DOWN
2026-05-20,2026-05-21,1213.TW,8.430000305175781,8.426612012248237,-0.0004019327170681,DOWN
2026-05-20,2026-05-21,1215.TW,142.0,142.06495782843558,0.0004574494960252,UP
2026-05-20,2026-05-21,1216.TW,73.4000015258789,73.44156674226075,0.0005662835901602,UP
2026-05-20,2026-05-21,1217.TW,9.420000076293944,9.426840733399835,0.0007261844002641,UP
2026-05-20,2026-05-21,1218.TW,18.450000762939453,18.451599752270614,8.666608482599258e-05,UP
2026-05-20,2026-05-21,1219.TW,12.5,12.501325339781031,0.0001060271824826,UP
2026-05-20,2026-05-21,1220.TW,11.800000190734863,11.811325097057551,0.0009597378084435,UP
2026-05-20,2026-05-21,1225.TW,28.799999237060547,28.88807966624816,0.0030583483166993,UP
2026-05-20,2026-05-21,1227.TW,28.299999237060547,28.30650982623976,0.0002300561609445,UP
2026-05-20,2026-05-21,1229.TW,38.29999923706055,38.31939933536695,0.0005065299919806,UP
2026-05-20,2026-05-21,1231.TW,86.5999984741211,86.6549990207394,0.0006351102492771,UP
2026-05-20,2026-05-21,1232.TW,149.0,148.9355818616168,-0.000432336499216,DOWN
2026-05-20,2026-05-21,1233.TW,28.549999237060547,28.569973352497907,0.0006996187730692,UP
2026-05-20,2026-05-21,1234.TW,33.75,33.770290061220294,0.0006011869991198,UP
2026-05-20,2026-05-21,1235.TW,37.0,37.061679624719545,0.001667016884312,UP
2026-05-20,2026-05-21,1236.TW,23.700000762939453,23.73412126271696,0.0014396834885701,UP
2026-05-20,2026-05-21,1240.TWO,58.09999847412109,58.109115036112,0.0001569115702295,UP
2026-05-20,2026-05-21,1256.TW,183.0,183.38869726052508,0.0021240287460386,UP
2026-05-20,2026-05-21,1259.TWO,57.0,57.01589570406941,0.0002788720012176,UP
2026-05-20,2026-05-21,1264.TWO,273.0,273.0231881418731,8.493824861943722e-05,UP
2026-05-20,2026-05-21,1268.TWO,168.0,167.5301974285394,-0.0027964438777416,DOWN
2026-05-20,2026-05-21,1294.TWO,77.80000305175781,77.83110101397362,0.0003997167223132,UP
2026-05-20,2026-05-21,1295.TWO,51.400001525878906,51.492047123549504,0.001790770329535,UP
2026-05-20,2026-05-21,1301.TW,45.400001525878906,45.44512924903871,0.0009940026793628,UP
2026-05-20,2026-05-21,1303.TW,80.80000305175781,81.03913023350543,0.0029594947118311,UP
2026-05-20,2026-05-21,1304.TW,12.149999618530272,12.183921493293182,0.0027919239364563,UP
2026-05-20,2026-05-21,1305.TW,12.449999809265137,12.468924247294147,0.0015200352063402,UP
2026-05-20,2026-05-21,1307.TW,31.350000381469727,31.37259965752451,0.0007208700408227,UP
2026-05-20,2026-05-21,1308.TW,13.100000381469728,13.111694211777658,0.000892658776138,UP
2026-05-20,2026-05-21,1309.TW,15.550000190734863,15.580060289726504,0.0019331253133714,UP
2026-05-20,2026-05-21,1310.TW,7.980000019073486,8.002195968229291,0.002781447255984,UP
2026-05-20,2026-05-21,1312.TW,10.399999618530272,10.4331526870786,0.0031877951696515,UP
2026-05-20,2026-05-21,1313.TW,10.5,10.51216806593584,0.0011588634224608,UP
2026-05-20,2026-05-21,1314.TW,7.019999980926514,7.025347717068529,0.0007617857772856,UP
2026-05-20,2026-05-21,1315.TW,60.400001525878906,60.407058652246654,0.0001168398375739,UP
2026-05-20,2026-05-21,1316.TW,10.600000381469728,10.618296172033975,0.0017260179156437,UP
2026-05-20,2026-05-21,1319.TW,80.5999984741211,80.60491196256419,6.096139622970034e-05,UP
2026-05-20,2026-05-21,1321.TW,29.600000381469727,29.60219522335019,7.415006257355972e-05,UP
2026-05-20,2026-05-21,1323.TW,19.89999961853028,19.8684358775962,-0.0015861176652833,DOWN
2026-05-20,2026-05-21,1324.TW,10.199999809265137,10.206767647947755,0.0006635136087425,UP
2026-05-20,2026-05-21,1325.TW,26.950000762939453,26.996976615945275,0.0017430742736906,UP
2026-05-20,2026-05-21,1326.TW,44.54999923706055,44.70140859822588,0.0033986389171331,UP
2026-05-20,2026-05-21,1336.TWO,12.949999809265137,12.971637093003665,0.0016708327457308,UP
2026-05-20,2026-05-21,1337.TW,4.670000076293945,4.670983010335236,0.0002104783779941,UP
2026-05-20,2026-05-21,1338.TW,15.899999618530272,15.925217781903084,0.0015860480489208,UP
2026-05-20,2026-05-21,1339.TW,40.45000076293945,40.475941885001134,0.0006413132650778,UP
2026-05-20,2026-05-21,1340.TW,5.429999828338623,5.43466931828728,0.0008599429274908,UP
2026-05-20,2026-05-21,1341.TW,61.0,61.01914707824472,0.0003138865286018,UP
2026-05-20,2026-05-21,1342.TW,92.0,92.06175446882844,0.000671244226396,UP
2026-05-20,2026-05-21,1402.TW,26.75,26.75737346709502,0.0002756436297204,UP
2026-05-20,2026-05-21,1409.TW,16.649999618530273,16.659489969610267,0.0005699910689145,UP
2026-05-20,2026-05-21,1410.TW,26.100000381469727,26.166968600522694,0.0025658321101218,UP
2026-05-20,2026-05-21,1413.TW,9.5,9.494261356885543,-0.0006040676962584,DOWN
2026-05-20,2026-05-21,1414.TW,15.75,15.771849010081496,0.001387238735333,UP
2026-05-20,2026-05-21,1416.TW,11.100000381469728,11.108770767243008,0.0007901248172857,UP
2026-05-20,2026-05-21,1417.TW,8.199999809265137,8.201462775545393,0.0001784105261323,UP
2026-05-20,2026-05-21,1418.TW,17.899999618530273,17.924260939711086,0.0013553811004385,UP
2026-05-20,2026-05-21,1419.TW,62.0,61.97980750363786,-0.0003256854251958,DOWN
2026-05-20,2026-05-21,1423.TW,40.79999923706055,40.79079862468385,-0.0002255052095279,DOWN
2026-05-20,2026-05-21,1432.TW,16.25,16.272902841155883,0.0014094056095927,UP
2026-05-20,2026-05-21,1434.TW,15.149999618530272,15.16862458433858,0.0012293707113712,UP
2026-05-20,2026-05-21,1436.TW,45.75,45.801676802686416,0.001129547599703,UP
2026-05-20,2026-05-21,1437.TW,28.350000381469727,28.35930853717884,0.0003283300029579,UP
2026-05-20,2026-05-21,1438.TW,20.64999961853028,20.63365053235546,-0.0007917233160696,DOWN
2026-05-20,2026-05-21,1439.TW,25.5,25.543743778194766,0.0017154422821477,UP
2026-05-20,2026-05-21,1440.TW,11.300000190734863,11.315254533641475,0.0013499418273567,UP
2026-05-20,2026-05-21,1441.TW,9.300000190734863,9.303291170808926,0.0003538688179104,UP
2026-05-20,2026-05-21,1442.TW,26.25,26.27292945944646,0.0008735032170079,UP
2026-05-20,2026-05-21,1443.TW,26.450000762939453,26.41295492078306,-0.0014005989069118,DOWN
2026-05-20,2026-05-21,1444.TW,5.929999828338623,5.931429376050164,0.0002410704473732,UP
2026-05-20,2026-05-21,1445.TW,11.5,11.525562900700606,0.0022228609304875,UP
2026-05-20,2026-05-21,1446.TW,15.449999809265137,15.447638511518065,-0.0001528348075226,DOWN
2026-05-20,2026-05-21,1447.TW,5.889999866485596,5.880236816352818,-0.001657563727349,DOWN
2026-05-20,2026-05-21,1449.TW,12.25,12.285176651959771,0.0028715634252876,UP
2026-05-20,2026-05-21,1451.TW,16.700000762939453,16.707204204672813,0.0004313437966629,UP
2026-05-20,2026-05-21,1452.TW,10.550000190734863,10.54661093407324,-0.0003212565497961,DOWN
2026-05-20,2026-05-21,1453.TW,11.25,11.25705790494976,0.0006273693288676,UP
2026-05-20,2026-05-21,1454.TW,12.850000381469728,12.89801710566325,0.0037367099430412,UP
2026-05-20,2026-05-21,1455.TW,8.170000076293945,8.170866932683149,0.0001061023722286,UP
2026-05-20,2026-05-21,1456.TW,12.949999809265137,12.98915432177557,0.0030235145241022,UP
2026-05-20,2026-05-21,1457.TW,14.149999618530272,14.156133737019784,0.0004335066187196,UP
2026-05-20,2026-05-21,1459.TW,11.75,11.760319031847756,0.0008782154764048,UP
2026-05-20,2026-05-21,1460.TW,7.03000020980835,7.0308799069694095,0.0001251347275683,UP
2026-05-20,2026-05-21,1463.TW,18.200000762939453,18.153097033397124,-0.0025771278887987,DOWN
2026-05-20,2026-05-21,1464.TW,10.149999618530272,10.148896852258591,-0.0001086469274013,DOWN
2026-05-20,2026-05-21,1465.TW,12.0,12.002453183289616,0.0002044319408014,UP
2026-05-20,2026-05-21,1466.TW,14.649999618530272,14.667403227475852,0.0011879596859216,UP
2026-05-20,2026-05-21,1467.TW,6.949999809265137,6.952998998125895,0.0004315379774197,UP
2026-05-20,2026-05-21,1468.TW,11.899999618530272,11.908502733108884,0.0007145474664866,UP
2026-05-20,2026-05-21,1470.TW,21.100000381469727,21.113587498567075,0.0006439391872845,UP
2026-05-20,2026-05-21,1471.TW,10.399999618530272,10.364331961055058,-0.0034295825753361,DOWN
2026-05-20,2026-05-21,1472.TW,88.80000305175781,88.82237998815322,0.0002519925183151,UP
2026-05-20,2026-05-21,1473.TW,20.39999961853028,20.39202272037293,-0.00039102442679,DOWN
2026-05-20,2026-05-21,1474.TW,9.93000030517578,9.93340902944414,0.0003432753437663,UP
2026-05-20,2026-05-21,1475.TW,25.299999237060547,25.340870183160643,0.0016154524637386,UP
2026-05-20,2026-05-21,1476.TW,330.5,329.25200341362506,-0.0037760864943265,DOWN
2026-05-20,2026-05-21,1477.TW,213.0,213.23613084561657,0.0011085955193266,UP
2026-05-20,2026-05-21,1503.TW,181.0,181.18452757585328,0.0010194893693551,UP
2026-05-20,2026-05-21,1504.TW,69.0,69.07759586221073,0.0011245777131989,UP
2026-05-20,2026-05-21,1506.TW,10.0,10.008633393445052,0.0008633393445052,UP
2026-05-20,2026-05-21,1512.TW,7.099999904632568,7.106406446984132,0.000902329920791,UP
2026-05-20,2026-05-21,1513.TW,148.5,148.5955355920305,0.0006433373200707,UP
2026-05-20,2026-05-21,1514.TW,113.0,113.11169649637304,0.0009884645696729,UP
2026-05-20,2026-05-21,1515.TW,22.0,22.018982634530403,0.0008628470241092,UP
2026-05-20,2026-05-21,1516.TW,21.299999237060547,21.331357607472647,0.0014722240157426,UP
2026-05-20,2026-05-21,1517.TW,10.0,10.011782062938437,0.0011782062938436,UP
2026-05-20,2026-05-21,1519.TW,770.0,772.2853795532137,0.002968025393784,UP
2026-05-20,2026-05-21,1521.TW,24.25,24.268812224720023,0.0007757618441246,UP
2026-05-20,2026-05-21,1522.TW,29.100000381469727,29.16249490022161,0.0021475779358298,UP
2026-05-20,2026-05-21,1524.TW,29.39999961853028,29.39790758620316,-7.11575630703354e-05,DOWN
2026-05-20,2026-05-21,1525.TW,58.79999923706055,58.86687822883785,0.0011373978340997,UP
2026-05-20,2026-05-21,1526.TW,14.550000190734863,14.584316246370337,0.0023584917653351,UP
2026-05-20,2026-05-21,1527.TW,32.54999923706055,32.54918129066662,-2.512892206149936e-05,DOWN
2026-05-20,2026-05-21,1528.TW,25.14999961853028,25.2102610223634,0.0023960797116161,UP
2026-05-20,2026-05-21,1529.TW,20.350000381469727,20.42347523089628,0.0036105576436966,UP
2026-05-20,2026-05-21,1530.TW,27.350000381469727,27.36099691492767,0.0004020670312456,UP
2026-05-20,2026-05-21,1531.TW,12.300000190734863,12.320374322497972,0.0016564334509893,UP
2026-05-20,2026-05-21,1532.TW,20.549999237060547,20.5502051632945,1.00207416836058e-05,UP
2026-05-20,2026-05-21,1533.TW,38.0,39.202642783522606,0.0316484943032264,UP
2026-05-20,2026-05-21,1535.TW,49.20000076293945,49.23613303464522,0.0007343957549891,UP
2026-05-20,2026-05-21,1536.TW,49.09999847412109,49.161109443449696,0.0012446226319297,UP
2026-05-20,2026-05-21,1537.TW,124.5,124.44394016895968,-0.0004502797673922,DOWN
2026-05-20,2026-05-21,1538.TW,12.399999618530272,12.437547738440054,0.0030280742794275,UP
2026-05-20,2026-05-21,1539.TW,15.5,15.499835643826373,-1.060362410498783e-05,DOWN
2026-05-20,2026-05-21,1540.TW,20.700000762939453,20.697948729911914,-9.91320266621804e-05,DOWN
2026-05-20,2026-05-21,1541.TW,20.39999961853028,20.428251619760648,0.0013849020469933,UP
2026-05-20,2026-05-21,1558.TW,90.0,89.9979630922644,-2.2632308173342608e-05,DOWN
2026-05-20,2026-05-21,1560.TW,609.0,611.602639098186,0.0042736274190247,UP
2026-05-20,2026-05-21,1563.TW,45.0,45.00250211252933,5.5602500651730224e-05,UP
2026-05-20,2026-05-21,1565.TWO,94.1999969482422,94.31225125677436,0.0011916593648494,UP
2026-05-20,2026-05-21,1568.TW,28.0,27.994487731019035,-0.0001968667493201,DOWN
2026-05-20,2026-05-21,1569.TWO,50.20000076293945,50.30079707758954,0.0020078946836292,UP
2026-05-20,2026-05-21,1570.TWO,37.95000076293945,37.93848252197185,-0.0003035109548364,DOWN
2026-05-20,2026-05-21,1580.TWO,122.5,122.44410163715656,-0.0004563131660688,DOWN
2026-05-20,2026-05-21,1582.TW,107.0,106.68539167032576,-0.0029402647633105,DOWN
2026-05-20,2026-05-21,1583.TW,47.09999847412109,47.10244429090351,5.192817116041161e-05,UP
2026-05-20,2026-05-21,1584.TWO,19.64999961853028,19.659979685705714,0.0005078914691694,UP
2026-05-20,2026-05-21,1586.TWO,22.850000381469727,22.86322407264918,0.0005787173286079,UP
2026-05-20,2026-05-21,1587.TW,28.0,28.07990850135684,0.0028538750484585,UP
2026-05-20,2026-05-21,1590.TW,1405.0,1406.71935346385,0.0012237391201779,UP
2026-05-20,2026-05-21,1591.TWO,38.20000076293945,37.80040539822603,-0.0104606114327907,DOWN
2026-05-20,2026-05-21,1593.TWO,31.350000381469727,31.37514757065259,0.000802143185865,UP
2026-05-20,2026-05-21,1595.TWO,88.69999694824219,89.25683027811272,0.0062777153216301,UP
2026-05-20,2026-05-21,1597.TW,171.0,168.62827221862972,-0.0138697531074285,DOWN
2026-05-20,2026-05-21,1598.TW,20.299999237060547,20.3175384718794,0.0008640017476863,UP
2026-05-20,2026-05-21,1599.TWO,23.64999961853028,23.66483908071753,0.0006274614133872,UP
2026-05-20,2026-05-21,1603.TW,29.39999961853028,29.46139159765532,0.0020881625823676,UP
2026-05-20,2026-05-21,1604.TW,23.100000381469727,23.09328811766729,-0.000290574185783,DOWN
2026-05-20,2026-05-21,1605.TW,33.099998474121094,33.09994468758752,-1.6249708778473366e-06,DOWN
2026-05-20,2026-05-21,1608.TW,31.5,31.55109224858461,0.0016219761455431,UP
2026-05-20,2026-05-21,1609.TW,33.79999923706055,33.813292292676934,0.0003932856780011,UP
2026-05-20,2026-05-21,1611.TW,11.149999618530272,11.15685928097915,0.0006152163841762,UP
2026-05-20,2026-05-21,1612.TW,35.75,35.776228605478536,0.0007336672861129,UP
2026-05-20,2026-05-21,1614.TW,30.850000381469727,30.87072551746112,0.0006718034273944,UP
2026-05-20,2026-05-21,1615.TW,42.70000076293945,42.71886450554829,0.0004417738236953,UP
2026-05-20,2026-05-21,1616.TW,21.25,21.212369693967048,-0.0017708379309624,DOWN
2026-05-20,2026-05-21,1617.TW,14.300000190734863,14.33394231035943,0.0023735747672617,UP
2026-05-20,2026-05-21,1618.TW,38.29999923706055,38.31084018901107,0.00028305358137,UP
2026-05-20,2026-05-21,1623.TW,215.5,215.989595443476,0.0022719046100974,UP
2026-05-20,2026-05-21,1626.TW,9.899999618530272,9.938072965084352,0.0038457927294074,UP
2026-05-20,2026-05-21,1702.TW,33.0,33.02024398877984,0.0006134542054496,UP
2026-05-20,2026-05-21,1707.TW,103.5,103.35564028169028,-0.0013947798870503,DOWN
2026-05-20,2026-05-21,1708.TW,39.54999923706055,39.58908793157582,0.000988336163573,UP
2026-05-20,2026-05-21,1709.TW,18.14999961853028,18.144285246781568,-0.000314841425279,DOWN
2026-05-20,2026-05-21,1710.TW,12.949999809265137,13.11442616260578,0.012697015888989,UP
2026-05-20,2026-05-21,1711.TW,46.79999923706055,46.928948360348905,0.0027553231921047,UP
2026-05-20,2026-05-21,1712.TW,40.5,40.56201517075533,0.0015312387840822,UP
2026-05-20,2026-05-21,1713.TW,47.20000076293945,47.19960819942592,-8.31702345742836e-06,DOWN
2026-05-20,2026-05-21,1714.TW,9.520000457763672,9.529580998136332,0.0010063592344522,UP
2026-05-20,2026-05-21,1717.TW,72.69999694824219,72.97257595755073,0.0037493675481527,UP
2026-05-20,2026-05-21,1718.TW,6.429999828338623,6.430353577935945,5.501549094333286e-05,UP
2026-05-20,2026-05-21,1720.TW,61.79999923706055,61.77713991416084,-0.0003698919608723,DOWN
2026-05-20,2026-05-21,1721.TW,28.0,28.68182197213173,0.0243507847189903,UP
2026-05-20,2026-05-21,1722.TW,45.75,45.82025002740557,0.0015355197247117,UP
2026-05-20,2026-05-21,1723.TW,79.69999694824219,79.66033651283882,-0.0004976215423084,DOWN
2026-05-20,2026-05-21,1725.TW,30.14999961853028,30.18109811981793,0.001031459425576,UP
2026-05-20,2026-05-21,1726.TW,76.80000305175781,76.73755950679606,-0.0008130669593811,DOWN
2026-05-20,2026-05-21,1727.TW,84.5999984741211,84.25985476513148,-0.0040206112898886,DOWN
2026-05-20,2026-05-21,1730.TW,52.900001525878906,52.87557536461948,-0.0004617421654983,DOWN
2026-05-20,2026-05-21,1731.TW,21.64999961853028,21.631539720470787,-0.0008526511956006,DOWN
2026-05-20,2026-05-21,1732.TW,26.700000762939453,26.71313398098848,0.0004918808117508,UP
2026-05-20,2026-05-21,1733.TW,29.850000381469727,29.8546440943403,0.0001555682683829,UP
2026-05-20,2026-05-21,1734.TW,30.64999961853028,30.666273734396697,0.0005309662665241,UP
2026-05-20,2026-05-21,1735.TW,24.89999961853028,24.958612588453885,0.0023539345711469,UP
2026-05-20,2026-05-21,1736.TW,125.0,125.24663214571774,0.0019730571657419,UP
2026-05-20,2026-05-21,1737.TW,31.5,31.51873397923191,0.0005947294994257,UP
2026-05-20,2026-05-21,1742.TWO,15.199999809265137,15.214792592684448,0.000973209447693,UP
2026-05-20,2026-05-21,1752.TW,32.70000076293945,32.71950055379514,0.0005963238654657,UP
2026-05-20,2026-05-21,1760.TW,61.0,60.98152298771311,-0.0003029018407687,DOWN
2026-05-20,2026-05-21,1762.TW,38.75,38.86618427437497,0.002998303854838,UP
2026-05-20,2026-05-21,1773.TW,163.5,163.75939579104306,0.0015865185996517,UP
2026-05-20,2026-05-21,1776.TW,17.899999618530273,17.849517338471646,-0.002820239169523,DOWN
2026-05-20,2026-05-21,1777.TWO,71.30000305175781,71.24341762701464,-0.0007936244364828,DOWN
2026-05-20,2026-05-21,1781.TWO,10.5,10.47470045951195,-0.0024094800464808,DOWN
2026-05-20,2026-05-21,1783.TW,38.95000076293945,39.00144893201144,0.0013208772288634,UP
2026-05-20,2026-05-21,1784.TWO,70.80000305175781,70.814848044165,0.000209675024962,UP
2026-05-20,2026-05-21,1785.TWO,138.0,137.6393703846261,-0.0026132580824196,DOWN
2026-05-20,2026-05-21,1786.TW,59.29999923706055,59.2237462095133,-0.0012858858099207,DOWN
2026-05-20,2026-05-21,1788.TWO,135.5,135.45420517059392,-0.000337969220709,DOWN
2026-05-20,2026-05-21,1789.TW,19.100000381469727,19.115667290530148,0.0008202570024878,UP
2026-05-20,2026-05-21,1795.TW,192.5,193.5548506630585,0.0054797437041997,UP
2026-05-20,2026-05-21,1796.TWO,36.0,36.08923842664808,0.0024788451846688,UP
2026-05-20,2026-05-21,1799.TWO,34.45000076293945,34.54782212855167,0.0028395170811564,UP
2026-05-20,2026-05-21,1802.TW,63.900001525878906,64.02919803218693,0.0020218545105307,UP
2026-05-20,2026-05-21,1805.TW,10.25,10.261481841502246,0.0011201796587556,UP
2026-05-20,2026-05-21,1806.TW,8.039999961853027,8.037823960711096,-0.0002706469094845,DOWN
2026-05-20,2026-05-21,1808.TW,29.200000762939453,29.202141658752865,7.331834785870695e-05,UP
2026-05-20,2026-05-21,1809.TW,38.45000076293945,38.4123234366798,-0.0009799044346436,DOWN
2026-05-20,2026-05-21,1810.TW,18.39999961853028,18.38350377224127,-0.0008965134038589,DOWN
2026-05-20,2026-05-21,1813.TWO,12.149999618530272,12.165735458868568,0.0012951309327036,UP
2026-05-20,2026-05-21,1815.TWO,99.5,99.68400018336251,0.0018492480739951,UP
2026-05-20,2026-05-21,1817.TW,39.5,39.51324711102643,0.0003353698994033,UP
2026-05-20,2026-05-21,1903.TW,47.650001525878906,47.68791664343786,0.0007957002380862,UP
2026-05-20,2026-05-21,1904.TW,18.39999961853028,18.453575628816484,0.0029117397498339,UP
2026-05-20,2026-05-21,1905.TW,11.800000190734863,11.806934763661452,0.0005876756622456,UP
2026-05-20,2026-05-21,1906.TW,10.399999618530272,10.40753221521464,0.0007242881692945,UP
2026-05-20,2026-05-21,1907.TW,24.200000762939453,24.20541789970209,0.0002238486194982,UP
2026-05-20,2026-05-21,1909.TW,8.949999809265137,8.960272694142702,0.0011478083906695,UP
2026-05-20,2026-05-21,2002.TW,18.100000381469727,18.125676664389715,0.0014185791369526,UP
2026-05-20,2026-05-21,2006.TW,65.30000305175781,65.27955856929971,-0.0003130854747724,DOWN
2026-05-20,2026-05-21,2007.TW,6.929999828338623,6.942701528045272,0.0018328571459278,UP
2026-05-20,2026-05-21,2008.TW,27.89999961853028,27.909038333954346,0.0003239682991988,UP
2026-05-20,2026-05-21,2009.TW,38.0,38.03436829557177,0.0009044288308359,UP
2026-05-20,2026-05-21,2010.TW,22.200000762939453,22.21547650131031,0.0006971053080633,UP
2026-05-20,2026-05-21,2012.TW,14.350000381469728,14.37383992795294,0.0016612923936918,UP
2026-05-20,2026-05-21,2013.TW,41.95000076293945,41.96956764004214,0.0004664332955144,UP
2026-05-20,2026-05-21,2014.TW,17.0,17.02647233835887,0.0015571963740512,UP
2026-05-20,2026-05-21,2015.TW,61.79999923706055,61.82313105039031,0.0003743011911865,UP
2026-05-20,2026-05-21,2017.TW,8.520000457763672,8.530308692389804,0.001209886628203,UP
2026-05-20,2026-05-21,2020.TW,21.350000381469727,21.367094145860587,0.0008006446878425,UP
2026-05-20,2026-05-21,2022.TW,7.519999980926514,7.532644454674389,0.0016814459813758,UP
2026-05-20,2026-05-21,2023.TW,13.649999618530272,13.661426744721458,0.0008371521253139,UP
2026-05-20,2026-05-21,2024.TW,13.800000190734863,13.804718915432485,0.0003419365675653,UP
2026-05-20,2026-05-21,2025.TW,11.649999618530272,11.669528623618774,0.0016763095045462,UP
2026-05-20,2026-05-21,2027.TW,41.150001525878906,41.20500094327942,0.0013365593040361,UP
2026-05-20,2026-05-21,2028.TW,16.950000762939453,16.967923520421575,0.0010573897743597,UP
2026-05-20,2026-05-21,2029.TW,20.350000381469727,20.35102944199189,5.0568083679482825e-05,UP
2026-05-20,2026-05-21,2030.TW,17.25,17.23410597196198,-0.0009213929297402,DOWN
2026-05-20,2026-05-21,2031.TW,38.29999923706055,38.3499846256509,0.001305101555772,UP
2026-05-20,2026-05-21,2032.TW,16.399999618530273,16.41736043329947,0.0010585862910375,UP
2026-05-20,2026-05-21,2033.TW,15.149999618530272,15.15514798077917,0.000339825899573,UP
2026-05-20,2026-05-21,2034.TW,19.799999237060547,19.82829000025941,0.0014288264792412,UP
2026-05-20,2026-05-21,2035.TWO,28.049999237060547,28.074908666901194,0.0008880367386155,UP
2026-05-20,2026-05-21,2038.TW,13.350000381469728,13.361671317306428,0.0008742273785174,UP
2026-05-20,2026-05-21,2049.TW,359.5,360.3120299678994,0.0022587759885936,UP
2026-05-20,2026-05-21,2059.TW,4500.0,4461.360344197601,-0.0085865901783108,DOWN
2026-05-20,2026-05-21,2061.TWO,22.299999237060547,22.317161392636635,0.0007696034153923,UP
2026-05-20,2026-05-21,2062.TW,18.549999237060547,18.589632525678933,0.0021365655120461,UP
2026-05-20,2026-05-21,2063.TWO,25.100000381469727,25.12113259795108,0.0008419209625571,UP
2026-05-20,2026-05-21,2064.TWO,13.100000381469728,13.102339998732814,0.0001785967324394,UP
2026-05-20,2026-05-21,2065.TWO,33.75,33.806399708701065,0.0016711024800315,UP
2026-05-20,2026-05-21,2066.TWO,54.79999923706055,55.11961708424805,0.0058324425481259,UP
2026-05-20,2026-05-21,2067.TWO,6.849999904632568,6.842089277109602,-0.0011548361508175,DOWN
2026-05-20,2026-05-21,2069.TW,19.350000381469727,19.35740820426633,0.0003828332119155,UP
2026-05-20,2026-05-21,2070.TWO,63.0,62.787293614586815,-0.0033762918319553,DOWN
2026-05-20,2026-05-21,2101.TW,30.75,30.703020483168075,-0.0015277891652658,DOWN
2026-05-20,2026-05-21,2102.TW,17.75,17.758429790766968,0.0004749177896883,UP
2026-05-20,2026-05-21,2103.TW,20.350000381469727,20.374106912516485,0.001184596098028,UP
2026-05-20,2026-05-21,2104.TW,9.920000076293944,9.926809795346328,0.0006864636088721,UP
2026-05-20,2026-05-21,2105.TW,32.04999923706055,32.05088425098732,2.76135397143177e-05,UP
2026-05-20,2026-05-21,2106.TW,16.700000762939453,16.70967928125152,0.0005795519682577,UP
2026-05-20,2026-05-21,2107.TW,25.200000762939453,25.19735374324799,-0.0001050404607667,DOWN
2026-05-20,2026-05-21,2108.TW,27.549999237060547,27.57489030407205,0.0009034870308823,UP
2026-05-20,2026-05-21,2109.TW,13.899999618530272,13.902802848469774,0.0002016712242038,UP
2026-05-20,2026-05-21,2114.TW,89.19999694824219,89.20337204994524,3.783746433326848e-05,UP
2026-05-20,2026-05-21,2115.TW,20.39999961853028,20.423081935510552,0.0011314861476421,UP
2026-05-20,2026-05-21,2201.TW,26.350000381469727,26.37731355196989,0.0010365529451519,UP
2026-05-20,2026-05-21,2204.TW,52.20000076293945,52.22730688241173,0.0005231057293712,UP
2026-05-20,2026-05-21,2206.TW,58.29999923706055,58.2929002125898,-0.000121767145174,DOWN
2026-05-20,2026-05-21,2207.TW,466.5,466.61198388579214,0.0002400512021267,UP
2026-05-20,2026-05-21,2208.TW,18.25,18.318755059386604,0.0037674005143344,UP
2026-05-20,2026-05-21,2211.TW,91.4000015258789,91.52100745194508,0.0013239160180091,UP
2026-05-20,2026-05-21,2221.TWO,43.0,42.98481578094652,-0.0003531213733367,DOWN
2026-05-20,2026-05-21,2227.TW,48.79999923706055,48.84641269028267,0.0009510953677817,UP
2026-05-20,2026-05-21,2228.TW,80.4000015258789,80.5568089394322,0.0019503409275784,UP
2026-05-20,2026-05-21,2230.TWO,28.700000762939453,28.760997689833,0.0021253284066915,UP
2026-05-20,2026-05-21,2231.TW,104.0,104.38408594205976,0.0036931340582668,UP
2026-05-20,2026-05-21,2233.TW,332.0,330.280256588012,-0.0051799500361084,DOWN
2026-05-20,2026-05-21,2235.TWO,29.39999961853028,29.531474542960805,0.004471936263144,UP
2026-05-20,2026-05-21,2236.TW,130.5,130.6339531019912,0.0010264605516567,UP
2026-05-20,2026-05-21,2239.TW,21.5,21.51727782440139,0.0008036197395995,UP
2026-05-20,2026-05-21,2241.TW,33.54999923706055,33.59301076513927,0.0012820127885788,UP
2026-05-20,2026-05-21,2243.TW,20.89999961853028,21.010637399676927,0.0052936738356948,UP
2026-05-20,2026-05-21,2247.TW,204.0,204.3362205410376,0.0016481399070471,UP
2026-05-20,2026-05-21,2248.TW,55.20000076293945,55.18124512019256,-0.0003397761320229,DOWN
2026-05-20,2026-05-21,2250.TW,62.09999847412109,62.17054745070746,0.0011360544012859,UP
2026-05-20,2026-05-21,2254.TW,58.0,58.23362070135772,0.0040279431268572,UP
2026-05-20,2026-05-21,2258.TW,26.75,26.785563003795687,0.00132945808582,UP
2026-05-20,2026-05-21,2301.TW,204.0,204.82510349527,0.0040446249768137,UP
2026-05-20,2026-05-21,2302.TW,24.950000762939453,25.049732792353787,0.0039972756057977,UP
2026-05-20,2026-05-21,2303.TW,108.0,106.9982448220253,-0.0092755109071731,DOWN
2026-05-20,2026-05-21,2305.TW,16.600000381469727,16.617830195012452,0.0010740851284936,UP
2026-05-20,2026-05-21,2308.TW,1915.0,1918.115278618061,0.0016267773462459,UP
2026-05-20,2026-05-21,2312.TW,28.299999237060547,28.27188978357118,-0.0009932669345289,DOWN
2026-05-20,2026-05-21,2313.TW,255.0,255.22019960917527,0.0008635278791189,UP
2026-05-20,2026-05-21,2314.TW,14.600000381469728,14.472383032943796,-0.0087409140542149,DOWN
2026-05-20,2026-05-21,2316.TW,137.5,138.06690852507018,0.0041229710914194,UP
2026-05-20,2026-05-21,2317.TW,240.0,240.39310678839684,0.0016379449516534,UP
2026-05-20,2026-05-21,2321.TW,12.699999809265137,12.731101032740868,0.0024489152710884,UP
2026-05-20,2026-05-21,2323.TW,9.369999885559082,9.394738418204312,0.0026401849463581,UP
2026-05-20,2026-05-21,2324.TW,27.600000381469727,27.64505927387504,0.0016325685428455,UP
2026-05-20,2026-05-21,2327.TW,520.0,522.9249163344502,0.005624839104712,UP
2026-05-20,2026-05-21,2328.TW,50.5,50.567715889192186,0.0013409086968749,UP
2026-05-20,2026-05-21,2329.TW,51.400001525878906,51.60169755325575,0.0039240471087396,UP
2026-05-20,2026-05-21,2330.TW,2185.0,2189.934363805224,0.0022582900710403,UP
2026-05-20,2026-05-21,2331.TW,18.64999961853028,18.7305109815968,0.0043169632554054,UP
2026-05-20,2026-05-21,2332.TW,13.949999809265137,13.95175420602393,0.0001257632102351,UP
2026-05-20,2026-05-21,2337.TW,141.0,142.3306368822232,0.009437141008675,UP
2026-05-20,2026-05-21,2338.TW,49.84999847412109,49.935206918674034,0.0017092968337237,UP
2026-05-20,2026-05-21,2340.TW,34.45000076293945,34.52213024528715,0.0020937439985572,UP
2026-05-20,2026-05-21,2342.TW,38.25,38.31623354530893,0.001731595955789,UP
2026-05-20,2026-05-21,2344.TW,115.5,116.96598223317416,0.0126924868673086,UP
2026-05-20,2026-05-21,2345.TW,2355.0,2384.3978878855705,0.0124831795692443,UP
2026-05-20,2026-05-21,2347.TW,83.69999694824219,83.76996726811464,0.0008359656203538,UP
2026-05-20,2026-05-21,2348.TW,69.0999984741211,69.16469555374677,0.0009362819255329,UP
2026-05-20,2026-05-21,2349.TW,12.149999618530272,12.159238269943554,0.0007603828562424,UP
2026-05-20,2026-05-21,2351.TW,180.0,180.44507197570056,0.0024726220872253,UP
2026-05-20,2026-05-21,2352.TW,26.049999237060547,26.05075241391973,2.891274016289077e-05,UP
2026-05-20,2026-05-21,2353.TW,27.450000762939453,27.464652676708425,0.0005337673355825,UP
2026-05-20,2026-05-21,2354.TW,57.5,57.57975940621691,0.0013871201081201,UP
2026-05-20,2026-05-21,2355.TW,59.09999847412109,59.29914594605018,0.0033696696627885,UP
2026-05-20,2026-05-21,2356.TW,51.400001525878906,51.41393099047151,0.0002710012486204,UP
2026-05-20,2026-05-21,2357.TW,640.0,641.3150060176849,0.0020546969026327,UP
2026-05-20,2026-05-21,2359.TW,127.5,127.33902211301027,-0.0012625716626644,DOWN
2026-05-20,2026-05-21,2360.TW,2065.0,2059.511654577218,-0.002657794393599,DOWN
2026-05-20,2026-05-21,2362.TW,38.79999923706055,38.80976006435828,0.0002515677188057,UP
2026-05-20,2026-05-21,2363.TW,60.09999847412109,60.0192762431694,-0.0013431319966912,DOWN
2026-05-20,2026-05-21,2364.TW,66.0,66.08461875258945,0.0012821023119613,UP
2026-05-20,2026-05-21,2365.TW,35.150001525878906,35.14347503085126,-0.0001856755261543,DOWN
2026-05-20,2026-05-21,2367.TW,64.0,63.80580586194992,-0.0030342834070324,DOWN
2026-05-20,2026-05-21,2368.TW,1235.0,1248.286751625128,0.0107585033401846,UP
2026-05-20,2026-05-21,2369.TW,28.850000381469727,28.88912161572876,0.0013560219667852,UP
2026-05-20,2026-05-21,2371.TW,28.049999237060547,28.09555878784804,0.0016242264537141,UP
2026-05-20,2026-05-21,2373.TW,56.5,56.55284998280695,0.0009353979257866,UP
2026-05-20,2026-05-21,2374.TW,78.80000305175781,78.76011545701542,-0.0005061877309344,DOWN
2026-05-20,2026-05-21,2375.TW,111.5,113.96224134322256,0.022082882001996,UP
2026-05-20,2026-05-21,2376.TW,302.0,301.5487005256582,-0.001494369120337,DOWN
2026-05-20,2026-05-21,2377.TW,109.5,109.58058476122096,0.0007359338924288,UP
2026-05-20,2026-05-21,2379.TW,567.0,568.9398549729958,0.0034212609753012,UP
2026-05-20,2026-05-21,2380.TW,5.849999904632568,5.85865110904427,0.0014788383850827,UP
2026-05-20,2026-05-21,2382.TW,290.0,290.643496804405,0.0022189544979482,UP
2026-05-20,2026-05-21,2383.TW,4395.0,4391.732798123849,-0.0007433906430378,DOWN
2026-05-20,2026-05-21,2385.TW,128.5,128.62140394721064,0.0009447777993045,UP
2026-05-20,2026-05-21,2387.TW,38.5,38.53016991436016,0.0007836341392248,UP
2026-05-20,2026-05-21,2388.TW,81.69999694824219,82.94394070898021,0.0152257503941655,UP
2026-05-20,2026-05-21,2390.TW,9.979999542236328,9.97490592778275,-0.0005103822331876,DOWN
2026-05-20,2026-05-21,2392.TW,35.599998474121094,35.92920715515409,0.0092474352568387,UP
2026-05-20,2026-05-21,2393.TW,63.400001525878906,63.58995743655497,0.0029961499385536,UP
2026-05-20,2026-05-21,2395.TW,465.0,466.8615896534175,0.0040034186094999,UP
2026-05-20,2026-05-21,2397.TW,60.20000076293945,60.23451842722224,0.0005733831203542,UP
2026-05-20,2026-05-21,2399.TW,42.20000076293945,42.077323404763405,-0.0029070463497191,DOWN
2026-05-20,2026-05-21,2401.TW,26.89999961853028,26.778240988267584,-0.0045263431966304,DOWN
2026-05-20,2026-05-21,2402.TW,61.900001525878906,62.11744216331777,0.0035127727314829,UP
2026-05-20,2026-05-21,2404.TW,1025.0,1027.6477734325454,0.0025831935927271,UP
2026-05-20,2026-05-21,2405.TW,15.5,15.481341988255735,-0.0012037426931783,DOWN
2026-05-20,2026-05-21,2406.TW,30.049999237060547,30.2480208225564,0.0065897367894649,UP
2026-05-20,2026-05-21,2408.TW,275.0,279.99488268978894,0.0181632097810506,UP
2026-05-20,2026-05-21,2409.TW,18.75,18.77592378150439,0.001382601680234,UP
2026-05-20,2026-05-21,2412.TW,139.0,139.19509536435362,0.0014035637723281,UP
2026-05-20,2026-05-21,2413.TW,49.29999923706055,49.02191684098988,-0.0056406166404485,DOWN
2026-05-20,2026-05-21,2414.TW,49.29999923706055,49.34102714944119,0.0008322091889567,UP
2026-05-20,2026-05-21,2415.TW,26.450000762939453,26.46910197966008,0.0007221631822176,UP
2026-05-20,2026-05-21,2417.TW,47.45000076293945,47.47239054633594,0.0004718605487142,UP
2026-05-20,2026-05-21,2419.TW,29.89999961853028,29.8815787515916,-0.0006160825141705,DOWN
2026-05-20,2026-05-21,2420.TW,58.900001525878906,58.9247249880604,0.0004197531670797,UP
2026-05-20,2026-05-21,2421.TW,143.0,143.25234664673917,0.0017646618653088,UP
2026-05-20,2026-05-21,2423.TW,72.69999694824219,72.13141256098426,-0.0078209685161709,DOWN
2026-05-20,2026-05-21,2424.TW,18.0,17.453398559242487,-0.0303667467087507,DOWN
2026-05-20,2026-05-21,2425.TW,32.650001525878906,32.61456163304658,-0.0010854484280571,DOWN
2026-05-20,2026-05-21,2426.TW,68.9000015258789,67.90416821652994,-0.0144533133134246,DOWN
2026-05-20,2026-05-21,2427.TW,20.350000381469727,20.38248098485406,0.0015960984164849,UP
2026-05-20,2026-05-21,2428.TW,223.0,223.4339003488421,0.0019457414746284,UP
2026-05-20,2026-05-21,2429.TW,48.79999923706055,48.739417729542566,-0.0012414243537932,DOWN
2026-05-20,2026-05-21,2430.TW,18.200000762939453,18.22939473378756,0.0016150532756,UP
2026-05-20,2026-05-21,2431.TW,10.350000381469728,10.356130323709309,0.0005922649288549,UP
2026-05-20,2026-05-21,2432.TW,25.75,25.77848581116996,0.0011062450939789,UP
2026-05-20,2026-05-21,2433.TW,44.59999847412109,44.645872761928274,0.0010285715106875,UP
2026-05-20,2026-05-21,2434.TW,29.700000762939453,29.736484179383893,0.0012283978285268,UP
2026-05-20,2026-05-21,2436.TW,71.80000305175781,71.80570948769407,7.947682024675897e-05,UP
2026-05-20,2026-05-21,2438.TW,21.5,21.52461346500786,0.0011448123259469,UP
2026-05-20,2026-05-21,2439.TW,85.30000305175781,85.37016841431767,0.0008225716301239,UP
2026-05-20,2026-05-21,2440.TW,17.25,17.26528285528184,0.0008859626250341,UP
2026-05-20,2026-05-21,2441.TW,102.5,102.50301394711188,2.9404362066998143e-05,UP
2026-05-20,2026-05-21,2442.TW,18.450000762939453,18.451205996938004,6.532433326354308e-05,UP
2026-05-20,2026-05-21,2444.TW,12.850000381469728,12.881236289542318,0.0024308098945766,UP
2026-05-20,2026-05-21,2449.TW,277.5,278.51343681220897,0.0036520245485007,UP
2026-05-20,2026-05-21,2450.TW,29.049999237060547,29.080448839421223,0.0010481791105121,UP
2026-05-20,2026-05-21,2451.TW,309.5,310.28392529604025,0.0025328765623271,UP
2026-05-20,2026-05-21,2453.TW,54.70000076293945,54.67687024255618,-0.0004228614270687,DOWN
2026-05-20,2026-05-21,2454.TW,3230.0,3219.118699161336,-0.0033688237890601,DOWN
2026-05-20,2026-05-21,2455.TW,400.5,407.771075704135,0.0181549955159425,UP
2026-05-20,2026-05-21,2457.TW,24.299999237060547,24.344086173108074,0.0018142772605642,UP
2026-05-20,2026-05-21,2458.TW,153.0,153.23552733950785,0.0015393943758681,UP
2026-05-20,2026-05-21,2459.TW,65.9000015258789,65.87439020820382,-0.0003886391059494,DOWN
2026-05-20,2026-05-21,2460.TW,31.0,31.15079001290724,0.0048641939647495,UP
2026-05-20,2026-05-21,2461.TW,15.949999809265137,15.961008217164688,0.0006901823217048,UP
2026-05-20,2026-05-21,2462.TW,20.200000762939453,20.20920600747765,0.0004557051579468,UP
2026-05-20,2026-05-21,2464.TW,124.5,123.07338726287708,-0.0114587368443608,DOWN
2026-05-20,2026-05-21,2465.TW,75.5999984741211,75.7300603288983,0.0017203949391841,UP
2026-05-20,2026-05-21,2466.TW,46.79999923706055,47.02620330214543,0.0048334202729165,UP
2026-05-20,2026-05-21,2467.TW,554.0,555.473520427011,0.0026597841642796,UP
2026-05-20,2026-05-21,2468.TW,32.599998474121094,32.636115767513246,0.0011078924871982,UP
2026-05-20,2026-05-21,2471.TW,50.20000076293945,50.2352496280919,0.0007021686178632,UP
2026-05-20,2026-05-21,2472.TW,255.0,262.1622071787715,0.0280870869755744,UP
2026-05-20,2026-05-21,2474.TW,183.0,183.7871537148021,0.0043013864196836,UP
2026-05-20,2026-05-21,2476.TW,114.0,113.85602080542594,-0.0012629753910005,DOWN
2026-05-20,2026-05-21,2477.TW,20.5,20.493971216725186,-0.0002940869890153,DOWN
2026-05-20,2026-05-21,2478.TW,105.5,105.81150400545448,0.0029526446014642,UP
2026-05-20,2026-05-21,2480.TW,146.5,146.65617753978586,0.0010660582920536,UP
2026-05-20,2026-05-21,2481.TW,133.0,133.59301723586395,0.0044587762095034,UP
2026-05-20,2026-05-21,2482.TW,16.149999618530273,16.16420298109217,0.0008794651948846,UP
2026-05-20,2026-05-21,2483.TW,23.39999961853028,23.418079670561504,0.0007726518088019,UP
2026-05-20,2026-05-21,2484.TW,44.29999923706055,45.96294413623275,0.0375382602214813,UP
2026-05-20,2026-05-21,2485.TW,70.5999984741211,70.09986693962146,-0.0070840162225068,DOWN
2026-05-20,2026-05-21,2486.TW,258.0,258.4947609063238,0.0019176779314875,UP
2026-05-20,2026-05-21,2488.TW,52.09999847412109,52.102911196107925,5.590637374558386e-05,UP
2026-05-20,2026-05-21,2489.TW,42.54999923706055,42.565648229245824,0.0003677789063659,UP
2026-05-20,2026-05-21,2491.TW,19.75,19.795251015748363,0.0022911906708031,UP
2026-05-20,2026-05-21,2492.TW,242.0,248.8077323697508,0.0281311254948377,UP
2026-05-20,2026-05-21,2493.TW,128.5,128.38905287600937,-0.0008634017431177,DOWN
2026-05-20,2026-05-21,2495.TW,37.5,37.6058430847479,0.002822482259944,UP
2026-05-20,2026-05-21,2496.TW,64.30000305175781,64.28424207654601,-0.0002451162436045,DOWN
2026-05-20,2026-05-21,2497.TW,56.09999847412109,56.15318512268404,0.000948068627622,UP
2026-05-20,2026-05-21,2498.TW,45.45000076293945,45.34975438798372,-0.0022056407760828,DOWN
2026-05-20,2026-05-21,2501.TW,22.299999237060547,22.291542360700006,-0.0003792321367655,DOWN
2026-05-20,2026-05-21,2504.TW,34.75,34.75764957089268,0.00022013153648,UP
2026-05-20,2026-05-21,2505.TW,17.850000381469727,17.84736897630116,-0.0001474176533519,DOWN
2026-05-20,2026-05-21,2506.TW,8.640000343322754,8.64621598426737,0.0007194028585217,UP
2026-05-20,2026-05-21,2509.TW,12.800000190734863,12.81350266357515,0.0010548806749284,UP
2026-05-20,2026-05-21,2511.TW,7.659999847412109,7.66338009219577,0.0004412852285895,UP
2026-05-20,2026-05-21,2514.TW,13.0,13.007501299260184,0.0005770230200141,UP
2026-05-20,2026-05-21,2515.TW,12.600000381469728,12.597023628515409,-0.0002362502273172,DOWN
2026-05-20,2026-05-21,2516.TW,12.300000190734863,12.338673805020688,0.0031441962346435,UP
2026-05-20,2026-05-21,2520.TW,30.75,30.755748754483648,0.0001869513653218,UP
2026-05-20,2026-05-21,2524.TW,34.29999923706055,34.341088661021686,0.0011979424161835,UP
2026-05-20,2026-05-21,2527.TW,33.0,33.017697852279525,0.000536298553925,UP
2026-05-20,2026-05-21,2528.TW,22.200000762939453,22.20329121221397,0.000148218430695,UP
2026-05-20,2026-05-21,2530.TW,20.89999961853028,20.91370204363504,0.0006556184380315,UP
2026-05-20,2026-05-21,2534.TW,17.799999237060547,17.816515070353542,0.0009278558427468,UP
2026-05-20,2026-05-21,2535.TW,74.5999984741211,74.62500091043849,0.000335153308697,UP
2026-05-20,2026-05-21,2536.TW,20.049999237060547,20.08108702560288,0.0015505132032558,UP
2026-05-20,2026-05-21,2537.TW,9.670000076293944,9.687263608591165,0.0017852670280263,UP
2026-05-20,2026-05-21,2538.TW,9.380000114440918,9.393915188493944,0.0014834833564237,UP
2026-05-20,2026-05-21,2539.TW,38.34999847412109,38.37317546324962,0.0006043543689884,UP
2026-05-20,2026-05-21,2540.TW,55.59999847412109,55.46252692951909,-0.0024725098628551,DOWN
2026-05-20,2026-05-21,2542.TW,43.70000076293945,43.72611929236643,0.0005976780084892,UP
2026-05-20,2026-05-21,2543.TW,42.45000076293945,44.80129003149939,0.055389616638422,UP
2026-05-20,2026-05-21,2545.TW,37.34999847412109,37.39617046334861,0.0012361978879198,UP
2026-05-20,2026-05-21,2546.TW,84.4000015258789,84.41248362582276,0.0001478921767557,UP
2026-05-20,2026-05-21,2547.TW,10.0,10.002534039085733,0.000253403908573,UP
2026-05-20,2026-05-21,2548.TW,123.5,123.45835291655384,-0.0003372233477421,DOWN
2026-05-20,2026-05-21,2596.TWO,28.75,28.76480648657889,0.0005150082288309,UP
2026-05-20,2026-05-21,2597.TW,160.5,160.57620698456594,0.000474809872685,UP
2026-05-20,2026-05-21,2601.TW,4.949999809265137,4.944349427319856,-0.0011414913460612,DOWN
2026-05-20,2026-05-21,2603.TW,212.5,212.51201969853355,5.656328721670434e-05,UP
2026-05-20,2026-05-21,2605.TW,30.100000381469727,30.26886233300704,0.0056100315414369,UP
2026-05-20,2026-05-21,2606.TW,64.5,64.52633002781658,0.0004082174855284,UP
2026-05-20,2026-05-21,2607.TW,47.34999847412109,47.34858642812289,-2.982145815623704e-05,DOWN
2026-05-20,2026-05-21,2608.TW,29.049999237060547,29.06949818635197,0.0006712203030474,UP
2026-05-20,2026-05-21,2609.TW,50.29999923706055,50.36946190419254,0.0013809675583615,UP
2026-05-20,2026-05-21,2610.TW,18.200000762939453,18.213121891734744,0.0007209411123767,UP
2026-05-20,2026-05-21,2611.TW,12.949999809265137,12.96513357317719,0.0011686304351314,UP
2026-05-20,2026-05-21,2612.TW,54.79999923706055,54.88392781656734,0.0015315434429794,UP
2026-05-20,2026-05-21,2613.TW,21.549999237060547,21.55893776626549,0.0004147809522691,UP
2026-05-20,2026-05-21,2614.TW,18.14999961853028,18.1996704562605,0.0027366853319107,UP
2026-05-20,2026-05-21,2615.TW,81.0999984741211,81.40306171386266,0.0037369080819189,UP
2026-05-20,2026-05-21,2616.TW,13.649999618530272,13.66031023140238,0.0007553562754765,UP
2026-05-20,2026-05-21,2617.TW,28.799999237060547,28.81192785590952,0.0004141881654504,UP
2026-05-20,2026-05-21,2618.TW,34.29999923706055,34.328572208497285,0.0008330312557519,UP
2026-05-20,2026-05-21,2630.TW,42.75,42.84443858452141,0.0022090896964073,UP
2026-05-20,2026-05-21,2633.TW,25.850000381469727,25.855724153052208,0.0002214224950876,UP
2026-05-20,2026-05-21,2634.TW,45.59999847412109,45.61489304536007,0.0003266353451181,UP
2026-05-20,2026-05-21,2636.TW,64.80000305175781,64.88865833849005,0.001368137076497,UP
2026-05-20,2026-05-21,2637.TW,71.80000305175781,71.87649284611999,0.0010653174249454,UP
2026-05-20,2026-05-21,2640.TWO,164.0,163.80760811129585,-0.0011731212725862,DOWN
2026-05-20,2026-05-21,2641.TWO,17.549999237060547,17.556160042139457,0.0003510430396999,UP
2026-05-20,2026-05-21,2642.TW,20.350000381469727,20.368966098444524,0.0009319762466475,UP
2026-05-20,2026-05-21,2643.TWO,66.69999694824219,66.73517699972419,0.0005274370778352,UP
2026-05-20,2026-05-21,2645.TW,152.5,152.66849757434102,0.0011049021268263,UP
2026-05-20,2026-05-21,2646.TW,20.200000762939453,20.20247654379674,0.0001225634041475,UP
2026-05-20,2026-05-21,2701.TW,10.199999809265137,10.204875565933392,0.0004780153685715,UP
2026-05-20,2026-05-21,2702.TW,12.949999809265137,13.013268255302153,0.0048855943605303,UP
2026-05-20,2026-05-21,2704.TW,41.75,41.77815314338659,0.0006743267877027,UP
2026-05-20,2026-05-21,2705.TW,15.350000381469728,15.363806731722118,0.0008994364761747,UP
2026-05-20,2026-05-21,2706.TW,12.0,12.013851089403031,0.0011542574502527,UP
2026-05-20,2026-05-21,2707.TW,173.0,172.81017602654174,-0.0010972484014928,DOWN
2026-05-20,2026-05-21,2712.TW,14.949999809265137,15.024024369344987,0.0049514756537974,UP
2026-05-20,2026-05-21,2718.TWO,46.20000076293945,46.19651535207151,-7.54417924326382e-05,DOWN
2026-05-20,2026-05-21,2719.TWO,25.700000762939453,25.707617552452408,0.0002963731240015,UP
2026-05-20,2026-05-21,2722.TW,22.299999237060547,22.321067002445755,0.000944742874708,UP
2026-05-20,2026-05-21,2723.TW,63.09999847412109,63.21130735904197,0.0017640077276155,UP
2026-05-20,2026-05-21,2724.TWO,14.0,14.04198344796896,0.0029988177120685,UP
2026-05-20,2026-05-21,2726.TWO,9.359999656677246,9.37621109140247,0.0017319909529759,UP
2026-05-20,2026-05-21,2727.TW,234.5,234.5512565792669,0.0002185781631851,UP
2026-05-20,2026-05-21,2729.TWO,162.0,162.00493741251557,3.047785503440537e-05,UP
2026-05-20,2026-05-21,2731.TW,160.0,159.91619220003486,-0.0005237987497821,DOWN
2026-05-20,2026-05-21,2732.TWO,64.69999694824219,64.6552709534673,-0.0006912827957422,DOWN
2026-05-20,2026-05-21,2734.TWO,15.300000190734863,15.316051192269525,0.0010490850545465,UP
2026-05-20,2026-05-21,2736.TWO,11.850000381469728,11.86756942375892,0.0014826195547357,UP
2026-05-20,2026-05-21,2739.TW,34.54999923706055,34.54613951172079,-0.0001117141946451,DOWN
2026-05-20,2026-05-21,2740.TWO,36.650001525878906,36.68714361996194,0.0010134268086404,UP
2026-05-20,2026-05-21,2743.TWO,67.0999984741211,67.19481550900716,0.0014130705967546,UP
2026-05-20,2026-05-21,2745.TWO,101.0,101.02633177352254,0.000260710628936,UP
2026-05-20,2026-05-21,2748.TW,39.25,39.26469476700731,0.0003743889683391,UP
2026-05-20,2026-05-21,2751.TWO,51.70000076293945,51.69876829873829,-2.3838765628215853e-05,DOWN
2026-05-20,2026-05-21,2752.TWO,174.0,173.6982682524249,-0.0017340905033051,DOWN
2026-05-20,2026-05-21,2753.TW,173.0,173.16226699843537,0.0009379595285281,UP
2026-05-20,2026-05-21,2754.TWO,77.0,78.29180299863219,0.0167766623198986,UP
2026-05-20,2026-05-21,2755.TWO,132.5,132.55067108904768,0.0003824233135674,UP
2026-05-20,2026-05-21,2756.TWO,61.0,61.07160147174727,0.0011737946188077,UP
2026-05-20,2026-05-21,2762.TW,83.0999984741211,82.96838646116188,-0.0015837787650525,DOWN
2026-05-20,2026-05-21,2801.TW,20.350000381469727,20.3662533872024,0.0007986734854056,UP
2026-05-20,2026-05-21,2812.TW,18.89999961853028,18.907842818355448,0.0004149841261095,UP
2026-05-20,2026-05-21,2816.TW,31.299999237060547,31.307320448713096,0.0002339045313419,UP
2026-05-20,2026-05-21,2820.TW,16.850000381469727,16.8458142627087,-0.000248434342211,DOWN
2026-05-20,2026-05-21,2832.TW,53.59999847412109,53.609936944985485,0.0001854192378232,UP
2026-05-20,2026-05-21,2834.TW,16.049999237060547,16.06283091771597,0.0007994816987775,UP
2026-05-20,2026-05-21,2836.TW,11.800000190734863,11.808992915722614,0.0007620953256264,UP
2026-05-20,2026-05-21,2838.TW,20.049999237060547,20.07622623156376,0.0013080795761197,UP
2026-05-20,2026-05-21,2845.TW,11.949999809265137,11.951235065301736,0.0001033687076414,UP
2026-05-20,2026-05-21,2849.TW,13.149999618530272,13.154599697940716,0.0003498159348964,UP
2026-05-20,2026-05-21,2850.TW,138.5,138.60294746304862,0.0007433029823005,UP
2026-05-20,2026-05-21,2851.TW,34.900001525878906,34.92368444705434,0.000678593700286,UP
2026-05-20,2026-05-21,2852.TW,27.100000381469727,27.117075458258,0.0006300766253844,UP
2026-05-20,2026-05-21,2855.TW,39.20000076293945,39.20693190235863,0.0001768147776602,UP
2026-05-20,2026-05-21,2867.TW,7.699999809265137,7.6975091065897105,-0.000323467887938,DOWN
2026-05-20,2026-05-21,2880.TW,32.04999923706055,32.060394624333924,0.0003243490646126,UP
2026-05-20,2026-05-21,2881.TW,95.8000030517578,95.98204972646369,0.001900278381072,UP
2026-05-20,2026-05-21,2882.TW,77.9000015258789,77.96395444079076,0.0008209616644308,UP
2026-05-20,2026-05-21,2883.TW,21.600000381469727,21.60699656171041,0.0003238972276449,UP
2026-05-20,2026-05-21,2884.TW,31.700000762939453,31.69660047927429,-0.0001072644663508,DOWN
2026-05-20,2026-05-21,2885.TW,55.09999847412109,55.12348615144585,0.0004262736474629,UP
2026-05-20,2026-05-21,2886.TW,40.29999923706055,40.319198175042736,0.0004764004552271,UP
2026-05-20,2026-05-21,2887.TW,23.89999961853028,23.907020664143776,0.0002937676035798,UP
2026-05-20,2026-05-21,2889.TW,14.699999809265137,14.699598450169766,-2.730334017538249e-05,DOWN
2026-05-20,2026-05-21,2890.TW,29.799999237060547,29.79802521101771,-6.624248635492661e-05,DOWN
2026-05-20,2026-05-21,2891.TW,57.79999923706055,57.84855667627351,0.0008400941151194,UP
2026-05-20,2026-05-21,2892.TW,27.75,27.802884336852003,0.0019057418685406,UP
2026-05-20,2026-05-21,2897.TW,10.050000190734863,10.05388229611072,0.0003862791345454,UP
2026-05-20,2026-05-21,2901.TW,22.700000762939453,22.739002533741296,0.0017181396251544,UP
2026-05-20,2026-05-21,2903.TW,22.14999961853028,22.15366698308441,0.000165569508681,UP
2026-05-20,2026-05-21,2904.TW,14.100000381469728,14.135790427252362,0.0025383010506629,UP
2026-05-20,2026-05-21,2905.TW,13.350000381469728,13.35839572445963,0.0006288646254688,UP
2026-05-20,2026-05-21,2906.TW,12.800000190734863,12.78066010744363,-0.0015109439846127,DOWN
2026-05-20,2026-05-21,2908.TW,20.950000762939453,20.963724584926165,0.0006550750113092,UP
2026-05-20,2026-05-21,2910.TW,21.350000381469727,21.3861184198227,0.0016917113680392,UP
2026-05-20,2026-05-21,2911.TW,7.190000057220459,7.501675952433919,0.0433485247194767,UP
2026-05-20,2026-05-21,2912.TW,222.0,222.15236892190296,0.0006863464950583,UP
2026-05-20,2026-05-21,2913.TW,10.899999618530272,10.913776310353818,0.0012639167252928,UP
2026-05-20,2026-05-21,2915.TW,43.900001525878906,43.97563779772989,0.0017229218501597,UP
2026-05-20,2026-05-21,2916.TWO,47.79999923706055,47.82425666934277,0.0005074776709079,UP
2026-05-20,2026-05-21,2923.TW,20.549999237060547,20.78220277181221,0.011299442499876,UP
2026-05-20,2026-05-21,2924.TWO,16.0,15.848159566521645,-0.0094900270923972,DOWN
2026-05-20,2026-05-21,2926.TWO,36.900001525878906,36.90645131455135,0.0001747910137054,UP
2026-05-20,2026-05-21,2929.TW,5.170000076293945,5.192676160595667,0.0043860897421836,UP
2026-05-20,2026-05-21,2937.TWO,46.45000076293945,46.329609512166826,-0.0025918460451066,DOWN
2026-05-20,2026-05-21,2939.TW,22.950000762939453,22.97750751813348,0.0011985513847321,UP
2026-05-20,2026-05-21,2941.TWO,31.75,31.61214870016556,-0.0043417732231318,DOWN
2026-05-20,2026-05-21,2945.TW,40.650001525878906,40.68940837751799,0.0009694182081147,UP
2026-05-20,2026-05-21,2947.TWO,78.5,78.408016563626,-0.0011717635206878,DOWN
2026-05-20,2026-05-21,2948.TWO,35.29999923706055,35.515958090814095,0.0061178146861493,UP
2026-05-20,2026-05-21,2949.TWO,60.09999847412109,59.7606970462946,-0.0056456145830451,DOWN
2026-05-20,2026-05-21,3002.TW,16.649999618530273,16.692750138054425,0.0025675988290458,UP
2026-05-20,2026-05-21,3003.TW,59.0,59.07263166166376,0.0012310451129451,UP
2026-05-20,2026-05-21,3004.TW,123.0,122.54138054070064,-0.0037286134902387,DOWN
2026-05-20,2026-05-21,3005.TW,98.5,98.49356556965722,-6.5324165916536e-05,DOWN
2026-05-20,2026-05-21,3006.TW,222.5,222.11454355623573,-0.0017323885113,DOWN
2026-05-20,2026-05-21,3008.TW,3200.0,3165.001341700554,-0.0109370807185769,DOWN
2026-05-20,2026-05-21,3010.TW,129.0,129.01939105521888,0.0001503182575106,UP
2026-05-20,2026-05-21,3011.TW,13.050000190734863,13.038773797771492,-0.0008602599846198,DOWN
2026-05-20,2026-05-21,3013.TW,98.5,98.72209632629529,0.0022547850385308,UP
2026-05-20,2026-05-21,3014.TW,138.0,138.00421245596954,3.052504325751215e-05,UP
2026-05-20,2026-05-21,3015.TW,50.70000076293945,50.755275009309976,0.001090221805498,UP
2026-05-20,2026-05-21,3016.TW,105.0,104.53353975433856,-0.0044424785301089,DOWN
2026-05-20,2026-05-21,3017.TW,2340.0,2341.32496099337,0.0005662226467393,UP
2026-05-20,2026-05-21,3018.TW,9.31999969482422,9.373831784992786,0.0057759755291044,UP
2026-05-20,2026-05-21,3019.TW,153.5,153.9339795052074,0.0028272280469536,UP
2026-05-20,2026-05-21,3021.TW,17.0,17.00484671711456,0.0002851010067388,UP
2026-05-20,2026-05-21,3022.TW,68.0999984741211,68.19997864278928,0.0014681376051157,UP
2026-05-20,2026-05-21,3023.TW,303.5,305.1930871119257,0.0055785407312214,UP
2026-05-20,2026-05-21,3024.TW,17.799999237060547,17.832930043814184,0.0018500454025342,UP
2026-05-20,2026-05-21,3025.TW,59.20000076293945,59.25334381222553,0.0009010650101118,UP
2026-05-20,2026-05-21,3026.TW,394.5,401.7618173053488,0.0184076484292745,UP
2026-05-20,2026-05-21,3027.TW,17.200000762939453,17.24920866186141,0.0028609242290258,UP
2026-05-20,2026-05-21,3028.TW,84.4000015258789,84.86859496356593,0.0055520548485219,UP
2026-05-20,2026-05-21,3029.TW,94.5,94.58495232395944,0.0008989663911052,UP
2026-05-20,2026-05-21,3030.TW,347.0,348.8577941376716,0.0053538735955953,UP
2026-05-20,2026-05-21,3031.TW,30.549999237060547,30.38522268139617,-0.0053936680778861,DOWN
2026-05-20,2026-05-21,3032.TW,76.0,76.40892190113664,0.0053805513307452,UP
2026-05-20,2026-05-21,3033.TW,51.400001525878906,51.789880315612606,0.0075851902365684,UP
2026-05-20,2026-05-21,3034.TW,472.5,473.9988678821828,0.0031722071580588,UP
2026-05-20,2026-05-21,3035.TW,189.5,189.9569596321089,0.0024113964755088,UP
2026-05-20,2026-05-21,3036.TW,279.0,279.3800899857888,0.0013623296981677,UP
2026-05-20,2026-05-21,3037.TW,823.0,825.0431806030683,0.0024826009757816,UP
2026-05-20,2026-05-21,3038.TW,22.200000762939453,22.22419757053059,0.0010899462504311,UP
2026-05-20,2026-05-21,3040.TW,40.04999923706055,40.086309898887215,0.0009066332713701,UP
2026-05-20,2026-05-21,3041.TW,23.600000381469727,23.567426385390245,-0.001380254048854,DOWN
2026-05-20,2026-05-21,3042.TW,148.0,147.56830993387848,-0.0029168247710913,DOWN
2026-05-20,2026-05-21,3043.TW,21.600000381469727,22.03197463023617,0.0199988074600696,UP
2026-05-20,2026-05-21,3044.TW,462.5,464.030442351941,0.0033090645447373,UP
2026-05-20,2026-05-21,3045.TW,115.0,115.07523375359597,0.0006542065530084,UP
2026-05-20,2026-05-21,3046.TW,51.29999923706055,51.32811168049912,0.0005480008549057,UP
2026-05-20,2026-05-21,3047.TW,14.199999809265137,14.21189546533016,0.0008377222693525,UP
2026-05-20,2026-05-21,3048.TW,61.70000076293945,63.97081528580742,0.036804124712944,UP
2026-05-20,2026-05-21,3049.TW,11.899999618530272,11.91906162360113,0.0016018492169677,UP
2026-05-20,2026-05-21,3050.TW,11.800000190734863,11.804422114098442,0.0003747392620425,UP
2026-05-20,2026-05-21,3051.TW,24.850000381469727,24.865493235069785,0.0006234548636711,UP
2026-05-20,2026-05-21,3052.TW,10.449999809265137,10.454729661785931,0.0004526174743659,UP
2026-05-20,2026-05-21,3054.TW,66.5999984741211,66.87924507468041,0.0041928919963538,UP
2026-05-20,2026-05-21,3055.TW,112.0,110.43404011428356,-0.0139817846938967,DOWN
2026-05-20,2026-05-21,3056.TW,13.75,13.753086450105911,0.0002244690986117,UP
2026-05-20,2026-05-21,3057.TW,18.25,18.334045030060224,0.0046052071265876,UP
2026-05-20,2026-05-21,3058.TW,8.0600004196167,8.063880177979597,0.0004813595733139,UP
2026-05-20,2026-05-21,3059.TW,42.5,42.54826888412936,0.0011357384501025,UP
2026-05-20,2026-05-21,3060.TW,26.600000381469727,26.64064348181788,0.001527936081402,UP
2026-05-20,2026-05-21,3062.TW,28.0,27.97984543349594,-0.0007198059465736,DOWN
2026-05-20,2026-05-21,3066.TWO,20.75,21.103525104001164,0.0170373544096946,UP
2026-05-20,2026-05-21,3067.TWO,17.299999237060547,17.31187562491407,0.0006864964379929,UP
2026-05-20,2026-05-21,3071.TWO,29.100000381469727,29.12733501098445,0.0009393343352713,UP
2026-05-20,2026-05-21,3073.TWO,20.299999237060547,20.320493405042647,0.0010095649631693,UP
2026-05-20,2026-05-21,3078.TWO,52.20000076293945,52.25163045100425,0.0009890744695439,UP
2026-05-20,2026-05-21,3081.TWO,2580.0,2612.272793557495,0.0125088347122073,UP
2026-05-20,2026-05-21,3083.TWO,28.0,28.02698173560202,0.0009636334143579,UP
2026-05-20,2026-05-21,3085.TWO,12.0,11.98491816362366,-0.0012568196980282,DOWN
2026-05-20,2026-05-21,3086.TWO,36.59999847412109,36.61458567223465,0.0003985573421232,UP
2026-05-20,2026-05-21,3088.TWO,135.0,135.3891297604423,0.0028824426699429,UP
2026-05-20,2026-05-21,3090.TW,178.5,179.7444698328618,0.0069718197919428,UP
2026-05-20,2026-05-21,3092.TW,28.100000381469727,28.16911523033162,0.0024596031289547,UP
2026-05-20,2026-05-21,3093.TWO,47.79999923706055,47.88321353716205,0.0017408849671483,UP
2026-05-20,2026-05-21,3094.TW,36.29999923706055,36.46345473826976,0.0045029064640401,UP
2026-05-20,2026-05-21,3095.TWO,47.75,47.76760996582016,0.00036879509571,UP
2026-05-20,2026-05-21,3105.TWO,446.5,446.7897103263531,0.0006488473154604,UP
2026-05-20,2026-05-21,3114.TWO,27.100000381469727,27.091475520072763,-0.0003145705268252,DOWN
2026-05-20,2026-05-21,3115.TWO,8.680000305175781,8.735720676783014,0.0064193974249064,UP
2026-05-20,2026-05-21,3118.TWO,33.349998474121094,33.38864480485921,0.0011588105699047,UP
2026-05-20,2026-05-21,3122.TWO,35.29999923706055,35.25362429279016,-0.0013137378264218,DOWN
2026-05-20,2026-05-21,3128.TWO,23.39999961853028,23.77780251185116,0.0161454230546951,UP
2026-05-20,2026-05-21,3130.TW,221.5,221.6487558654626,0.0006715840427204,UP
2026-05-20,2026-05-21,3131.TWO,2580.0,2579.065507873893,-0.0003622062504291,DOWN
2026-05-20,2026-05-21,3135.TW,190.5,192.12233590101823,0.0085161989554762,UP
2026-05-20,2026-05-21,3138.TW,163.0,162.49331123009324,-0.0031085200607776,DOWN
2026-05-20,2026-05-21,3141.TWO,64.9000015258789,64.6337922646008,-0.0041018375195562,DOWN
2026-05-20,2026-05-21,3147.TWO,178.5,178.45035798236495,-0.0002781065413728,DOWN
2026-05-20,2026-05-21,3149.TW,56.0,55.94267832208425,-0.0010236013913527,DOWN
2026-05-20,2026-05-21,3150.TW,18.200000762939453,18.22726472211273,0.0014980196719989,UP
2026-05-20,2026-05-21,3152.TWO,164.0,164.1826712922193,0.0011138493428006,UP
2026-05-20,2026-05-21,3158.TWO,85.0999984741211,85.14831554507931,0.0005677681765518,UP
2026-05-20,2026-05-21,3162.TWO,85.0999984741211,84.79576921088828,-0.0035749620292335,DOWN
2026-05-20,2026-05-21,3163.TWO,952.0,956.5703888647258,0.0048008286394178,UP
2026-05-20,2026-05-21,3164.TW,17.0,17.00629555314663,0.000370326655684,UP
2026-05-20,2026-05-21,3167.TW,780.0,771.3943068869412,-0.0110329398885369,DOWN
2026-05-20,2026-05-21,3168.TW,45.0,45.05044220946729,0.001120937988162,UP
2026-05-20,2026-05-21,3169.TWO,113.5,113.4625496234803,-0.0003299592644907,DOWN
2026-05-20,2026-05-21,3171.TWO,66.80000305175781,66.84544069760376,0.0006802042480558,UP
2026-05-20,2026-05-21,3176.TWO,37.25,37.413216519285925,0.0043816515244543,UP
2026-05-20,2026-05-21,3178.TWO,65.5999984741211,65.53304648368821,-0.0010206096339971,DOWN
2026-05-20,2026-05-21,3188.TWO,24.350000381469727,24.35597431474207,0.0002453360648359,UP
2026-05-20,2026-05-21,3189.TW,504.0,505.5438940096647,0.0030632817652076,UP
2026-05-20,2026-05-21,3191.TWO,14.800000190734863,14.797587280002526,-0.0001630345068405,DOWN
2026-05-20,2026-05-21,3205.TWO,53.900001525878906,53.90308873668191,5.727663665315839e-05,UP
2026-05-20,2026-05-21,3206.TWO,37.79999923706055,37.799408399995365,-1.5630610505491526e-05,DOWN
2026-05-20,2026-05-21,3207.TWO,58.09999847412109,58.008912505587645,-0.0015677447663619,DOWN
2026-05-20,2026-05-21,3209.TW,78.0,78.226402326487,0.0029025939293205,UP
2026-05-20,2026-05-21,3211.TWO,347.0,347.84069360233843,0.0024227481335401,UP
2026-05-20,2026-05-21,3213.TWO,115.0,115.0549333478557,0.0004776812857016,UP
2026-05-20,2026-05-21,3217.TWO,188.5,187.9880872006761,-0.0027157177682965,DOWN
2026-05-20,2026-05-21,3218.TWO,128.5,128.6690417805803,0.0013155002379789,UP
2026-05-20,2026-05-21,3219.TWO,82.0999984741211,82.06146927987297,-0.0004692959191743,DOWN
2026-05-20,2026-05-21,3221.TWO,47.900001525878906,48.07870404125419,0.0037307413294911,UP
2026-05-20,2026-05-21,3224.TWO,41.20000076293945,41.39333059586964,0.0046924715861678,UP
2026-05-20,2026-05-21,3226.TWO,39.75,39.82244284887565,0.0018224616069346,UP
2026-05-20,2026-05-21,3227.TWO,223.5,223.61309079435887,0.0005059990799054,UP
2026-05-20,2026-05-21,3228.TWO,198.0,200.629745291546,0.0132815418764948,UP
2026-05-20,2026-05-21,3229.TW,37.79999923706055,39.1543109143613,0.0358283519744873,UP
2026-05-20,2026-05-21,3230.TWO,32.25,32.25881373775337,0.0002732941939029,UP
2026-05-20,2026-05-21,3231.TW,132.5,132.66306984005496,0.0012307157739996,UP
2026-05-20,2026-05-21,3232.TWO,20.549999237060547,20.5635850610319,0.0006611106800847,UP
2026-05-20,2026-05-21,3234.TWO,97.0,97.30976026155986,0.003193404758349,UP
2026-05-20,2026-05-21,3236.TWO,43.900001525878906,43.71698310083666,-0.0041689844802021,DOWN
2026-05-20,2026-05-21,3252.TWO,17.799999237060547,17.80987599514932,0.0005548740737139,UP
2026-05-20,2026-05-21,3257.TW,54.70000076293945,54.7342413296984,0.0006259701331146,UP
2026-05-20,2026-05-21,3259.TWO,16.149999618530273,16.178652611402374,0.0017741791671142,UP
2026-05-20,2026-05-21,3260.TWO,405.5,407.0159037582344,0.0037383569870144,UP
2026-05-20,2026-05-21,3264.TWO,206.5,207.21678854548367,0.0034711309708654,UP
2026-05-20,2026-05-21,3265.TWO,170.5,170.38684625763565,-0.0006636583129875,DOWN
2026-05-20,2026-05-21,3266.TW,12.149999618530272,12.16710093544538,0.0014075158396735,UP
2026-05-20,2026-05-21,3268.TWO,17.149999618530273,17.158791346279926,0.0005126371979713,UP
2026-05-20,2026-05-21,3272.TWO,17.350000381469727,17.373772941208422,0.0013701763236896,UP
2026-05-20,2026-05-21,3276.TWO,14.0,13.99333274748642,-0.0004762323223985,DOWN
2026-05-20,2026-05-21,3284.TWO,16.899999618530273,17.08459121680456,0.01092258002609,UP
2026-05-20,2026-05-21,3285.TWO,28.5,28.515952955000103,0.0005597528070211,UP
2026-05-20,2026-05-21,3287.TWO,31.200000762939453,31.210363350037564,0.0003321341937407,UP
2026-05-20,2026-05-21,3288.TWO,15.0,14.996585123590194,-0.0002276584273204,DOWN
2026-05-20,2026-05-21,3289.TWO,160.5,160.74988777202088,0.0015569331590086,UP
2026-05-20,2026-05-21,3290.TWO,46.54999923706055,46.59292992683255,0.0009222489898092,UP
2026-05-20,2026-05-21,3293.TWO,728.0,728.2155152778141,0.0002960374695248,UP
2026-05-20,2026-05-21,3294.TWO,40.5,39.88813393888995,-0.0151078039780259,DOWN
2026-05-20,2026-05-21,3296.TW,19.39999961853028,19.45242145452016,0.002702156547457,UP
2026-05-20,2026-05-21,3297.TWO,30.299999237060547,30.35341514912977,0.0017629014328122,UP
2026-05-20,2026-05-21,3303.TWO,47.900001525878906,47.931987394154135,0.0006677634082735,UP
2026-05-20,2026-05-21,3305.TW,135.0,134.60235055885278,-0.0029455514159053,DOWN
2026-05-20,2026-05-21,3306.TWO,44.84999847412109,44.86075345120269,0.000239798828261,UP
2026-05-20,2026-05-21,3308.TW,19.549999237060547,19.58941857620209,0.002016334561631,UP
2026-05-20,2026-05-21,3310.TWO,68.9000015258789,68.89558690062596,-6.407293403746195e-05,DOWN
2026-05-20,2026-05-21,3311.TW,31.5,31.51283775773481,0.0004075478645972,UP
2026-05-20,2026-05-21,3312.TW,45.75,45.770448561590456,0.0004469630948733,UP
2026-05-20,2026-05-21,3313.TWO,11.899999618530272,11.85108874596983,-0.0041101574897766,DOWN
2026-05-20,2026-05-21,3317.TWO,72.5,72.13786516105756,-0.0049949632957577,DOWN
2026-05-20,2026-05-21,3321.TW,15.300000190734863,15.329966635933255,0.001958591165021,UP
2026-05-20,2026-05-21,3322.TWO,12.300000190734863,12.31937229728564,0.0015749679878353,UP
2026-05-20,2026-05-21,3323.TWO,34.45000076293945,34.44158669625605,-0.0002442399563732,DOWN
2026-05-20,2026-05-21,3324.TWO,939.0,946.4982364140452,0.0079853422939777,UP
2026-05-20,2026-05-21,3325.TWO,11.800000190734863,11.820646379686272,0.0017496770014986,UP
2026-05-20,2026-05-21,3332.TWO,63.59999847412109,63.72742444762715,0.002003553090617,UP
2026-05-20,2026-05-21,3338.TW,72.5,72.36567631975049,-0.0018527404172345,DOWN
2026-05-20,2026-05-21,3339.TWO,47.5,47.12179055204615,-0.0079623041674494,DOWN
2026-05-20,2026-05-21,3346.TW,16.049999237060547,16.049393244604172,-3.77565411327728e-05,DOWN
2026-05-20,2026-05-21,3349.TWO,19.0,19.06306164828129,0.0033190341200679,UP
2026-05-20,2026-05-21,3354.TWO,31.75,31.73849797131697,-0.0003622686199378,DOWN
2026-05-20,2026-05-21,3356.TW,60.09999847412109,60.09622410032221,-6.280156230788386e-05,DOWN
2026-05-20,2026-05-21,3357.TWO,231.0,234.15521058999,0.013658920302987,UP
2026-05-20,2026-05-21,3360.TWO,14.350000381469728,14.322455907305734,-0.0019194755004719,DOWN
2026-05-20,2026-05-21,3362.TWO,113.5,112.7145288833417,-0.0069204503670334,DOWN
2026-05-20,2026-05-21,3363.TWO,777.0,776.5697740401956,-0.0005537013639695,DOWN
2026-05-20,2026-05-21,3372.TWO,19.049999237060547,19.057004489071847,0.0003677297791,UP
2026-05-20,2026-05-21,3373.TWO,17.049999237060547,17.04956370069988,-2.554465572754536e-05,DOWN
2026-05-20,2026-05-21,3374.TWO,231.0,230.4562683287077,-0.0023538167588412,DOWN
2026-05-20,2026-05-21,3376.TW,202.5,202.5014115846693,6.970788490434643e-06,UP
2026-05-20,2026-05-21,3379.TWO,40.54999923706055,40.67048126422194,0.0029711967799811,UP
2026-05-20,2026-05-21,3380.TW,32.25,32.21399955396191,-0.0011162929004058,DOWN
2026-05-20,2026-05-21,3388.TWO,92.8000030517578,93.13394151161562,0.0035984746646136,UP
2026-05-20,2026-05-21,3390.TWO,27.0,26.919147598324344,-0.0029945333953946,DOWN
2026-05-20,2026-05-21,3402.TWO,131.5,131.69408545078477,0.0014759349869564,UP
2026-05-20,2026-05-21,3406.TW,550.0,548.4564375132322,-0.0028064772486686,DOWN
2026-05-20,2026-05-21,3413.TW,314.0,313.86866478057345,-0.0004182650300208,DOWN
2026-05-20,2026-05-21,3416.TW,166.5,166.8502263261471,0.0021034614183008,UP
2026-05-20,2026-05-21,3419.TW,13.850000381469728,13.861350229604904,0.0008194835972972,UP
2026-05-20,2026-05-21,3430.TWO,158.5,159.536841457244,0.0065415864810347,UP
2026-05-20,2026-05-21,3432.TW,18.799999237060547,18.82572567363175,0.0013684275327251,UP
2026-05-20,2026-05-21,3434.TWO,28.25,28.254854978291405,0.0001718576386338,UP
2026-05-20,2026-05-21,3437.TW,23.950000762939453,23.954454234319552,0.0001859486947069,UP
2026-05-20,2026-05-21,3438.TWO,67.30000305175781,66.86539001775806,-0.0064578456804156,DOWN
2026-05-20,2026-05-21,3441.TWO,48.150001525878906,48.25898308486987,0.0022633760236204,UP
2026-05-20,2026-05-21,3443.TW,4605.0,4635.000502886251,0.0065147671848535,UP
2026-05-20,2026-05-21,3444.TWO,89.5,88.91966666188091,-0.0064841713756322,DOWN
2026-05-20,2026-05-21,3447.TW,36.29999923706055,36.25714735751232,-0.0011804925743489,DOWN
2026-05-20,2026-05-21,3450.TW,413.5,418.85894920211285,0.012959973886609,UP
2026-05-20,2026-05-21,3455.TWO,284.0,285.82199071347713,0.0064154602587223,UP
2026-05-20,2026-05-21,3465.TWO,26.75,26.7754808691534,0.0009525558562017,UP
2026-05-20,2026-05-21,3466.TWO,34.599998474121094,34.87800277363115,0.0080348066985607,UP
2026-05-20,2026-05-21,3467.TWO,60.900001525878906,60.47149901792588,-0.0070361657999456,DOWN
2026-05-20,2026-05-21,3479.TWO,110.5,111.62790953973308,0.0102073261514306,UP
2026-05-20,2026-05-21,3481.TW,36.95000076293945,36.82695064544391,-0.0033301790244876,DOWN
2026-05-20,2026-05-21,3483.TWO,86.5999984741211,86.6536533533804,0.0006195713649503,UP
2026-05-20,2026-05-21,3484.TWO,44.09999847412109,44.14332400813267,0.0009824384469539,UP
2026-05-20,2026-05-21,3489.TWO,21.950000762939453,21.95238138146322,0.0001084564210032,UP
2026-05-20,2026-05-21,3490.TWO,37.0,36.778961626347154,-0.0059740100987255,DOWN
2026-05-20,2026-05-21,3491.TWO,1755.0,1758.872971662786,0.0022068214602768,UP
2026-05-20,2026-05-21,3492.TWO,22.049999237060547,22.07155530333324,0.0009775994112714,UP
2026-05-20,2026-05-21,3494.TW,7.559999942779541,7.563269909239304,0.0004325352492742,UP
2026-05-20,2026-05-21,3498.TWO,143.5,143.29216980648926,-0.0014482940314337,DOWN
2026-05-20,2026-05-21,3499.TWO,14.699999809265137,14.701465241735326,9.968928497981396e-05,UP
2026-05-20,2026-05-21,3501.TW,39.95000076293945,40.2071751539116,0.0064374064095317,UP
2026-05-20,2026-05-21,3504.TW,82.30000305175781,82.42066861344905,0.0014661671593785,UP
2026-05-20,2026-05-21,3508.TWO,19.89999961853028,19.80188798137888,-0.0049302331171929,DOWN
2026-05-20,2026-05-21,3511.TWO,19.549999237060547,19.611772474994908,0.0031597565393894,UP
2026-05-20,2026-05-21,3512.TWO,20.299999237060547,20.297499059541693,-0.0001231614587595,DOWN
2026-05-20,2026-05-21,3515.TW,219.0,219.07721374809623,0.0003525741922203,UP
2026-05-20,2026-05-21,3516.TWO,23.0,22.89348528394476,-0.0046310746110975,DOWN
2026-05-20,2026-05-21,3518.TW,32.20000076293945,32.221798415800606,0.0006769457249901,UP
2026-05-20,2026-05-21,3520.TWO,15.100000381469728,15.096070005138998,-0.0002602898166515,DOWN
2026-05-20,2026-05-21,3521.TWO,13.100000381469728,13.107903161752828,0.0006032656528986,UP
2026-05-20,2026-05-21,3522.TWO,12.399999618530272,12.40855434524586,0.0006898973369971,UP
2026-05-20,2026-05-21,3523.TWO,9.989999771118164,10.035283735884342,0.0045329295098781,UP
2026-05-20,2026-05-21,3526.TWO,355.5,355.96801852737553,0.0013165078125894,UP
2026-05-20,2026-05-21,3527.TWO,56.59999847412109,56.714885564590205,0.0020298073068261,UP
2026-05-20,2026-05-21,3528.TW,82.9000015258789,82.99983823677583,0.0012043028837069,UP
2026-05-20,2026-05-21,3529.TWO,3385.0,3372.394043429522,-0.0037240639794617,DOWN
2026-05-20,2026-05-21,3530.TW,65.5999984741211,65.72631847993013,0.0019256098894402,UP
2026-05-20,2026-05-21,3531.TWO,23.350000381469727,23.334856524193288,-0.0006485591875388,DOWN
2026-05-20,2026-05-21,3532.TW,205.5,205.23857251211305,-0.0012721532257273,DOWN
2026-05-20,2026-05-21,3533.TW,2360.0,2369.737244024873,0.0041259508579969,UP
2026-05-20,2026-05-21,3535.TW,122.0,123.25415080226958,0.010279924608767,UP
2026-05-20,2026-05-21,3537.TWO,57.79999923706055,58.78643598856332,0.0170663800090551,UP
2026-05-20,2026-05-21,3540.TWO,25.299999237060547,25.33705108237945,0.0014644998591392,UP
2026-05-20,2026-05-21,3541.TWO,22.950000762939453,22.951027745054613,4.474867455423749e-05,UP
2026-05-20,2026-05-21,3543.TW,35.150001525878906,35.22264253201281,0.0020666003692894,UP
2026-05-20,2026-05-21,3545.TW,57.400001525878906,57.44814843576102,0.0008387963171117,UP
2026-05-20,2026-05-21,3546.TWO,81.30000305175781,81.34186087580709,0.0005148563650437,UP
2026-05-20,2026-05-21,3548.TWO,94.3000030517578,94.48596725737396,0.0019720487762242,UP
2026-05-20,2026-05-21,3550.TW,19.950000762939453,19.975688834993463,0.001287622610107,UP
2026-05-20,2026-05-21,3551.TWO,193.0,193.3739312702092,0.0019374677212908,UP
2026-05-20,2026-05-21,3552.TWO,51.59999847412109,51.63360106047061,0.0006512129330076,UP
2026-05-20,2026-05-21,3555.TWO,195.0,195.9270990779624,0.0047543542459607,UP
2026-05-20,2026-05-21,3556.TWO,51.59999847412109,51.49324335548065,-0.0020688977092504,DOWN
2026-05-20,2026-05-21,3557.TW,24.64999961853028,24.69920302236677,0.0019960813224315,UP
2026-05-20,2026-05-21,3558.TWO,117.5,117.32889246137348,-0.0014562343712896,DOWN
2026-05-20,2026-05-21,3563.TW,849.0,848.0263948686188,-0.0011467669392004,DOWN
2026-05-20,2026-05-21,3564.TWO,40.20000076293945,40.21648371592596,0.0004100236983503,UP
2026-05-20,2026-05-21,3567.TWO,27.25,27.294232917483896,0.0016232263296842,UP
2026-05-20,2026-05-21,3570.TWO,171.5,171.50569477361023,3.320567702758126e-05,UP
2026-05-20,2026-05-21,3576.TW,17.549999237060547,17.489849162027415,-0.0034273548517376,DOWN
2026-05-20,2026-05-21,3577.TWO,134.0,134.36983707547188,0.0027599781751632,UP
2026-05-20,2026-05-21,3580.TWO,99.9000015258789,98.86359552424636,-0.0103744342923164,DOWN
2026-05-20,2026-05-21,3581.TWO,205.0,201.17079498246312,-0.0186790488660335,DOWN
2026-05-20,2026-05-21,3583.TW,826.0,825.6682465215563,-0.0004016385937575,DOWN
2026-05-20,2026-05-21,3587.TWO,321.5,322.0448149794247,0.001694603357464,UP
2026-05-20,2026-05-21,3588.TW,60.20000076293945,60.25557031403872,0.0009230822324752,UP
2026-05-20,2026-05-21,3591.TW,25.89999961853028,25.895065601635643,-0.0001905025856103,DOWN
2026-05-20,2026-05-21,3592.TW,256.0,256.3693187534809,0.0014426513807848,UP
2026-05-20,2026-05-21,3593.TW,17.950000762939453,17.886918479992133,-0.0035143331624566,DOWN
2026-05-20,2026-05-21,3594.TWO,48.45000076293945,48.95102058730211,0.010340966284275,UP
2026-05-20,2026-05-21,3596.TW,181.5,181.64027385020745,0.0007728586788289,UP
2026-05-20,2026-05-21,3597.TWO,27.25,27.15017220529262,-0.0036634053103625,DOWN
2026-05-20,2026-05-21,3605.TW,80.30000305175781,80.32149839045798,0.0002676878939382,UP
2026-05-20,2026-05-21,3607.TW,14.199999809265137,14.19683159904852,-0.0002231133985333,DOWN
2026-05-20,2026-05-21,3609.TWO,29.049999237060547,29.026937445634704,-0.0007938654744066,DOWN
2026-05-20,2026-05-21,3611.TWO,187.5,187.5173672419805,9.26252905628644e-05,UP
2026-05-20,2026-05-21,3615.TWO,42.25,41.99599082977511,-0.0060120513662695,DOWN
2026-05-20,2026-05-21,3617.TW,188.5,188.71213912032545,0.001125406473875,UP
2026-05-20,2026-05-21,3622.TW,53.70000076293945,53.72325907302304,0.0004331156378611,UP
2026-05-20,2026-05-21,3623.TWO,22.89999961853028,22.91347347041267,0.0005883778212592,UP
2026-05-20,2026-05-21,3624.TWO,90.0,89.23443376086652,-0.0085062915459275,DOWN
2026-05-20,2026-05-21,3625.TWO,14.399999618530272,14.39867594621624,-9.192169090961236e-05,DOWN
2026-05-20,2026-05-21,3628.TWO,61.900001525878906,62.02944508523324,0.0020911721512675,UP
2026-05-20,2026-05-21,3630.TWO,26.75,26.75048116865628,1.7987613318837248e-05,UP
2026-05-20,2026-05-21,3631.TWO,38.04999923706055,38.03516334301446,-0.0003899052389897,DOWN
2026-05-20,2026-05-21,3632.TWO,7.579999923706055,7.589058643222879,0.0011950817424804,UP
2026-05-20,2026-05-21,3645.TW,103.0,102.65524567919783,-0.0033471293281763,DOWN
2026-05-20,2026-05-21,3646.TWO,23.14999961853028,23.171349445131263,0.0009222387452609,UP
2026-05-20,2026-05-21,3652.TW,29.299999237060547,29.3008434079324,2.881129330484669e-05,UP
2026-05-20,2026-05-21,3653.TW,3030.0,3088.855489846319,0.0194242540746927,UP
2026-05-20,2026-05-21,3661.TW,4600.0,4652.899408899248,0.0114998714998364,UP
2026-05-20,2026-05-21,3663.TWO,78.5999984741211,78.77303506223772,0.0022014833521097,UP
2026-05-20,2026-05-21,3664.TWO,8.229999542236328,8.382555209890867,0.0185365341603755,UP
2026-05-20,2026-05-21,3665.TW,1965.0,1964.049760569324,-0.0004835824074689,DOWN
2026-05-20,2026-05-21,3666.TWO,26.75,26.79445385595318,0.001661826390773,UP
2026-05-20,2026-05-21,3669.TW,36.54999923706055,36.611318437796456,0.0016776799457148,UP
2026-05-20,2026-05-21,3672.TWO,11.100000381469728,11.103825042359423,0.0003445640322752,UP
2026-05-20,2026-05-21,3673.TW,71.69999694824219,71.79472187934064,0.001321128802374,UP
2026-05-20,2026-05-21,3675.TWO,311.5,318.4629156962037,0.022352859377861,UP
2026-05-20,2026-05-21,3679.TW,117.5,117.62303370953305,0.0010470954002812,UP
2026-05-20,2026-05-21,3680.TWO,506.0,507.9028386222199,0.0037605506367981,UP
2026-05-20,2026-05-21,3684.TWO,60.59999847412109,60.66775035268462,0.0011180178262292,UP
2026-05-20,2026-05-21,3685.TWO,26.950000762939453,26.993577084334884,0.001616932102479,UP
2026-05-20,2026-05-21,3686.TW,16.700000762939453,16.74105992297559,0.0024586322251706,UP
2026-05-20,2026-05-21,3687.TWO,69.80000305175781,69.73011445803013,-0.0010012692073359,DOWN
2026-05-20,2026-05-21,3689.TWO,118.5,118.92347689380404,0.0035736446734517,UP
2026-05-20,2026-05-21,3691.TWO,139.0,139.53996933693998,0.0038846714887768,UP
2026-05-20,2026-05-21,3693.TWO,504.0,510.0691351220012,0.0120419347658753,UP
2026-05-20,2026-05-21,3694.TW,71.19999694824219,71.89364735416741,0.0097422813996672,UP
2026-05-20,2026-05-21,3701.TW,51.400001525878906,51.91538425407193,0.0100269010290503,UP
2026-05-20,2026-05-21,3702.TW,119.0,120.81329397019,0.015237764455378,UP
2026-05-20,2026-05-21,3703.TW,20.100000381469727,20.10681158696946,0.0003388659388291,UP
2026-05-20,2026-05-21,3704.TW,38.70000076293945,38.6789133661635,-0.0005448939627967,DOWN
2026-05-20,2026-05-21,3705.TW,55.79999923706055,55.84534119036685,0.0008125798194669,UP
2026-05-20,2026-05-21,3706.TW,80.30000305175781,80.38886097275049,0.0011065743165091,UP
2026-05-20,2026-05-21,3707.TWO,72.80000305175781,72.82267263470719,0.0003113953571301,UP
2026-05-20,2026-05-21,3708.TW,119.0,118.97349162690809,-0.0002227594377472,DOWN
2026-05-20,2026-05-21,3709.TWO,83.4000015258789,83.46353541235266,0.0007617971859872,UP
2026-05-20,2026-05-21,3710.TWO,6.170000076293945,6.178782111136569,0.0014233443653211,UP
2026-05-20,2026-05-21,3711.TW,476.0,478.84590786136687,0.0059787980280816,UP
2026-05-20,2026-05-21,3712.TW,14.949999809265137,14.909607888086072,-0.0027018007822335,DOWN
2026-05-20,2026-05-21,3713.TWO,13.0,13.04977646493353,0.0038289588410407,UP
2026-05-20,2026-05-21,3714.TW,67.4000015258789,67.35368968278563,-0.0006871193181723,DOWN
2026-05-20,2026-05-21,3715.TW,161.0,161.5249707933981,0.0032606881577521,UP
2026-05-20,2026-05-21,3716.TW,34.25,34.27069928267156,0.0006043586181476,UP
2026-05-20,2026-05-21,3717.TW,23.049999237060547,23.038301697347297,-0.0005074854707345,DOWN
2026-05-20,2026-05-21,4102.TWO,17.0,17.00331098845345,0.0001947640266735,UP
2026-05-20,2026-05-21,4104.TW,70.5999984741211,70.48476527365781,-0.001632198342122,DOWN
2026-05-20,2026-05-21,4105.TWO,74.0,74.03219595883274,0.0004350805247668,UP
2026-05-20,2026-05-21,4106.TW,23.049999237060547,23.04487914856794,-0.00022212965996,DOWN
2026-05-20,2026-05-21,4107.TWO,116.5,116.49593965503664,-3.485274646664038e-05,DOWN
2026-05-20,2026-05-21,4108.TW,12.0,11.980706939008089,-0.0016077550826594,DOWN
2026-05-20,2026-05-21,4109.TWO,11.800000190734863,11.78782955451288,-0.0010314098326489,DOWN
2026-05-20,2026-05-21,4111.TWO,30.350000381469727,30.33751266831407,-0.000411456770962,DOWN
2026-05-20,2026-05-21,4113.TWO,15.0,15.019976628245786,0.0013317752163857,UP
2026-05-20,2026-05-21,4114.TWO,30.64999961853028,30.648623910675663,-4.488443300943229e-05,DOWN
2026-05-20,2026-05-21,4116.TWO,37.20000076293945,37.19689041238477,-8.361157233587793e-05,DOWN
2026-05-20,2026-05-21,4119.TW,42.5,42.60749097738881,0.0025291994679719,UP
2026-05-20,2026-05-21,4120.TWO,46.29999923706055,46.28230290707781,-0.0003822101571131,DOWN
2026-05-20,2026-05-21,4121.TWO,14.149999618530272,14.163578842365574,0.0009596624877303,UP
2026-05-20,2026-05-21,4123.TWO,38.20000076293945,38.21989592175386,0.0005208156653679,UP
2026-05-20,2026-05-21,4126.TWO,79.9000015258789,79.87703113997783,-0.0002874891797547,DOWN
2026-05-20,2026-05-21,4127.TWO,52.0,53.71533554792404,0.0329872220754623,UP
2026-05-20,2026-05-21,4128.TWO,14.600000381469728,14.612914960284082,0.000884560169652,UP
2026-05-20,2026-05-21,4129.TWO,90.5999984741211,90.56046560470357,-0.0004363451444078,DOWN
2026-05-20,2026-05-21,4130.TWO,27.299999237060547,27.32306440181716,0.0008448778535239,UP
2026-05-20,2026-05-21,4131.TWO,35.099998474121094,35.09596134008331,-0.0001150180687545,DOWN
2026-05-20,2026-05-21,4133.TW,21.049999237060547,21.07062224988236,0.0009797156089917,UP
2026-05-20,2026-05-21,4137.TW,103.0,103.14250445086508,0.0013835383579134,UP
2026-05-20,2026-05-21,4138.TWO,51.79999923706055,51.808782585531446,0.0001695627142908,UP
2026-05-20,2026-05-21,4139.TWO,23.450000762939453,23.4592964331326,0.0003964038332924,UP
2026-05-20,2026-05-21,4142.TW,17.350000381469727,17.36451831893261,0.0008367687114514,UP
2026-05-20,2026-05-21,4147.TWO,48.84999847412109,48.83192880028926,-0.0003699012158904,DOWN
2026-05-20,2026-05-21,4148.TW,34.0,34.0593857744243,0.0017466404242441,UP
2026-05-20,2026-05-21,4153.TWO,30.75,30.72372539441858,-0.0008544587180949,DOWN
2026-05-20,2026-05-21,4154.TWO,14.350000381469728,14.268651784935988,-0.0056688915938138,DOWN
2026-05-20,2026-05-21,4155.TW,14.800000190734863,14.839750220207549,0.002685812767595,UP
2026-05-20,2026-05-21,4157.TWO,9.020000457763672,9.038257718244456,0.0020240864250809,UP
2026-05-20,2026-05-21,4160.TWO,42.25,42.17640714033041,-0.0017418428324162,DOWN
2026-05-20,2026-05-21,4161.TWO,23.350000381469727,23.35732307210013,0.0003136055893264,UP
2026-05-20,2026-05-21,4162.TWO,56.0,56.01866250229068,0.0003332589694764,UP
2026-05-20,2026-05-21,4163.TWO,112.5,112.32868077495368,-0.0015228375559672,DOWN
2026-05-20,2026-05-21,4164.TW,28.299999237060547,28.30556763829349,0.0001967632997547,UP
2026-05-20,2026-05-21,4166.TWO,25.100000381469727,25.10826162663912,0.0003291332686785,UP
2026-05-20,2026-05-21,4167.TWO,18.89999961853028,18.89572610135551,-0.0002261120243928,DOWN
2026-05-20,2026-05-21,4168.TWO,25.100000381469727,25.06921076257485,-0.0012266780249774,DOWN
2026-05-20,2026-05-21,4171.TWO,18.299999237060547,18.304353115117213,0.0002379168436164,UP
2026-05-20,2026-05-21,4173.TWO,18.299999237060547,18.308535696207304,0.000466473196866,UP
2026-05-20,2026-05-21,4174.TWO,32.349998474121094,32.351794087004485,5.5505810450903536e-05,UP
2026-05-20,2026-05-21,4175.TWO,53.09999847412109,53.14201713812398,0.0007913119625299,UP
2026-05-20,2026-05-21,4183.TWO,12.449999809265137,12.485240125267584,0.0028305475134402,UP
2026-05-20,2026-05-21,4188.TWO,11.149999618530272,11.157675421734943,0.0006884128670208,UP
2026-05-20,2026-05-21,4190.TW,24.700000762939453,24.705340505618867,0.0002161839074687,UP
2026-05-20,2026-05-21,4198.TWO,38.20000076293945,38.0906822457031,-0.0028617412317543,DOWN
2026-05-20,2026-05-21,4205.TWO,73.19999694824219,73.25000806547352,0.0006832120125182,UP
2026-05-20,2026-05-21,4207.TWO,19.25,19.24749467774018,-0.0001301466108998,DOWN
2026-05-20,2026-05-21,4303.TWO,48.29999923706055,48.16899056983832,-0.0027123948093504,DOWN
2026-05-20,2026-05-21,4304.TWO,28.100000381469727,28.13936353138301,0.0014008238213136,UP
2026-05-20,2026-05-21,4305.TWO,44.25,44.16722659725929,-0.0018705853726714,DOWN
2026-05-20,2026-05-21,4306.TW,13.800000190734863,13.787725307157109,-0.0008894843049347,DOWN
2026-05-20,2026-05-21,4401.TWO,14.300000190734863,14.296166303190487,-0.0002681040205061,DOWN
2026-05-20,2026-05-21,4402.TWO,11.399999618530272,11.423239226886071,0.0020385622046887,UP
2026-05-20,2026-05-21,4406.TWO,10.0,9.995246541802771,-0.0004753458197228,DOWN
2026-05-20,2026-05-21,4414.TW,8.020000457763672,8.006510806708375,-0.001682001282461,DOWN
2026-05-20,2026-05-21,4416.TWO,11.300000190734863,11.309576231757928,0.0008474372443742,UP
2026-05-20,2026-05-21,4417.TWO,44.84999847412109,44.89663451028997,0.0010398224694654,UP
2026-05-20,2026-05-21,4419.TWO,46.0,45.952417676802725,-0.0010343983303755,DOWN
2026-05-20,2026-05-21,4420.TWO,40.0,40.03707771888003,0.0009269429720006,UP
2026-05-20,2026-05-21,4426.TW,7.800000190734863,7.803756885124498,0.0004816274740732,UP
2026-05-20,2026-05-21,4430.TWO,16.850000381469727,16.858855640975186,0.0005255346768536,UP
2026-05-20,2026-05-21,4432.TWO,16.799999237060547,16.740651440335355,-0.0035326071083545,DOWN
2026-05-20,2026-05-21,4433.TWO,20.5,20.49164724779257,-0.0004074513271916,DOWN
2026-05-20,2026-05-21,4438.TW,57.5,57.50696535762472,0.0001211366543429,UP
2026-05-20,2026-05-21,4439.TW,91.0,91.08700986759504,0.0009561523911543,UP
2026-05-20,2026-05-21,4440.TW,18.200000762939453,18.225997377974107,0.0014283853815869,UP
2026-05-20,2026-05-21,4441.TW,200.5,201.07085847028063,0.0028471744153648,UP
2026-05-20,2026-05-21,4442.TWO,51.0,51.150940713705495,0.0029596218373626,UP
2026-05-20,2026-05-21,4502.TWO,15.75,15.754460699368792,0.0002832190075423,UP
2026-05-20,2026-05-21,4503.TWO,41.900001525878906,41.95686248517448,0.0013570634182542,UP
2026-05-20,2026-05-21,4506.TWO,118.5,118.51473706329124,0.0001243634033016,UP
2026-05-20,2026-05-21,4510.TWO,46.45000076293945,46.36200694185507,-0.0018943771719932,DOWN
2026-05-20,2026-05-21,4513.TWO,14.600000381469728,14.60323689646628,0.0002216791035607,UP
2026-05-20,2026-05-21,4523.TWO,27.850000381469727,27.91029932061149,0.0021651324350386,UP
2026-05-20,2026-05-21,4526.TW,37.09999847412109,37.05132314303152,-0.0013120035873725,DOWN
2026-05-20,2026-05-21,4527.TWO,43.650001525878906,43.63140060303873,-0.0004261379654053,DOWN
2026-05-20,2026-05-21,4528.TWO,15.449999809265137,15.466662226749238,0.0010784736368804,UP
2026-05-20,2026-05-21,4529.TWO,6.079999923706055,6.084869032105799,0.0008008402073756,UP
2026-05-20,2026-05-21,4532.TW,23.25,23.26189091328706,0.0005114371306262,UP
2026-05-20,2026-05-21,4533.TWO,31.700000762939453,31.690620626231045,-0.0002959033590741,DOWN
2026-05-20,2026-05-21,4534.TWO,21.75,21.805412681715097,0.0025477095041424,UP
2026-05-20,2026-05-21,4535.TWO,27.64999961853028,27.612297134231564,-0.0013635618379339,DOWN
2026-05-20,2026-05-21,4536.TW,158.0,157.86536543664988,-0.0008521174895577,DOWN
2026-05-20,2026-05-21,4538.TWO,18.350000381469727,18.344023314126552,-0.000325725734001,DOWN
2026-05-20,2026-05-21,4540.TW,67.69999694824219,67.52630137673782,-0.0025656658690422,DOWN
2026-05-20,2026-05-21,4541.TWO,43.150001525878906,43.1869708851422,0.0008567637996748,UP
2026-05-20,2026-05-21,4542.TWO,236.0,241.75613866746423,0.0243904180824756,UP
2026-05-20,2026-05-21,4543.TWO,38.04999923706055,38.00105262105707,-0.0012863762676715,DOWN
2026-05-20,2026-05-21,4545.TW,30.100000381469727,30.09832908538548,-5.5524786148485176e-05,DOWN
2026-05-20,2026-05-21,4549.TWO,100.5,100.75869371986482,0.0025740668643265,UP
2026-05-20,2026-05-21,4550.TWO,24.799999237060547,24.812725450684898,0.0005131537909619,UP
2026-05-20,2026-05-21,4551.TW,148.5,148.82954312930815,0.0022191456519067,UP
2026-05-20,2026-05-21,4552.TW,19.64999961853028,19.66168582992993,0.0005947181489319,UP
2026-05-20,2026-05-21,4554.TWO,30.950000762939453,30.98057219225721,0.0009877682896331,UP
2026-05-20,2026-05-21,4555.TW,42.400001525878906,42.38708022940038,-0.0003047475474885,DOWN
2026-05-20,2026-05-21,4556.TWO,38.59999847412109,38.61093028588079,0.0002832075697369,UP
2026-05-20,2026-05-21,4557.TW,47.29999923706055,47.37913881745596,0.0016731412615627,UP
2026-05-20,2026-05-21,4558.TWO,19.64999961853028,19.6872390098218,0.0018951344536617,UP
2026-05-20,2026-05-21,4560.TW,32.599998474121094,32.67925218624705,0.0024310955777764,UP
2026-05-20,2026-05-21,4561.TWO,47.70000076293945,47.48251360218495,-0.004559479188174,DOWN
2026-05-20,2026-05-21,4562.TW,40.29999923706055,40.42546742330262,0.0031133545562624,UP
2026-05-20,2026-05-21,4563.TWO,47.54999923706055,47.513238229872265,-0.0007731021614744,DOWN
2026-05-20,2026-05-21,4564.TW,16.200000762939453,16.231628697132095,0.0019523415248841,UP
2026-05-20,2026-05-21,4566.TW,60.5,60.55539922593744,0.0009156896849162,UP
2026-05-20,2026-05-21,4568.TWO,40.400001525878906,40.3824445897485,-0.0004345776105765,DOWN
2026-05-20,2026-05-21,4569.TW,172.0,172.20565824164078,0.0011956874513998,UP
2026-05-20,2026-05-21,4571.TW,210.5,210.76587016537087,0.0012630411656573,UP
2026-05-20,2026-05-21,4572.TW,145.5,145.57548884584685,0.0005188236827962,UP
2026-05-20,2026-05-21,4576.TW,236.5,238.98466181894764,0.0105059696361422,UP
2026-05-20,2026-05-21,4577.TWO,118.0,119.56404594518244,0.0132546266540884,UP
2026-05-20,2026-05-21,4580.TWO,81.5,81.49903550680756,-1.18342722998932e-05,DOWN
2026-05-20,2026-05-21,4581.TW,49.5,49.53586848021951,0.0007246157620102,UP
2026-05-20,2026-05-21,4583.TW,687.0,689.4797796921339,0.0036095774266868,UP
2026-05-20,2026-05-21,4584.TWO,45.900001525878906,45.94306874320007,0.0009382835705764,UP
2026-05-20,2026-05-21,4585.TW,327.0,326.5096464045346,-0.0014995522797107,DOWN
2026-05-20,2026-05-21,4588.TW,55.5,55.42299619386904,-0.0013874559663236,DOWN
2026-05-20,2026-05-21,4590.TW,73.0,73.01006411349226,0.0001378645683871,UP
2026-05-20,2026-05-21,4702.TWO,9.65999984741211,9.661697188377694,0.0001757081772666,UP
2026-05-20,2026-05-21,4706.TWO,31.350000381469727,31.37867461671088,0.0009146486409008,UP
2026-05-20,2026-05-21,4707.TWO,14.300000190734863,14.279057680990144,-0.0014645111514255,DOWN
2026-05-20,2026-05-21,4711.TWO,16.399999618530273,16.372764569455956,-0.0016606737626715,DOWN
2026-05-20,2026-05-21,4714.TWO,13.050000190734863,13.091562719039862,0.0031848680227994,UP
2026-05-20,2026-05-21,4716.TWO,14.449999809265137,14.473085075964043,0.0015975963324308,UP
2026-05-20,2026-05-21,4720.TW,24.39999961853028,24.48948172256153,0.0036672994028776,UP
2026-05-20,2026-05-21,4721.TWO,83.69999694824219,84.26012209953876,0.0066920570097862,UP
2026-05-20,2026-05-21,4722.TW,237.0,239.7740064114332,0.0117046684026718,UP
2026-05-20,2026-05-21,4726.TWO,28.25,28.27468839575885,0.0008739255135878,UP
2026-05-20,2026-05-21,4729.TWO,23.600000381469727,23.646056630182404,0.001951535930857,UP
2026-05-20,2026-05-21,4735.TWO,30.75,30.74398815381573,-0.0001955071929842,DOWN
2026-05-20,2026-05-21,4736.TW,121.5,121.55022027513768,0.000413335597841,UP
2026-05-20,2026-05-21,4737.TW,58.20000076293945,58.136167613651146,-0.0010967894922942,DOWN
2026-05-20,2026-05-21,4739.TW,91.5,91.84380836086348,0.0037574684247374,UP
2026-05-20,2026-05-21,4741.TWO,53.5,54.06656146654859,0.0105899339541792,UP
2026-05-20,2026-05-21,4743.TWO,49.0,49.04473921167664,0.000913045136258,UP
2026-05-20,2026-05-21,4744.TWO,33.70000076293945,33.72018973383542,0.0005990792415105,UP
2026-05-20,2026-05-21,4745.TWO,16.649999618530273,16.68792429953304,0.0022777586709707,UP
2026-05-20,2026-05-21,4746.TW,51.59999847412109,51.62760007011107,0.0005349146667868,UP
2026-05-20,2026-05-21,4747.TWO,57.29999923706055,57.27973513314415,-0.0003536492877174,DOWN
2026-05-20,2026-05-21,4749.TWO,994.0,998.9979131026192,0.0050280815921723,UP
2026-05-20,2026-05-21,4754.TWO,38.0,37.98065272555687,-0.0005091388011351,DOWN
2026-05-20,2026-05-21,4755.TW,135.0,135.25972093397286,0.0019238587701693,UP
2026-05-20,2026-05-21,4760.TWO,282.0,285.5837951693684,0.0127084935083985,UP
2026-05-20,2026-05-21,4763.TW,41.150001525878906,41.19295117298961,0.0010437337914481,UP
2026-05-20,2026-05-21,4764.TW,330.0,328.89127269387245,-0.003359779715538,DOWN
2026-05-20,2026-05-21,4766.TW,356.0,356.7227347381413,0.0020301537588238,UP
2026-05-20,2026-05-21,4767.TWO,26.549999237060547,26.50058241661732,-0.0018612738931551,DOWN
2026-05-20,2026-05-21,4768.TWO,405.5,407.2614200636745,0.0043438225984573,UP
2026-05-20,2026-05-21,4770.TW,226.0,226.07149173738435,0.0003163351211696,UP
2026-05-20,2026-05-21,4771.TW,194.0,193.94282767432745,-0.0002947027096524,DOWN
2026-05-20,2026-05-21,4772.TWO,289.5,289.77852119031013,0.0009620766504667,UP
2026-05-20,2026-05-21,4806.TWO,10.0,10.031293788924811,0.0031293788924813,UP
2026-05-20,2026-05-21,4807.TW,22.700000762939453,22.731293142532728,0.0013785188784823,UP
2026-05-20,2026-05-21,4903.TWO,44.34999847412109,44.34389867267341,-0.0001375378051307,DOWN
2026-05-20,2026-05-21,4904.TW,97.0999984741211,97.2063747627708,0.0010955333709716,UP
2026-05-20,2026-05-21,4905.TWO,76.69999694824219,76.63863106352201,-0.0008000767556951,DOWN
2026-05-20,2026-05-21,4906.TW,37.59999847412109,37.51381235323428,-0.0022921841591596,DOWN
2026-05-20,2026-05-21,4907.TWO,38.400001525878906,38.38195309828029,-0.000470011116704,DOWN
2026-05-20,2026-05-21,4908.TWO,247.0,243.79181512258947,-0.0129886027425527,DOWN
2026-05-20,2026-05-21,4909.TWO,50.59999847412109,50.720417055348776,0.0023798139300197,UP
2026-05-20,2026-05-21,4911.TWO,31.850000381469727,31.8934704049982,0.001364835887216,UP
2026-05-20,2026-05-21,4912.TW,103.0,102.98017307146802,-0.0001924944517668,DOWN
2026-05-20,2026-05-21,4915.TW,71.5999984741211,71.70041039306885,0.001402401132509,UP
2026-05-20,2026-05-21,4916.TW,89.9000015258789,91.85584828261725,0.0217558033764362,UP
2026-05-20,2026-05-21,4919.TW,165.0,168.2061501313001,0.0194312129169702,UP
2026-05-20,2026-05-21,4923.TWO,37.54999923706055,37.51273802789547,-0.0009923091856763,DOWN
2026-05-20,2026-05-21,4924.TWO,11.199999809265137,11.172708688396064,-0.0024367072619498,DOWN
2026-05-20,2026-05-21,4927.TW,47.70000076293945,47.90731420792677,0.0043461937457323,UP
2026-05-20,2026-05-21,4930.TW,16.549999237060547,16.560389297803127,0.0006277982611209,UP
2026-05-20,2026-05-21,4931.TWO,189.5,190.0485952940071,0.0028949619736522,UP
2026-05-20,2026-05-21,4933.TWO,72.5,72.68650214187801,0.0025724433362483,UP
2026-05-20,2026-05-21,4934.TW,16.399999618530273,16.463221434057687,0.0038549888413399,UP
2026-05-20,2026-05-21,4935.TW,36.09999847412109,36.10432677265747,0.0001198974714497,UP
2026-05-20,2026-05-21,4938.TW,77.19999694824219,77.35833080008572,0.002050956711173,UP
2026-05-20,2026-05-21,4939.TWO,37.54999923706055,37.63502665147653,0.0022643785923719,UP
2026-05-20,2026-05-21,4942.TW,37.04999923706055,37.07581037810706,0.000696656992659,UP
2026-05-20,2026-05-21,4943.TW,9.0,9.007775798323564,0.0008639775915071,UP
2026-05-20,2026-05-21,4946.TWO,106.0,106.03533899394095,0.0003333867352921,UP
2026-05-20,2026-05-21,4949.TW,87.30000305175781,87.45126441661509,0.001732661621645,UP
2026-05-20,2026-05-21,4950.TWO,16.450000762939453,16.495125798785313,0.0027431631460785,UP
2026-05-20,2026-05-21,4951.TWO,123.0,123.05646791504114,0.0004590887401718,UP
2026-05-20,2026-05-21,4952.TW,49.70000076293945,49.56174556724369,-0.0027817946393042,DOWN
2026-05-20,2026-05-21,4953.TWO,117.0,116.9680226383789,-0.0002733107830863,DOWN
2026-05-20,2026-05-21,4956.TW,43.0,43.04016891855281,0.0009341608965769,UP
2026-05-20,2026-05-21,4958.TW,439.0,445.7916742451489,0.0154707841575145,UP
2026-05-20,2026-05-21,4960.TW,33.150001525878906,33.04985003945197,-0.0030211608391255,DOWN
2026-05-20,2026-05-21,4961.TW,171.0,171.19553156825714,0.001143459463492,UP
2026-05-20,2026-05-21,4966.TWO,757.0,753.9615427777171,-0.0040138140320777,DOWN
2026-05-20,2026-05-21,4967.TW,261.0,261.4130441526649,0.0015825446462258,UP
2026-05-20,2026-05-21,4968.TW,113.0,112.93204292689916,-0.000601390027441,DOWN
2026-05-20,2026-05-21,4971.TWO,700.0,713.7914303690195,0.0197020433843135,UP
2026-05-20,2026-05-21,4972.TWO,16.450000762939453,16.45632816794629,0.000384644663427,UP
2026-05-20,2026-05-21,4973.TWO,109.0,109.37391028017736,0.0034303695429116,UP
2026-05-20,2026-05-21,4974.TWO,73.69999694824219,73.68260891133654,-0.0002359299542149,DOWN
2026-05-20,2026-05-21,4976.TW,30.89999961853028,30.93909248415782,0.0012651412980631,UP
2026-05-20,2026-05-21,4977.TW,201.0,204.93164235167205,0.0195604097098112,UP
2026-05-20,2026-05-21,4979.TWO,562.0,574.0101657025516,0.0213704016059637,UP
2026-05-20,2026-05-21,4987.TWO,81.5999984741211,81.52597789642049,-0.0009071149397641,DOWN
2026-05-20,2026-05-21,4989.TW,92.8000030517578,92.61562822227332,-0.0019867976661771,DOWN
2026-05-20,2026-05-21,4991.TWO,700.0,701.1569135589525,0.0016527336556464,UP
2026-05-20,2026-05-21,4994.TW,90.0,90.20007980056108,0.002223108895123,UP
2026-05-20,2026-05-21,4995.TWO,45.20000076293945,45.20149472658861,3.305229256512249e-05,UP
2026-05-20,2026-05-21,4999.TW,19.64999961853028,19.668726969085647,0.0009530458482913,UP
2026-05-20,2026-05-21,5007.TW,55.29999923706055,55.36510899271628,0.0011773916194215,UP
2026-05-20,2026-05-21,5009.TWO,35.400001525878906,35.44422293870866,0.0012491923989728,UP
2026-05-20,2026-05-21,5011.TWO,15.050000190734863,15.053580628592584,0.0002379028446739,UP
2026-05-20,2026-05-21,5013.TWO,26.600000381469727,26.64245947054942,0.0015962063334882,UP
2026-05-20,2026-05-21,5014.TWO,10.199999809265137,10.198541558127529,-0.000142965800478,DOWN
2026-05-20,2026-05-21,5015.TWO,22.0,21.99623892569798,-0.000170957922819,DOWN
2026-05-20,2026-05-21,5016.TWO,24.799999237060547,24.81275972056062,0.0005145356408319,UP
2026-05-20,2026-05-21,5201.TWO,29.450000762939453,29.501523026488183,0.0017494825879111,UP
2026-05-20,2026-05-21,5202.TWO,11.649999618530272,11.68363247958944,0.0028869409579784,UP
2026-05-20,2026-05-21,5203.TW,64.5,64.51923157231067,0.0002981639117933,UP
2026-05-20,2026-05-21,5205.TWO,22.200000762939453,22.118348951905013,-0.003678009379655,DOWN
2026-05-20,2026-05-21,5206.TWO,22.850000381469727,22.86807412723334,0.0007909735431894,UP
2026-05-20,2026-05-21,5209.TWO,164.5,164.61223099872586,0.0006822553114034,UP
2026-05-20,2026-05-21,5210.TWO,27.200000762939453,27.19325494276996,-0.0002480080875103,DOWN
2026-05-20,2026-05-21,5211.TWO,17.850000381469727,17.873201082618795,0.001299759140238,UP
2026-05-20,2026-05-21,5212.TWO,46.29999923706055,46.30401923478564,8.682500629222676e-05,UP
2026-05-20,2026-05-21,5213.TWO,26.100000381469727,26.09587906279864,-0.0001579049276187,DOWN
2026-05-20,2026-05-21,5215.TW,44.59999847412109,44.58762160122712,-0.0002775083703455,DOWN
2026-05-20,2026-05-21,5220.TWO,21.850000381469727,21.803008914279378,-0.0021506391931324,DOWN
2026-05-20,2026-05-21,5222.TW,122.5,122.69858141342412,0.0016210727626457,UP
2026-05-20,2026-05-21,5223.TWO,23.950000762939453,23.970035505167587,0.000836523657199,UP
2026-05-20,2026-05-21,5225.TW,70.30000305175781,70.4104111438932,0.001570527558215,UP
2026-05-20,2026-05-21,5227.TWO,25.600000381469727,25.64616462061053,0.0018032905645668,UP
2026-05-20,2026-05-21,5228.TWO,50.09999847412109,49.94317480135107,-0.0031302131246775,DOWN
2026-05-20,2026-05-21,5230.TWO,17.25,17.25736913261062,0.0004271960933692,UP
2026-05-20,2026-05-21,5234.TW,402.0,402.7139499953482,0.001775995013304,UP
2026-05-20,2026-05-21,5236.TWO,172.0,172.06369365681894,0.0003703119582496,UP
2026-05-20,2026-05-21,5243.TW,104.5,104.71348247362766,0.0020428944844752,UP
2026-05-20,2026-05-21,5244.TW,37.400001525878906,37.48468932352025,0.0022643795236945,UP
2026-05-20,2026-05-21,5245.TWO,26.350000381469727,26.3463989244158,-0.0001366776850772,DOWN
2026-05-20,2026-05-21,5251.TWO,26.950000762939453,26.972815337448026,0.0008465519058517,UP
2026-05-20,2026-05-21,5258.TW,58.0,58.07436609338038,0.0012821740237995,UP
2026-05-20,2026-05-21,5263.TWO,110.5,110.43071298158613,-0.0006270318408496,DOWN
2026-05-20,2026-05-21,5269.TW,1385.0,1394.7902903147042,0.0070688016712665,UP
2026-05-20,2026-05-21,5272.TWO,22.350000381469727,22.37477573547889,0.0011085169389843,UP
2026-05-20,2026-05-21,5274.TWO,15560.0,15596.831894544885,0.0023670883383601,UP
2026-05-20,2026-05-21,5276.TWO,18.64999961853028,18.813409232777666,0.0087619097903371,UP
2026-05-20,2026-05-21,5278.TWO,23.850000381469727,23.85840962870488,0.0003525889769662,UP
2026-05-20,2026-05-21,5283.TW,51.79999923706055,51.79282350913363,-0.0001385275681969,DOWN
2026-05-20,2026-05-21,5284.TW,363.0,362.1793613838963,-0.0022607124410569,DOWN
2026-05-20,2026-05-21,5285.TW,80.4000015258789,81.55138144443086,0.014320645481348,UP
2026-05-20,2026-05-21,5287.TWO,150.5,150.53300181770464,0.0002192811807617,UP
2026-05-20,2026-05-21,5288.TW,146.5,146.77448851498775,0.0018736417405307,UP
2026-05-20,2026-05-21,5289.TWO,1675.0,1670.8682867931202,-0.0024666944518685,DOWN
2026-05-20,2026-05-21,5291.TWO,71.69999694824219,71.3018483241517,-0.0055529796518386,DOWN
2026-05-20,2026-05-21,5292.TW,222.0,222.07431512401672,0.0003347528108861,UP
2026-05-20,2026-05-21,5299.TWO,104.5,104.6132102496922,0.0010833516716957,UP
2026-05-20,2026-05-21,5301.TWO,6.820000171661377,6.862051396590186,0.0061658686026931,UP
2026-05-20,2026-05-21,5302.TWO,9.880000114440918,9.914105380013748,0.0034519499167799,UP
2026-05-20,2026-05-21,5306.TW,82.0,82.01911884412402,0.0002331566356588,UP
2026-05-20,2026-05-21,5309.TWO,67.69999694824219,67.74321989118046,0.0006384482258,UP
2026-05-20,2026-05-21,5310.TWO,24.549999237060547,24.45453619537686,-0.0038885150570422,DOWN
2026-05-20,2026-05-21,5312.TWO,94.5,94.55963762741884,0.0006310860044322,UP
2026-05-20,2026-05-21,5314.TWO,67.5999984741211,69.569874470175,0.0291401781141757,UP
2026-05-20,2026-05-21,5315.TWO,21.64999961853028,21.663282543879426,0.0006135300500317,UP
2026-05-20,2026-05-21,5321.TWO,32.20000076293945,33.88848647676106,0.0524374432861804,UP
2026-05-20,2026-05-21,5324.TWO,11.949999809265137,11.96454864137984,0.0012174755102024,UP
2026-05-20,2026-05-21,5328.TWO,30.89999961853028,31.60345179017194,0.0227654427289962,UP
2026-05-20,2026-05-21,5340.TWO,99.6999969482422,99.91366256291752,0.0021430854685605,UP
2026-05-20,2026-05-21,5344.TWO,15.600000381469728,15.571177276217576,-0.0018476349068805,DOWN
2026-05-20,2026-05-21,5345.TWO,21.0,21.04307455988601,0.0020511695183813,UP
2026-05-20,2026-05-21,5347.TWO,159.0,159.41353316232562,0.0026008374989032,UP
2026-05-20,2026-05-21,5351.TWO,74.4000015258789,74.55650269635618,0.0021035103127361,UP
2026-05-20,2026-05-21,5353.TWO,25.799999237060547,25.822055035934024,0.0008548759506083,UP
2026-05-20,2026-05-21,5355.TWO,6.400000095367432,6.416312726085076,0.0025488485116511,UP
2026-05-20,2026-05-21,5356.TWO,26.39999961853028,26.40600904910292,0.0002276299492223,UP
2026-05-20,2026-05-21,5364.TWO,9.149999618530272,9.165342243808029,0.0016767897177488,UP
2026-05-20,2026-05-21,5371.TWO,70.5,70.45687442767667,-0.000611710245721,DOWN
2026-05-20,2026-05-21,5381.TWO,24.75,24.77697954079485,0.0010900824563577,UP
2026-05-20,2026-05-21,5386.TWO,429.5,435.7003960125148,0.0144363120198249,UP
2026-05-20,2026-05-21,5388.TW,81.80000305175781,81.94220828809455,0.0017384502571076,UP
2026-05-20,2026-05-21,5392.TWO,41.34999847412109,41.33985986468629,-0.0002451900800224,DOWN
2026-05-20,2026-05-21,5398.TWO,19.299999237060547,19.33225368182728,0.0016712148208171,UP
2026-05-20,2026-05-21,5403.TWO,86.0,86.2144275251776,0.0024933433160185,UP
2026-05-20,2026-05-21,5410.TWO,37.84999847412109,37.866812406463126,0.0004442254430613,UP
2026-05-20,2026-05-21,5425.TWO,86.9000015258789,86.69481400666426,-0.0023611912038176,DOWN
2026-05-20,2026-05-21,5426.TWO,18.049999237060547,18.052292452291866,0.000127047940623,UP
2026-05-20,2026-05-21,5432.TWO,142.5,142.45113953402324,-0.0003428804629947,DOWN
2026-05-20,2026-05-21,5434.TW,397.0,397.8509331366513,0.0021434084046632,UP
2026-05-20,2026-05-21,5438.TWO,18.5,18.52156497671968,0.0011656744172796,UP
2026-05-20,2026-05-21,5439.TWO,364.5,363.91915655275807,-0.0015935348346829,DOWN
2026-05-20,2026-05-21,5443.TWO,116.5,116.73112373647746,0.001983894733712,UP
2026-05-20,2026-05-21,5450.TWO,12.5,12.493591236852808,-0.0005127010517753,DOWN
2026-05-20,2026-05-21,5452.TWO,31.75,31.794596537423786,0.0014046153519302,UP
2026-05-20,2026-05-21,5455.TWO,24.200000762939453,24.23228571705324,0.001334088970907,UP
2026-05-20,2026-05-21,5457.TWO,27.75,27.73489611886908,-0.000544284004718,DOWN
2026-05-20,2026-05-21,5460.TWO,15.25,15.239601062989095,-0.0006818975089117,DOWN
2026-05-20,2026-05-21,5464.TWO,67.5,67.76165476476308,0.0038763668853789,UP
2026-05-20,2026-05-21,5465.TWO,24.100000381469727,24.125253095633063,0.0010478304466232,UP
2026-05-20,2026-05-21,5468.TWO,17.0,17.02772483229637,0.0016308724880218,UP
2026-05-20,2026-05-21,5469.TW,79.0,78.97451781106065,-0.0003225593536626,DOWN
2026-05-20,2026-05-21,5471.TW,52.29999923706055,52.92623574555941,0.0119739295914769,UP
2026-05-20,2026-05-21,5474.TWO,165.5,165.5471992687526,0.000285191956209,UP
2026-05-20,2026-05-21,5475.TWO,278.0,280.46646921522915,0.0088721914216876,UP
2026-05-20,2026-05-21,5478.TWO,99.5,99.54146467331157,0.0004167303850408,UP
2026-05-20,2026-05-21,5481.TWO,19.799999237060547,19.817396205517205,0.0008786348043941,UP
2026-05-20,2026-05-21,5483.TWO,135.0,135.4981819249224,0.0036902364809066,UP
2026-05-20,2026-05-21,5484.TW,39.45000076293945,39.36768623536052,-0.0020865532569587,DOWN
2026-05-20,2026-05-21,5487.TWO,27.75,27.78336644702358,0.0012023944873362,UP
2026-05-20,2026-05-21,5488.TWO,11.699999809265137,11.594880424570327,-0.0089845629408956,DOWN
2026-05-20,2026-05-21,5489.TWO,39.5,39.50349226746039,8.841183444019407e-05,UP
2026-05-20,2026-05-21,5490.TWO,28.39999961853028,28.39540148637381,-0.0001619060640222,DOWN
2026-05-20,2026-05-21,5493.TWO,90.5999984741211,90.70351748112866,0.0011425939155742,UP
2026-05-20,2026-05-21,5498.TWO,61.29999923706055,62.45677976435147,0.0188708081841468,UP
2026-05-20,2026-05-21,5508.TWO,48.45000076293945,48.47072767457181,0.000427800026955,UP
2026-05-20,2026-05-21,5511.TWO,72.0999984741211,72.13852548979875,0.0005343552911653,UP
2026-05-20,2026-05-21,5512.TWO,6.860000133514404,6.863883412303312,0.0005660756141878,UP
2026-05-20,2026-05-21,5514.TWO,15.25,15.25424704238685,0.0002784945827443,UP
2026-05-20,2026-05-21,5515.TW,39.650001525878906,39.65481790945577,0.0001214724688906,UP
2026-05-20,2026-05-21,5516.TWO,11.0,11.019312793272547,0.0017557084793224,UP
2026-05-20,2026-05-21,5519.TW,32.599998474121094,32.61338036305034,0.0004104874096809,UP
2026-05-20,2026-05-21,5521.TW,10.550000190734863,10.552090956166612,0.0001981768145923,UP
2026-05-20,2026-05-21,5522.TW,70.80000305175781,70.79090458247009,-0.0001285094476771,DOWN
2026-05-20,2026-05-21,5523.TWO,30.25,30.19637600830174,-0.0017726939404383,DOWN
2026-05-20,2026-05-21,5525.TW,22.39999961853028,22.42961840392873,0.001322267227806,UP
2026-05-20,2026-05-21,5529.TWO,25.549999237060547,25.317210689758703,-0.0091110980138182,DOWN
2026-05-20,2026-05-21,5530.TWO,46.70000076293945,46.70851009317926,0.0001822126359911,UP
2026-05-20,2026-05-21,5531.TW,7.75,7.760742007638328,0.0013860655017197,UP
2026-05-20,2026-05-21,5533.TW,13.850000381469728,13.85503018606862,0.0003631627769209,UP
2026-05-20,2026-05-21,5534.TW,75.5999984741211,75.67028510237742,0.0009297173237428,UP
2026-05-20,2026-05-21,5536.TWO,916.0,921.5204074215144,0.0060266456566751,UP
2026-05-20,2026-05-21,5538.TW,34.400001525878906,34.3360163470288,-0.0018600341863929,DOWN
2026-05-20,2026-05-21,5543.TWO,28.950000762939453,28.98139834956472,0.0010845452779903,UP
2026-05-20,2026-05-21,5546.TW,16.5,16.43572143057827,-0.0038956708740442,DOWN
2026-05-20,2026-05-21,5547.TWO,21.5,21.501262141659023,5.870426321052946e-05,UP
2026-05-20,2026-05-21,5548.TWO,23.600000381469727,23.585213360323905,-0.0006265686824917,DOWN
2026-05-20,2026-05-21,5601.TWO,35.099998474121094,35.09905597484326,-2.6851832444620063e-05,DOWN
2026-05-20,2026-05-21,5603.TWO,15.800000190734863,15.795824788629195,-0.0002642659528646,DOWN
2026-05-20,2026-05-21,5604.TWO,31.64999961853028,31.647516584384096,-7.84528965596127e-05,DOWN
2026-05-20,2026-05-21,5607.TW,48.04999923706055,48.09225423868767,0.0008793965098448,UP
2026-05-20,2026-05-21,5608.TW,14.199999809265137,14.222108529280998,0.001556952134706,UP
2026-05-20,2026-05-21,5609.TWO,80.0,79.98270153300837,-0.0002162308373954,DOWN
2026-05-20,2026-05-21,5701.TWO,3.400000095367432,3.3959208209786027,-0.0011997865512967,DOWN
2026-05-20,2026-05-21,5704.TWO,21.25,21.260635302751325,0.0005004848353564,UP
2026-05-20,2026-05-21,5706.TW,49.650001525878906,49.65523879920963,0.0001054838503477,UP
2026-05-20,2026-05-21,5864.TWO,31.350000381469727,31.48430547728645,0.0042840540409088,UP
2026-05-20,2026-05-21,5871.TW,111.0,111.06550308479927,0.0005901178810745,UP
2026-05-20,2026-05-21,5876.TW,40.09999847412109,40.1073354140712,0.000182966090506,UP
2026-05-20,2026-05-21,5878.TWO,40.5,40.50846817836282,0.0002090908237732,UP
2026-05-20,2026-05-21,5880.TW,22.700000762939453,22.71643345693525,0.0007239072001539,UP
2026-05-20,2026-05-21,5902.TWO,37.59999847412109,37.57352941003942,-0.0007039644988253,DOWN
2026-05-20,2026-05-21,5903.TWO,188.5,188.5819457433536,0.0004347254289314,UP
2026-05-20,2026-05-21,5904.TWO,557.0,558.6202624398284,0.002908909227699,UP
2026-05-20,2026-05-21,5905.TWO,8.020000457763672,8.033904266103281,0.0017336418386547,UP
2026-05-20,2026-05-21,5907.TW,4.849999904632568,4.858079972838193,0.0016659934772177,UP
2026-05-20,2026-05-21,6005.TW,30.600000381469727,30.595110548779644,-0.0001597984519321,DOWN
2026-05-20,2026-05-21,6015.TWO,14.5,14.529097528546115,0.0020067261066287,UP
2026-05-20,2026-05-21,6016.TWO,21.799999237060547,21.828219243874354,0.0012944957707077,UP
2026-05-20,2026-05-21,6020.TWO,21.100000381469727,21.07971698456677,-0.0009612984140403,DOWN
2026-05-20,2026-05-21,6021.TWO,31.100000381469727,31.135389493432445,0.0011379135539755,UP
2026-05-20,2026-05-21,6023.TWO,97.5,97.5621882606356,0.0006378283142112,UP
2026-05-20,2026-05-21,6024.TW,55.79999923706055,55.81110403464359,0.0001990107120945,UP
2026-05-20,2026-05-21,6026.TWO,15.050000190734863,15.07249683951366,0.0014947939198464,UP
2026-05-20,2026-05-21,6028.TWO,80.0999984741211,80.06021630181462,-0.0004966563428752,DOWN
2026-05-20,2026-05-21,6101.TWO,38.70000076293945,38.72117200059412,0.0005470603937283,UP
2026-05-20,2026-05-21,6104.TWO,96.6999969482422,96.53913845302388,-0.001663479837589,DOWN
2026-05-20,2026-05-21,6108.TW,19.0,19.046736184274778,0.0024597991723567,UP
2026-05-20,2026-05-21,6109.TWO,10.649999618530272,10.690260670370472,0.0037803805898874,UP
2026-05-20,2026-05-21,6111.TWO,46.5,46.47268423312926,-0.0005874358466826,DOWN
2026-05-20,2026-05-21,6112.TW,42.0,42.051281119231135,0.0012209790293127,UP
2026-05-20,2026-05-21,6113.TWO,24.700000762939453,24.722844482424097,0.0009248469141312,UP
2026-05-20,2026-05-21,6114.TWO,29.799999237060547,29.79988568248464,-3.810556336189499e-06,DOWN
2026-05-20,2026-05-21,6115.TW,47.0,47.00744525132177,0.0001584096025908,UP
2026-05-20,2026-05-21,6116.TW,9.850000381469728,9.83351373924704,-0.0016737707192078,DOWN
2026-05-20,2026-05-21,6117.TW,79.0,79.03908452676842,0.0004947408451698,UP
2026-05-20,2026-05-21,6118.TWO,17.450000762939453,17.44328601296766,-0.0003847994084935,DOWN
2026-05-20,2026-05-21,6120.TW,12.850000381469728,12.85708042956021,0.0005509764887393,UP
2026-05-20,2026-05-21,6121.TWO,376.0,376.0701608976815,0.0001865981321316,UP
2026-05-20,2026-05-21,6122.TWO,47.45000076293945,47.45441193799851,9.296469943367949e-05,UP
2026-05-20,2026-05-21,6123.TWO,44.150001525878906,44.141364943723424,-0.0001956190681085,DOWN
2026-05-20,2026-05-21,6124.TWO,28.799999237060547,28.830088049121333,0.0010447504464537,UP
2026-05-20,2026-05-21,6125.TWO,54.70000076293945,54.83057838962931,0.0023871595039963,UP
2026-05-20,2026-05-21,6126.TWO,34.04999923706055,34.09824591644737,0.0014169362839312,UP
2026-05-20,2026-05-21,6127.TWO,52.09999847412109,53.03399603574385,0.0179270170629024,UP
2026-05-20,2026-05-21,6128.TW,18.799999237060547,18.83916425397005,0.0020832456648349,UP
2026-05-20,2026-05-21,6129.TWO,14.949999809265137,14.986054331768386,0.0024116737768053,UP
2026-05-20,2026-05-21,6130.TWO,22.14999961853028,22.17770697780665,0.001250896602869,UP
2026-05-20,2026-05-21,6133.TW,24.350000381469727,24.222480459772,-0.0052369576878845,DOWN
2026-05-20,2026-05-21,6134.TWO,30.14999961853028,30.189396803682698,0.0013067059917375,UP
2026-05-20,2026-05-21,6136.TW,25.14999961853028,25.12125386942008,-0.0011429721489549,DOWN
2026-05-20,2026-05-21,6138.TWO,308.5,310.8596823925618,0.0076488894410431,UP
2026-05-20,2026-05-21,6139.TW,720.0,718.9626640453935,-0.0014407443813979,DOWN
2026-05-20,2026-05-21,6140.TWO,19.350000381469727,19.371250950224773,0.0010982205858454,UP
2026-05-20,2026-05-21,6141.TW,34.5,34.69926834432408,0.0057758940383791,UP
2026-05-20,2026-05-21,6142.TW,7.829999923706055,7.853822136973743,0.0030424282886087,UP
2026-05-20,2026-05-21,6143.TWO,95.1999969482422,95.29926055761366,0.0010426850058139,UP
2026-05-20,2026-05-21,6144.TWO,14.949999809265137,14.946672663648744,-0.0002225515490863,DOWN
2026-05-20,2026-05-21,6146.TWO,216.5,216.71504685323453,0.0009932880057021,UP
2026-05-20,2026-05-21,6147.TWO,215.5,211.9295033849776,-0.0165684297680854,DOWN
2026-05-20,2026-05-21,6148.TWO,28.14999961853028,28.23307484556335,0.0029511626344173,UP
2026-05-20,2026-05-21,6150.TWO,66.0,66.26163893099874,0.0039642262272536,UP
2026-05-20,2026-05-21,6151.TWO,42.34999847412109,42.28296306810775,-0.0015828903997317,DOWN
2026-05-20,2026-05-21,6152.TW,14.949999809265137,14.920609504417628,-0.0019659067038446,DOWN
2026-05-20,2026-05-21,6153.TW,17.549999237060547,17.56804835759802,0.0010284399613738,UP
2026-05-20,2026-05-21,6154.TWO,13.199999809265137,13.189101891726333,-0.0008255998254753,DOWN
2026-05-20,2026-05-21,6155.TW,55.900001525878906,56.80523984612158,0.0161938872188329,UP
2026-05-20,2026-05-21,6156.TWO,18.39999961853028,18.465140620013617,0.0035402718931436,UP
2026-05-20,2026-05-21,6158.TWO,17.950000762939453,17.95428465309542,0.0002386568230577,UP
2026-05-20,2026-05-21,6160.TWO,16.049999237060547,16.056450253593024,0.0004019325133412,UP
2026-05-20,2026-05-21,6161.TWO,51.0,50.81284980615601,-0.0036696116439998,DOWN
2026-05-20,2026-05-21,6163.TWO,49.79999923706055,50.1810257704297,0.0076511353254318,UP
2026-05-20,2026-05-21,6164.TW,11.699999809265137,11.711437543760791,0.0009775841608644,UP
2026-05-20,2026-05-21,6165.TW,47.900001525878906,47.996498079528685,0.0020145417656749,UP
2026-05-20,2026-05-21,6166.TW,115.5,116.5039726914838,0.0086924042552709,UP
2026-05-20,2026-05-21,6167.TWO,11.300000190734863,11.308000369615614,0.0007079804199747,UP
2026-05-20,2026-05-21,6168.TW,26.350000381469727,26.366630168185573,0.0006311114411801,UP
2026-05-20,2026-05-21,6169.TWO,14.449999809265137,14.49266786145304,0.0029528064187616,UP
2026-05-20,2026-05-21,6170.TWO,50.20000076293945,50.23548705428056,0.000706898223143,UP
2026-05-20,2026-05-21,6171.TWO,24.100000381469727,24.11871493878944,0.0007765376358292,UP
2026-05-20,2026-05-21,6173.TWO,159.5,160.68172180792317,0.0074089141562581,UP
2026-05-20,2026-05-21,6174.TWO,43.45000076293945,43.67512102820388,0.0051811337471008,UP
2026-05-20,2026-05-21,6175.TWO,81.5,83.37250300124288,0.0229754969477653,UP
2026-05-20,2026-05-21,6176.TW,104.5,104.590508248657,0.0008661076426506,UP
2026-05-20,2026-05-21,6177.TW,44.650001525878906,44.69731632324279,0.0010596818756312,UP
2026-05-20,2026-05-21,6179.TWO,24.600000381469727,24.59413434428496,-0.0002384567924309,DOWN
2026-05-20,2026-05-21,6180.TWO,39.25,39.2838836566807,0.0008632778772152,UP
2026-05-20,2026-05-21,6182.TWO,57.900001525878906,58.03486481359344,0.0023292449768632,UP
2026-05-20,2026-05-21,6183.TW,92.1999969482422,92.1515611035134,-0.0005253345589153,DOWN
2026-05-20,2026-05-21,6184.TW,46.04999923706055,46.087006742997126,0.000803637492936,UP
2026-05-20,2026-05-21,6185.TWO,14.050000190734863,14.05043613604749,3.1028135708738153e-05,UP
2026-05-20,2026-05-21,6186.TWO,40.0,40.02238435903564,0.000559608975891,UP
2026-05-20,2026-05-21,6187.TWO,1085.0,1103.376298127696,0.0169366803020238,UP
2026-05-20,2026-05-21,6188.TWO,80.69999694824219,80.79583383776114,0.0011875699274241,UP
2026-05-20,2026-05-21,6189.TW,51.09999847412109,51.0931834276545,-0.0001333668624283,DOWN
2026-05-20,2026-05-21,6190.TWO,77.5999984741211,77.520582627204,-0.0010234001092612,DOWN
2026-05-20,2026-05-21,6191.TW,94.1999969482422,94.30938436386168,0.00116122525651,UP
2026-05-20,2026-05-21,6192.TW,126.0,126.07916979852598,0.0006283317343331,UP
2026-05-20,2026-05-21,6194.TWO,32.29999923706055,32.32137615223912,0.0006618240149691,UP
2026-05-20,2026-05-21,6195.TWO,26.14999961853028,26.11755979469337,-0.001240528654307,DOWN
2026-05-20,2026-05-21,6196.TW,404.0,404.0472404083412,0.0001169317038147,UP
2026-05-20,2026-05-21,6197.TW,217.0,217.358300952008,0.0016511564608663,UP
2026-05-20,2026-05-21,6198.TWO,22.299999237060547,22.122323909706417,-0.0079675037413835,DOWN
2026-05-20,2026-05-21,6199.TWO,99.3000030517578,99.21394037272898,-0.0008666936191729,DOWN
2026-05-20,2026-05-21,6201.TW,46.95000076293945,47.01667634406558,0.0014201401500031,UP
2026-05-20,2026-05-21,6202.TW,55.59999847412109,55.57728614194251,-0.0004084951942786,DOWN
2026-05-20,2026-05-21,6203.TWO,69.0,69.15273882402107,0.0022136061452329,UP
2026-05-20,2026-05-21,6204.TWO,83.5,83.29749070026446,-0.0024252610746771,DOWN
2026-05-20,2026-05-21,6205.TW,72.5,72.92478929273784,0.0058591626584529,UP
2026-05-20,2026-05-21,6206.TW,131.0,131.23311676306184,0.0017795172752812,UP
2026-05-20,2026-05-21,6207.TWO,80.69999694824219,79.94467710467944,-0.0093596018850803,DOWN
2026-05-20,2026-05-21,6208.TWO,93.8000030517578,90.7837706858583,-0.0321559943258762,DOWN
2026-05-20,2026-05-21,6209.TW,78.9000015258789,81.93861241033147,0.0385121777653694,UP
2026-05-20,2026-05-21,6210.TWO,21.049999237060547,21.08063973898657,0.0014556058449671,UP
2026-05-20,2026-05-21,6212.TWO,27.299999237060547,27.33778823777433,0.0013842125190422,UP
2026-05-20,2026-05-21,6213.TW,236.5,237.2340760949301,0.0031039158347994,UP
2026-05-20,2026-05-21,6214.TW,124.0,123.85789047181606,-0.0011460445821285,DOWN
2026-05-20,2026-05-21,6215.TW,122.0,121.64845044584943,-0.0028815537225455,DOWN
2026-05-20,2026-05-21,6216.TW,22.39999961853028,22.4155822864874,0.000695654831361,UP
2026-05-20,2026-05-21,6217.TWO,239.0,249.1681637614965,0.0425446182489395,UP
2026-05-20,2026-05-21,6218.TWO,38.54999923706055,38.4728496894957,-0.0020012853201479,DOWN
2026-05-20,2026-05-21,6219.TWO,12.399999618530272,12.41451249515694,0.0011703933123499,UP
2026-05-20,2026-05-21,6220.TWO,31.049999237060547,30.991819474284977,-0.0018737444188445,DOWN
2026-05-20,2026-05-21,6221.TWO,23.0,23.045040844008327,0.0019582975655794,UP
2026-05-20,2026-05-21,6222.TWO,20.700000762939453,20.744539917737832,0.0021516499109565,UP
2026-05-20,2026-05-21,6223.TWO,5680.0,5665.655932202935,-0.002525364048779,DOWN
2026-05-20,2026-05-21,6224.TW,79.69999694824219,79.04857234841472,-0.0081734582781791,DOWN
2026-05-20,2026-05-21,6225.TW,26.950000762939453,27.22780245704981,0.0103080403059721,UP
2026-05-20,2026-05-21,6226.TW,12.300000190734863,12.300992157416578,8.064769644981762e-05,UP
2026-05-20,2026-05-21,6227.TWO,114.0,113.73856418486685,-0.002293296623975,DOWN
2026-05-20,2026-05-21,6228.TWO,21.600000381469727,21.48812042910459,-0.0051796273328363,DOWN
2026-05-20,2026-05-21,6229.TWO,26.350000381469727,26.38430033077782,0.0013017058372497,UP
2026-05-20,2026-05-21,6230.TW,127.0,127.3920627485495,0.0030871082562953,UP
2026-05-20,2026-05-21,6231.TWO,278.0,278.91643659956753,0.0032965345308184,UP
2026-05-20,2026-05-21,6233.TWO,25.25,25.2698868765292,0.0007875990704633,UP
2026-05-20,2026-05-21,6234.TWO,43.84999847412109,45.02558588364688,0.0268092919141054,UP
2026-05-20,2026-05-21,6235.TW,39.75,39.81310049581225,0.0015874338569119,UP
2026-05-20,2026-05-21,6237.TWO,48.54999923706055,48.58340005116378,0.0006879673455841,UP
2026-05-20,2026-05-21,6239.TW,234.5,234.20836579910247,-0.0012436426477506,DOWN
2026-05-20,2026-05-21,6240.TWO,17.850000381469727,17.87154292963732,0.001206865417771,UP
2026-05-20,2026-05-21,6241.TWO,10.699999809265137,10.654705615310874,-0.004233102314174,DOWN
2026-05-20,2026-05-21,6242.TWO,37.5,37.53325216457597,0.0008867243886925,UP
2026-05-20,2026-05-21,6243.TW,33.54999923706055,33.566571475203126,0.0004939564387313,UP
2026-05-20,2026-05-21,6244.TWO,28.299999237060547,28.32060743530486,0.0007282049045897,UP
2026-05-20,2026-05-21,6245.TWO,82.5999984741211,82.49226224498076,-0.0013043127255514,DOWN
2026-05-20,2026-05-21,6246.TWO,14.399999618530272,14.442309918996417,0.002938215387985,UP
2026-05-20,2026-05-21,6248.TWO,18.25,18.25788252767961,0.0004319193249102,UP
2026-05-20,2026-05-21,6257.TW,207.0,206.64072958251927,-0.0017356058815494,DOWN
2026-05-20,2026-05-21,6259.TWO,23.200000762939453,22.945586828716618,-0.0109661174938082,DOWN
2026-05-20,2026-05-21,6261.TWO,114.5,114.5747512143862,0.0006528490339405,UP
2026-05-20,2026-05-21,6263.TWO,169.5,170.2439788535703,0.004389255773276,UP
2026-05-20,2026-05-21,6264.TWO,6.230000019073486,6.223504058830343,-0.0010426902445033,DOWN
2026-05-20,2026-05-21,6265.TWO,41.59999847412109,41.57267506502207,-0.0006568127428181,DOWN
2026-05-20,2026-05-21,6266.TWO,27.0,26.992546594818123,-0.0002760520437732,DOWN
2026-05-20,2026-05-21,6269.TW,58.0,58.19830245664343,0.0034190078731626,UP
2026-05-20,2026-05-21,6270.TWO,26.14999961853028,26.14461636723422,-0.0002058604732156,DOWN
2026-05-20,2026-05-21,6271.TW,187.5,187.50742524480304,3.960130561608821e-05,UP
2026-05-20,2026-05-21,6272.TW,31.600000381469727,31.60336044976411,0.0001063312738551,UP
2026-05-20,2026-05-21,6274.TWO,1205.0,1225.519774956629,0.017028858885169,UP
2026-05-20,2026-05-21,6275.TWO,46.70000076293945,46.732204562125176,0.0006895888363941,UP
2026-05-20,2026-05-21,6276.TWO,28.350000381469727,28.382199362353617,0.001135766506195,UP
2026-05-20,2026-05-21,6277.TW,72.4000015258789,72.36820409860735,-0.0004391909751575,DOWN
2026-05-20,2026-05-21,6278.TW,203.0,202.16678542550653,-0.0041045052930712,DOWN
2026-05-20,2026-05-21,6279.TWO,117.5,117.55172364421014,0.0004402012273203,UP
2026-05-20,2026-05-21,6281.TW,50.5,50.50314552873897,6.228769780136645e-05,UP
2026-05-20,2026-05-21,6282.TW,50.79999923706055,50.84086646513639,0.0008044730057008,UP
2026-05-20,2026-05-21,6283.TW,24.200000762939453,24.211784255619985,0.000486921169795,UP
2026-05-20,2026-05-21,6284.TWO,88.0,87.92622117046267,-0.0008383957901969,DOWN
2026-05-20,2026-05-21,6285.TW,279.0,278.4721552961273,-0.0018919165013357,DOWN
2026-05-20,2026-05-21,6290.TWO,262.0,262.14803795935586,0.0005650303792208,UP
2026-05-20,2026-05-21,6291.TWO,463.0,466.0991649259813,0.0066936607472598,UP
2026-05-20,2026-05-21,6292.TWO,54.0,54.22928232606501,0.0042459690012037,UP
2026-05-20,2026-05-21,6294.TWO,27.100000381469727,27.167008623958367,0.0024726288393139,UP
2026-05-20,2026-05-21,6405.TW,53.5,53.67867148015648,0.0033396538347005,UP
2026-05-20,2026-05-21,6409.TW,668.0,671.3358432073146,0.0049937772564589,UP
2026-05-20,2026-05-21,6411.TWO,86.0,86.0841009314172,0.0009779178071767,UP
2026-05-20,2026-05-21,6412.TW,94.5,94.80528113117909,0.0032304881606251,UP
2026-05-20,2026-05-21,6414.TW,331.5,332.92496919608675,0.0042985496111214,UP
2026-05-20,2026-05-21,6415.TW,507.0,508.7088154912926,0.0033704447560012,UP
2026-05-20,2026-05-21,6416.TW,88.5999984741211,88.58290487982784,-0.0001929299614858,DOWN
2026-05-20,2026-05-21,6417.TWO,125.0,125.56096800835805,0.0044877440668642,UP
2026-05-20,2026-05-21,6418.TWO,30.100000381469727,29.989032615805,-0.003686636686325,DOWN
2026-05-20,2026-05-21,6419.TWO,143.5,143.4020938319154,-0.0006822729483246,DOWN
2026-05-20,2026-05-21,6423.TWO,96.1999969482422,96.3842722677143,0.0019155439222231,UP
2026-05-20,2026-05-21,6425.TWO,87.80000305175781,87.457567962557,-0.0039001717232168,DOWN
2026-05-20,2026-05-21,6426.TW,239.0,240.4464738485404,0.0060521918348968,UP
2026-05-20,2026-05-21,6431.TW,22.0,21.964029444381595,-0.001635025255382,DOWN
2026-05-20,2026-05-21,6432.TWO,52.70000076293945,52.75655753377746,0.001073183491826,UP
2026-05-20,2026-05-21,6435.TWO,230.5,230.94771973975003,0.0019423849880695,UP
2026-05-20,2026-05-21,6438.TW,160.5,160.68078988452908,0.0011264167260378,UP
2026-05-20,2026-05-21,6441.TWO,24.0,23.918442020192742,-0.0033982491586357,DOWN
2026-05-20,2026-05-21,6442.TW,1770.0,1773.5878733661957,0.0020270470995455,UP
2026-05-20,2026-05-21,6443.TW,41.0,41.09074080269784,0.0022131903097033,UP
2026-05-20,2026-05-21,6446.TW,789.0,792.1100676921196,0.0039417841471731,UP
2026-05-20,2026-05-21,6449.TW,268.5,275.9017707919702,0.0275671165436506,UP
2026-05-20,2026-05-21,6451.TW,485.5,483.0984023264609,-0.0049466481432318,DOWN
2026-05-20,2026-05-21,6456.TW,63.59999847412109,64.51242334963288,0.0143463034182785,UP
2026-05-20,2026-05-21,6461.TWO,16.200000762939453,16.219310356608077,0.0011919501703233,UP
2026-05-20,2026-05-21,6462.TWO,134.5,134.44993856614747,-0.0003722039691638,DOWN
2026-05-20,2026-05-21,6464.TW,78.0,77.99041456580744,-0.0001228901819558,DOWN
2026-05-20,2026-05-21,6465.TWO,48.59999847412109,48.70981923891019,0.002259686589241,UP
2026-05-20,2026-05-21,6469.TWO,71.0,71.12082439719234,0.0017017520731315,UP
2026-05-20,2026-05-21,6470.TWO,47.400001525878906,47.41200770246447,0.0002532948565204,UP
2026-05-20,2026-05-21,6472.TW,383.5,385.9654642874375,0.0064288508147001,UP
2026-05-20,2026-05-21,6474.TWO,37.95000076293945,37.97933401305527,0.0007729446515441,UP
2026-05-20,2026-05-21,6477.TW,33.849998474121094,33.894142482925304,0.0013041066704318,UP
2026-05-20,2026-05-21,6482.TWO,29.049999237060547,29.07265461793158,0.0007798754377291,UP
2026-05-20,2026-05-21,6485.TWO,112.0,112.66343714296818,0.0059235459193587,UP
2026-05-20,2026-05-21,6486.TWO,81.19999694824219,81.22840770120126,0.0003498861333355,UP
2026-05-20,2026-05-21,6488.TWO,638.0,652.9588196575642,0.0234464257955551,UP
2026-05-20,2026-05-21,6491.TW,303.0,302.7842693415005,-0.0007119823712855,DOWN
2026-05-20,2026-05-21,6492.TWO,45.79999923706055,45.872837433914825,0.0015903536695987,UP
2026-05-20,2026-05-21,6494.TWO,54.0,53.97535825922387,-0.0004563285328913,DOWN
2026-05-20,2026-05-21,6496.TWO,24.14999961853028,24.1688974829316,0.0007825202774256,UP
2026-05-20,2026-05-21,6498.TWO,105.0,104.72309059579857,-0.002637232420966,DOWN
2026-05-20,2026-05-21,6499.TWO,94.5,94.86650113959332,0.0038783189374953,UP
2026-05-20,2026-05-21,6504.TW,38.75,38.766014536086,0.0004132783506065,UP
2026-05-20,2026-05-21,6505.TW,51.20000076293945,51.25903140394436,0.0011529421899468,UP
2026-05-20,2026-05-21,6506.TWO,19.0,19.000881532268977,4.639643520931713e-05,UP
2026-05-20,2026-05-21,6508.TWO,23.299999237060547,23.34033711048008,0.001731239259243,UP
2026-05-20,2026-05-21,6509.TWO,47.650001525878906,47.84163287464908,0.0040216441266239,UP
2026-05-20,2026-05-21,6510.TWO,3385.0,3386.3097040071443,0.0003869140346068,UP
2026-05-20,2026-05-21,6512.TWO,19.049999237060547,19.051701627202632,8.936431549948458e-05,UP
2026-05-20,2026-05-21,6515.TW,9080.0,9167.665240988135,0.0096547622233629,UP
2026-05-20,2026-05-21,6516.TWO,57.09999847412109,57.105808308181885,0.0001017484100885,UP
2026-05-20,2026-05-21,6517.TWO,60.5,60.55020340200281,0.000829808297567,UP
2026-05-20,2026-05-21,6523.TWO,98.8000030517578,98.76077156929423,-0.0003970797697547,DOWN
2026-05-20,2026-05-21,6525.TW,113.5,114.02558849169873,0.0046307356096804,UP
2026-05-20,2026-05-21,6526.TW,657.0,657.9273377037607,0.0014114729128777,UP
2026-05-20,2026-05-21,6527.TWO,70.0,69.9205584730953,-0.0011348789557814,DOWN
2026-05-20,2026-05-21,6530.TWO,101.0,101.7002365682274,0.0069330353289842,UP
2026-05-20,2026-05-21,6531.TW,973.0,982.0222838064656,0.009272645227611,UP
2026-05-20,2026-05-21,6532.TWO,96.8000030517578,96.82700548017309,0.0002789506979751,UP
2026-05-20,2026-05-21,6533.TW,216.5,217.10916844534225,0.0028137110639363,UP
2026-05-20,2026-05-21,6534.TW,94.4000015258789,94.44012623061091,0.0004250498313923,UP
2026-05-20,2026-05-21,6535.TWO,128.0,128.12423200905323,0.0009705625707283,UP
2026-05-20,2026-05-21,6538.TWO,106.5,106.47490796415514,-0.0002356059703743,DOWN
2026-05-20,2026-05-21,6541.TW,37.95000076293945,38.00332196707116,0.0014050382887943,UP
2026-05-20,2026-05-21,6542.TWO,46.150001525878906,46.210632398226295,0.0013137783389538,UP
2026-05-20,2026-05-21,6546.TWO,71.5,71.3768114206614,-0.0017229171935468,DOWN
2026-05-20,2026-05-21,6547.TWO,48.59999847412109,48.62220657377161,0.0004569567972794,UP
2026-05-20,2026-05-21,6548.TWO,48.59999847412109,48.69009070856293,0.0018537497380748,UP
2026-05-20,2026-05-21,6550.TW,16.200000762939453,16.197432882962886,-0.0001585111021995,DOWN
2026-05-20,2026-05-21,6552.TW,28.0,28.060357546433806,0.0021556266583502,UP
2026-05-20,2026-05-21,6556.TWO,69.80000305175781,69.81825856695721,0.0002615403209346,UP
2026-05-20,2026-05-21,6558.TW,32.20000076293945,32.14897593457892,-0.0015846219612286,DOWN
2026-05-20,2026-05-21,6560.TWO,37.400001525878906,37.44160873484584,0.0011124921729788,UP
2026-05-20,2026-05-21,6561.TWO,355.0,354.9352111284679,-0.0001825038634706,DOWN
2026-05-20,2026-05-21,6568.TWO,210.5,211.2180239079753,0.0034110399428755,UP
2026-05-20,2026-05-21,6569.TWO,95.3000030517578,95.27228504005768,-0.0002908500609918,DOWN
2026-05-20,2026-05-21,6570.TWO,44.900001525878906,44.96141904866428,0.0013678735122084,UP
2026-05-20,2026-05-21,6573.TW,13.100000381469728,13.072894288694924,-0.0020691673271358,DOWN
2026-05-20,2026-05-21,6574.TWO,117.5,119.42599500063808,0.016391446813941,UP
2026-05-20,2026-05-21,6576.TWO,81.5,81.51259994020074,0.0001546004932606,UP
2026-05-20,2026-05-21,6577.TWO,78.5,78.5618653295387,0.0007880933699198,UP
2026-05-20,2026-05-21,6578.TWO,17.049999237060547,17.04967935187791,-1.876159512912332e-05,DOWN
2026-05-20,2026-05-21,6579.TW,149.0,148.809409231646,-0.0012791326735168,DOWN
2026-05-20,2026-05-21,6581.TW,107.0,107.0160619791859,0.0001501119550084,UP
2026-05-20,2026-05-21,6582.TW,30.600000381469727,30.604398764259063,0.0001437379978597,UP
2026-05-20,2026-05-21,6584.TWO,628.0,634.4155465401709,0.0102158384397625,UP
2026-05-20,2026-05-21,6585.TW,92.9000015258789,92.8846600444854,-0.0001651397324166,DOWN
2026-05-20,2026-05-21,6588.TWO,123.0,123.577655011788,0.0046963822096586,UP
2026-05-20,2026-05-21,6589.TW,43.59999847412109,43.513125927247565,-0.0019924896769224,DOWN
2026-05-20,2026-05-21,6590.TWO,67.0,67.04708657017909,0.0007027846295386,UP
2026-05-20,2026-05-21,6591.TW,51.79999923706055,51.888010698937,0.0016990629956125,UP
2026-05-20,2026-05-21,6592.TW,61.0,60.98819599291892,-0.0001935083128046,DOWN
2026-05-20,2026-05-21,6593.TWO,35.04999923706055,35.05577791200712,0.0001648694742471,UP
2026-05-20,2026-05-21,6596.TWO,97.6999969482422,97.7753527050874,0.0007712974329479,UP
2026-05-20,2026-05-21,6597.TWO,73.80000305175781,73.85473400610975,0.0007416118169203,UP
2026-05-20,2026-05-21,6598.TW,24.200000762939453,24.22530848535867,0.0010457736207171,UP
2026-05-20,2026-05-21,6603.TWO,21.549999237060547,21.6348254967252,0.0039362534880638,UP
2026-05-20,2026-05-21,6605.TW,129.5,129.5125146308128,9.663807577453554e-05,UP
2026-05-20,2026-05-21,6606.TW,24.39999961853028,24.40107007183179,4.3871037632956986e-05,UP
2026-05-20,2026-05-21,6609.TWO,41.25,41.26690984594461,0.0004099356592632,UP
2026-05-20,2026-05-21,6612.TWO,74.0999984741211,76.21338130409988,0.0285206865519285,UP
2026-05-20,2026-05-21,6613.TWO,247.5,246.5871964534745,-0.0036880951374769,DOWN
2026-05-20,2026-05-21,6614.TW,39.34999847412109,39.41489171038084,0.0016491293208672,UP
2026-05-20,2026-05-21,6615.TWO,32.5,32.517717065347824,0.0005451404722407,UP
2026-05-20,2026-05-21,6616.TWO,9.760000228881836,9.75731203336484,-0.0002754298620856,DOWN
2026-05-20,2026-05-21,6617.TWO,65.80000305175781,65.80930972012956,0.0001414387224941,UP
2026-05-20,2026-05-21,6620.TWO,76.0,75.84702316857874,-0.0020128530450165,DOWN
2026-05-20,2026-05-21,6624.TWO,48.0,48.0156542477198,0.000326130160829,UP
2026-05-20,2026-05-21,6625.TW,72.19999694824219,72.21393978787675,0.0001931141305249,UP
2026-05-20,2026-05-21,6629.TWO,122.5,122.35179534822235,-0.0012098338920623,DOWN
2026-05-20,2026-05-21,6637.TWO,66.0999984741211,66.1463877601085,0.0007018046453596,UP
2026-05-20,2026-05-21,6640.TWO,1250.0,1259.8119804169985,0.0078495843335986,UP
2026-05-20,2026-05-21,6641.TW,18.25,18.25463584017416,0.0002540186396799,UP
2026-05-20,2026-05-21,6642.TWO,83.69999694824219,83.22052720922132,-0.0057284319773316,DOWN
2026-05-20,2026-05-21,6643.TWO,563.0,566.2907289904542,0.0058449893258512,UP
2026-05-20,2026-05-21,6645.TW,11.949999809265137,11.979732481008805,0.0024880897253751,UP
2026-05-20,2026-05-21,6649.TWO,39.59999847412109,39.61230551782372,0.0003107839438599,UP
2026-05-20,2026-05-21,6651.TWO,123.0,123.92967951111495,0.0075583700090646,UP
2026-05-20,2026-05-21,6654.TWO,97.0,97.03823666920653,0.0003941924660466,UP
2026-05-20,2026-05-21,6655.TW,133.0,133.1039793246891,0.0007817994337528,UP
2026-05-20,2026-05-21,6657.TW,39.0,39.01226260481053,0.0003144257643725,UP
2026-05-20,2026-05-21,6658.TW,170.0,167.7717026695609,-0.013107631355524,DOWN
2026-05-20,2026-05-21,6661.TWO,17.450000762939453,17.455388301251325,0.0003087414370384,UP
2026-05-20,2026-05-21,6662.TWO,29.0,29.01297946661361,0.0004475678142625,UP
2026-05-20,2026-05-21,6664.TWO,392.5,395.5617163190618,0.0078005511313676,UP
2026-05-20,2026-05-21,6666.TW,40.34999847412109,40.36884238631217,0.0004670114722102,UP
2026-05-20,2026-05-21,6667.TWO,251.5,251.4619158321002,-0.0001514281029812,DOWN
2026-05-20,2026-05-21,6668.TW,37.84999847412109,37.77396043835108,-0.0020089310128242,DOWN
2026-05-20,2026-05-21,6669.TW,4910.0,4916.325644035824,0.0012883185409009,UP
2026-05-20,2026-05-21,6670.TW,259.0,259.0184095092918,7.107918645488098e-05,UP
2026-05-20,2026-05-21,6671.TW,28.299999237060547,28.33337073166296,0.0011792047880589,UP
2026-05-20,2026-05-21,6672.TW,176.5,177.01902790658642,0.0029406680259853,UP
2026-05-20,2026-05-21,6674.TW,16.899999618530273,16.914538122117644,0.0008602665038778,UP
2026-05-20,2026-05-21,6679.TWO,314.0,314.7382625360042,0.0023511545732617,UP
2026-05-20,2026-05-21,6680.TWO,53.5,53.59176194306929,0.0017151765059679,UP
2026-05-20,2026-05-21,6683.TWO,1780.0,1805.001268852502,0.014045656658709,UP
2026-05-20,2026-05-21,6684.TWO,45.45000076293945,45.51329311698516,0.0013925710227339,UP
2026-05-20,2026-05-21,6689.TW,64.30000305175781,64.34767682557997,0.0007414272404276,UP
2026-05-20,2026-05-21,6690.TWO,166.5,166.46727195644053,-0.000196564826183,DOWN
2026-05-20,2026-05-21,6691.TW,613.0,613.4652592674829,0.0007589873857796,UP
2026-05-20,2026-05-21,6692.TWO,28.89999961853028,28.926091628421755,0.0009028377244249,UP
2026-05-20,2026-05-21,6693.TWO,137.0,137.07423868827755,0.0005418882356025,UP
2026-05-20,2026-05-21,6695.TW,50.59999847412109,50.55547744076844,-0.0008798623457551,DOWN
2026-05-20,2026-05-21,6697.TWO,40.54999923706055,40.51784565159429,-0.0007929367711767,DOWN
2026-05-20,2026-05-21,6698.TW,31.350000381469727,31.302913055921472,-0.0015019880374893,DOWN
2026-05-20,2026-05-21,6703.TWO,114.0,114.17583631910384,0.001542423851788,UP
2026-05-20,2026-05-21,6706.TW,160.5,160.42256937579077,-0.0004824337956961,DOWN
2026-05-20,2026-05-21,6708.TWO,40.5,40.52777392807184,0.0006857760017737,UP
2026-05-20,2026-05-21,6712.TWO,133.0,133.0018021902133,1.3550302355724853e-05,UP
2026-05-20,2026-05-21,6715.TW,481.0,477.5164043842815,-0.0072424025274813,DOWN
2026-05-20,2026-05-21,6716.TWO,98.0999984741211,98.486238627787,0.003937208559364,UP
2026-05-20,2026-05-21,6719.TW,232.0,236.45895619690413,0.0192196387797594,UP
2026-05-20,2026-05-21,6720.TWO,157.5,157.5245769895264,0.0001560443779453,UP
2026-05-20,2026-05-21,6721.TWO,58.5,58.516161921128514,0.0002762721560429,UP
2026-05-20,2026-05-21,6722.TW,37.20000076293945,37.21317481479152,0.0003541411715559,UP
2026-05-20,2026-05-21,6725.TWO,285.5,286.6279032265302,0.0039506242610514,UP
2026-05-20,2026-05-21,6727.TWO,496.5,498.5497403133195,0.0041283792816102,UP
2026-05-20,2026-05-21,6728.TWO,112.0,112.03423735685648,0.0003056906862184,UP
2026-05-20,2026-05-21,6730.TWO,37.0,37.037741950014606,0.0010200527030974,UP
2026-05-20,2026-05-21,6732.TWO,165.0,165.11228383518755,0.0006805080920457,UP
2026-05-20,2026-05-21,6733.TWO,27.75,27.76119889174879,0.000403563666623,UP
2026-05-20,2026-05-21,6735.TWO,107.5,108.50593634415418,0.0093575473874807,UP
2026-05-20,2026-05-21,6739.TWO,1240.0,1243.5984773747623,0.0029019978828728,UP
2026-05-20,2026-05-21,6741.TWO,61.79999923706055,61.90092105179766,0.0016330390935764,UP
2026-05-20,2026-05-21,6742.TW,56.09999847412109,55.973142807097,-0.0022612418979406,DOWN
2026-05-20,2026-05-21,6743.TW,28.850000381469727,28.857684096011244,0.0002663332561497,UP
2026-05-20,2026-05-21,6751.TWO,47.0,47.100229144096375,0.0021325349807739,UP
2026-05-20,2026-05-21,6752.TWO,100.0,100.05382828530855,0.0005382828530855,UP
2026-05-20,2026-05-21,6753.TW,124.5,124.8159745648736,0.0025379483122378,UP
2026-05-20,2026-05-21,6754.TW,43.29999923706055,43.34985679845022,0.0011514448560774,UP
2026-05-20,2026-05-21,6756.TW,96.1999969482422,96.45960864923616,0.0026986664161086,UP
2026-05-20,2026-05-21,6757.TW,52.400001525878906,52.440480957288,0.0007725082105025,UP
2026-05-20,2026-05-21,6761.TWO,181.5,182.4011836471036,0.0049651991575956,UP
2026-05-20,2026-05-21,6763.TWO,44.150001525878906,44.17773558074651,0.0006281778914853,UP
2026-05-20,2026-05-21,6767.TWO,26.950000762939453,26.95850141792816,0.0003154231817461,UP
2026-05-20,2026-05-21,6768.TW,84.30000305175781,84.26076249509323,-0.0004654870135709,DOWN
2026-05-20,2026-05-21,6770.TW,57.79999923706055,57.79875633468695,-2.150350155715324e-05,DOWN
2026-05-20,2026-05-21,6771.TW,42.09999847412109,42.11978246777324,0.0004699286073446,UP
2026-05-20,2026-05-21,6776.TW,57.29999923706055,57.29828981151934,-2.9832906875536948e-05,DOWN
2026-05-20,2026-05-21,6781.TW,1090.0,1093.996579258237,0.0036665864754468,UP
2026-05-20,2026-05-21,6782.TW,190.5,190.61052292052773,0.0005801728111691,UP
2026-05-20,2026-05-21,6785.TWO,124.5,124.82895159290638,0.0026421814691275,UP
2026-05-20,2026-05-21,6788.TWO,393.0,396.4668610291556,0.0088215293362736,UP
2026-05-20,2026-05-21,6789.TW,519.0,519.5310039999895,0.001023129094392,UP
2026-05-20,2026-05-21,6790.TW,39.45000076293945,39.47342743791136,0.0005938320537097,UP
2026-05-20,2026-05-21,6791.TWO,113.0,112.96321120177164,-0.0003255645860917,DOWN
2026-05-20,2026-05-21,6792.TW,63.900001525878906,64.0503710088604,0.0023531999904662,UP
2026-05-20,2026-05-21,6794.TW,78.5,78.62251375359483,0.0015606847591698,UP
2026-05-20,2026-05-21,6796.TW,62.900001525878906,63.12941328594521,0.0036472456995397,UP
2026-05-20,2026-05-21,6799.TW,94.6999969482422,94.75392312557932,0.0005694422288798,UP
2026-05-20,2026-05-21,6803.TWO,288.0,288.0095713339979,3.323379860376008e-05,UP
2026-05-20,2026-05-21,6804.TWO,15.350000381469728,15.331145714494058,-0.0012283170362934,DOWN
2026-05-20,2026-05-21,6805.TW,1720.0,1724.718585414812,0.0027433636132627,UP
2026-05-20,2026-05-21,6806.TW,11.399999618530272,11.11597242411696,-0.0249146670103073,DOWN
2026-05-20,2026-05-21,6807.TW,33.0,33.077523913700134,0.0023492095060646,UP
2026-05-20,2026-05-21,6811.TWO,205.5,205.70773748878847,0.0010108880233019,UP
2026-05-20,2026-05-21,6821.TWO,52.0,52.1385432081297,0.0026642924640327,UP
2026-05-20,2026-05-21,6823.TWO,79.19999694824219,79.28734099267632,0.0011028288863598,UP
2026-05-20,2026-05-21,6829.TWO,184.0,185.920510917902,0.0104375593364238,UP
2026-05-20,2026-05-21,6830.TW,684.0,693.4687775820494,0.0138432420790195,UP
2026-05-20,2026-05-21,6831.TW,720.0,725.1768575236201,0.0071900798939168,UP
2026-05-20,2026-05-21,6834.TW,60.59999847412109,62.50527919129305,0.0314402766525745,UP
2026-05-20,2026-05-21,6835.TW,38.04999923706055,38.03587663089652,-0.0003711591707543,DOWN
2026-05-20,2026-05-21,6838.TW,25.89999961853028,25.90144134514763,5.5665121180908817e-05,UP
2026-05-20,2026-05-21,6840.TWO,64.19999694824219,64.21420190083151,0.0002212609542766,UP
2026-05-20,2026-05-21,6841.TWO,58.79999923706055,58.79793351412579,-3.513134288371154e-05,DOWN
2026-05-20,2026-05-21,6843.TWO,42.5,42.25584999890998,-0.0057447059080004,DOWN
2026-05-20,2026-05-21,6844.TWO,66.0,66.1019699620083,0.0015449994243681,UP
2026-05-20,2026-05-21,6846.TWO,69.9000015258789,69.86012462624029,-0.0005704849609173,DOWN
2026-05-20,2026-05-21,6854.TW,145.5,145.45290362463857,-0.0003236864286009,DOWN
2026-05-20,2026-05-21,6855.TWO,101.0,101.15711062343324,0.0015555507270619,UP
2026-05-20,2026-05-21,6856.TWO,51.20000076293945,51.283759917076814,0.0016359209548682,UP
2026-05-20,2026-05-21,6859.TWO,117.5,117.53438750543864,0.0002926596207544,UP
2026-05-20,2026-05-21,6861.TW,407.0,404.8384790336713,-0.0053108623251318,DOWN
2026-05-20,2026-05-21,6862.TW,166.0,166.86615764629096,0.005217817146331,UP
2026-05-20,2026-05-21,6863.TW,109.5,109.72477362351492,0.0020527271553874,UP
2026-05-20,2026-05-21,6865.TWO,27.799999237060547,27.810659372764288,0.0003834581293631,UP
2026-05-20,2026-05-21,6869.TW,78.80000305175781,78.83519652714112,0.0004466176906134,UP
2026-05-20,2026-05-21,6870.TWO,204.0,204.72031737305224,0.0035309675149619,UP
2026-05-20,2026-05-21,6872.TWO,18.14999961853028,18.15307511052245,0.0001694485981715,UP
2026-05-20,2026-05-21,6873.TW,84.9000015258789,85.15199257932875,0.0029680924490093,UP
2026-05-20,2026-05-21,6874.TWO,79.69999694824219,79.8934964494495,0.0024278482887894,UP
2026-05-20,2026-05-21,6875.TWO,37.54999923706055,37.59493850909136,0.0011967848986387,UP
2026-05-20,2026-05-21,6877.TWO,146.5,147.02740251505747,0.0036000171676278,UP
2026-05-20,2026-05-21,6884.TWO,33.099998474121094,33.13270601848469,0.0009881433798001,UP
2026-05-20,2026-05-21,6885.TW,22.200000762939453,22.22784725260228,0.0012543463381007,UP
2026-05-20,2026-05-21,6887.TW,34.95000076293945,35.04639951493313,0.0027581902686507,UP
2026-05-20,2026-05-21,6890.TW,165.5,165.3401493265992,-0.0009658650960773,DOWN
2026-05-20,2026-05-21,6894.TWO,339.5,339.816789704084,0.0009331066394224,UP
2026-05-20,2026-05-21,6895.TWO,151.5,151.73599262384232,0.0015577070880681,UP
2026-05-20,2026-05-21,6899.TWO,59.400001525878906,59.461811598185335,0.0010405735811218,UP
2026-05-20,2026-05-21,6901.TW,13.449999809265137,13.462197285775812,0.0009068755898624,UP
2026-05-20,2026-05-21,6902.TW,128.0,128.19400031864643,0.0015156274894252,UP
2026-05-20,2026-05-21,6903.TWO,370.5,371.58995192789007,0.0029418405611068,UP
2026-05-20,2026-05-21,6904.TWO,113.5,113.55874325096374,0.0005175616824999,UP
2026-05-20,2026-05-21,6906.TW,69.80000305175781,71.99159851268462,0.0313982143998146,UP
2026-05-20,2026-05-21,6907.TWO,109.5,109.95068906410596,0.0041158818639814,UP
2026-05-20,2026-05-21,6909.TW,50.70000076293945,50.87065944541941,0.003366048913449,UP
2026-05-20,2026-05-21,6910.TWO,26.89999961853028,26.92479591070203,0.0009217952610924,UP
2026-05-20,2026-05-21,6913.TWO,129.5,129.2788996497984,-0.0017073386115953,DOWN
2026-05-20,2026-05-21,6914.TW,143.0,143.05311234405963,0.0003714149934239,UP
2026-05-20,2026-05-21,6916.TW,16.850000381469727,16.88695744112914,0.0021932972595096,UP
2026-05-20,2026-05-21,6918.TW,74.5,74.48431269893626,-0.0002105677995132,DOWN
2026-05-20,2026-05-21,6919.TW,101.0,101.12109383149073,0.0011989488266408,UP
2026-05-20,2026-05-21,6921.TW,75.9000015258789,76.26021415398051,0.0047458843328058,UP
2026-05-20,2026-05-21,6922.TWO,183.0,182.9405661272176,-0.0003247752611059,DOWN
2026-05-20,2026-05-21,6923.TW,77.5999984741211,77.71194208509893,0.0014425723347812,UP
2026-05-20,2026-05-21,6924.TW,163.0,163.23906124464702,0.0014666334027424,UP
2026-05-20,2026-05-21,6925.TWO,58.59999847412109,58.64238043392778,0.0007232416537589,UP
2026-05-20,2026-05-21,6928.TW,45.84999847412109,45.91534753872763,0.0014252795372158,UP
2026-05-20,2026-05-21,6929.TWO,23.200000762939453,23.235133799017,0.0015143549535423,UP
2026-05-20,2026-05-21,6931.TW,40.54999923706055,40.57573842705054,0.0006347519229166,UP
2026-05-20,2026-05-21,6933.TW,155.5,156.2351364637725,0.0047275656834244,UP
2026-05-20,2026-05-21,6934.TW,75.0,74.92949189327192,-0.0009401080897077,DOWN
2026-05-20,2026-05-21,6936.TW,33.400001525878906,33.42553628393456,0.0007645136793143,UP
2026-05-20,2026-05-21,6937.TW,279.5,280.3708839243045,0.0031158637721091,UP
2026-05-20,2026-05-21,6944.TW,886.0,887.243295310298,0.0014032678445801,UP
2026-05-20,2026-05-21,6949.TW,687.0,685.531243278645,-0.0021379282698035,DOWN
2026-05-20,2026-05-21,6951.TW,81.0,81.03163637977559,0.0003905725898221,UP
2026-05-20,2026-05-21,6952.TW,36.84999847412109,36.83618301492987,-0.0003749107127077,DOWN
2026-05-20,2026-05-21,6953.TWO,247.5,247.33938461722573,-0.0006489510415121,DOWN
2026-05-20,2026-05-21,6957.TW,160.0,159.93078738916665,-0.0004325788177084,DOWN
2026-05-20,2026-05-21,6958.TW,17.0,17.047708134166896,0.0028063608333468,UP
2026-05-20,2026-05-21,6961.TWO,58.5,58.49354340790524,-0.0001103690956369,DOWN
2026-05-20,2026-05-21,6962.TW,38.09999847412109,38.08315161873128,-0.0004421746998559,DOWN
2026-05-20,2026-05-21,6965.TW,76.0999984741211,76.2033645070969,0.0013582921819761,UP
2026-05-20,2026-05-21,6967.TWO,71.19999694824219,71.34033045893675,0.0019709763582795,UP
2026-05-20,2026-05-21,6968.TWO,44.0,43.99487882680842,-0.0001163902998086,DOWN
2026-05-20,2026-05-21,6969.TW,28.049999237060547,28.047270445456167,-9.728312579681998e-05,DOWN
2026-05-20,2026-05-21,6971.TWO,27.450000762939453,27.466301841532328,0.0005938461981714,UP
2026-05-20,2026-05-21,6982.TWO,51.5,51.520888767394354,0.0004056071338709,UP
2026-05-20,2026-05-21,6988.TW,16.899999618530273,16.784861464324003,-0.0068129086866975,DOWN
2026-05-20,2026-05-21,6994.TW,52.0,52.14317078329623,0.0027532842941582,UP
2026-05-20,2026-05-21,6996.TWO,192.0,192.57625271379948,0.0030013162177056,UP
2026-05-20,2026-05-21,6997.TWO,67.30000305175781,67.4859126325481,0.0027624007780104,UP
2026-05-20,2026-05-21,7402.TWO,93.1999969482422,93.56299102421625,0.003894786350429,UP
2026-05-20,2026-05-21,7547.TWO,67.69999694824219,67.63640108476105,-0.0009393776417709,DOWN
2026-05-20,2026-05-21,7556.TWO,249.0,251.1222996851429,0.0085232919082045,UP
2026-05-20,2026-05-21,7584.TWO,27.0,27.210888755042102,0.0078106946311891,UP
2026-05-20,2026-05-21,7610.TW,1120.0,1120.1016411324963,9.075101115740836e-05,UP
2026-05-20,2026-05-21,7631.TW,122.0,122.16761713312007,0.0013739109272137,UP
2026-05-20,2026-05-21,7642.TWO,67.19999694824219,67.19622829418748,-5.608116407523916e-05,DOWN
2026-05-20,2026-05-21,7703.TWO,203.0,203.3091585218208,0.0015229483833536,UP
2026-05-20,2026-05-21,7704.TWO,61.5,61.54096895936527,0.0006661619408987,UP
2026-05-20,2026-05-21,7705.TW,31.0,31.000256598736087,8.277378583443351e-06,UP
2026-05-20,2026-05-21,7708.TWO,92.0,91.9828613003483,-0.0001862902136053,DOWN
2026-05-20,2026-05-21,7709.TWO,89.0,89.55861798580736,0.0062766065821051,UP
2026-05-20,2026-05-21,7711.TW,350.0,354.427981749177,0.0126513764262199,UP
2026-05-20,2026-05-21,7712.TWO,167.5,173.75949434936047,0.0373701155185699,UP
2026-05-20,2026-05-21,7713.TWO,67.5,67.53232513176044,0.0004788908408954,UP
2026-05-20,2026-05-21,7714.TWO,123.5,123.54742978853756,0.0003840468707494,UP
2026-05-20,2026-05-21,7715.TWO,29.350000381469727,29.302154975653192,-0.0016301671275868,DOWN
2026-05-20,2026-05-21,7716.TWO,24.700000762939453,24.70342143465475,0.0001384887291351,UP
2026-05-20,2026-05-21,7717.TWO,674.0,672.1314592598937,-0.0027723156381398,DOWN
2026-05-20,2026-05-21,7718.TWO,49.650001525878906,49.55154210655106,-0.0019830698147416,DOWN
2026-05-20,2026-05-21,7721.TW,71.4000015258789,71.48792843794696,0.0012314693303779,UP
2026-05-20,2026-05-21,7722.TW,253.5,254.20186049491167,0.0027686804533004,UP
2026-05-20,2026-05-21,7723.TWO,24.89999961853028,25.023743680039832,0.0049696411006152,UP
2026-05-20,2026-05-21,7728.TWO,695.0,694.2874728882452,-0.0010252188658341,DOWN
2026-05-20,2026-05-21,7730.TW,226.0,224.2807390820235,-0.0076073491945862,DOWN
2026-05-20,2026-05-21,7732.TW,34.5,34.531532790279016,0.0009139939211308,UP
2026-05-20,2026-05-21,7734.TWO,3345.0,3459.9048383161426,0.0343512222170829,UP
2026-05-20,2026-05-21,7736.TW,71.9000015258789,71.95367690954414,0.0007465282687917,UP
2026-05-20,2026-05-21,7738.TWO,165.0,165.36811469122767,0.0022309981286525,UP
2026-05-20,2026-05-21,7740.TW,160.0,160.2186905965209,0.0013668162282556,UP
2026-05-20,2026-05-21,7743.TWO,19.39999961853028,19.45332219048793,0.0027485862374305,UP
2026-05-20,2026-05-21,7744.TWO,490.0,496.827705828473,0.0139340935274958,UP
2026-05-20,2026-05-21,7747.TWO,126.0,126.1527010614518,0.0012119131861254,UP
2026-05-20,2026-05-21,7749.TW,475.5,474.3017541251611,-0.0025199702940881,DOWN
2026-05-20,2026-05-21,7750.TW,2495.0,2490.7160088117234,-0.0017170305363833,DOWN
2026-05-20,2026-05-21,7751.TWO,1500.0,1535.056066699326,0.023370711132884,UP
2026-05-20,2026-05-21,7753.TWO,41.20000076293945,41.226928192526486,0.0006535783759318,UP
2026-05-20,2026-05-21,7757.TWO,103.5,103.63297253509518,0.0012847587931901,UP
2026-05-20,2026-05-21,7765.TW,243.5,243.38167491582865,-0.0004859346372541,DOWN
2026-05-20,2026-05-21,7767.TWO,43.45000076293945,43.43937592897098,-0.0002445301215629,DOWN
2026-05-20,2026-05-21,7769.TW,6980.0,7079.714760817587,0.0142857823520898,UP
2026-05-20,2026-05-21,7770.TWO,40.20000076293945,40.714491871636696,0.0127982860431075,UP
2026-05-20,2026-05-21,7777.TWO,32.75,32.581916234456,-0.0051323287189006,DOWN
2026-05-20,2026-05-21,7780.TW,18.5,18.511486932373373,0.0006209152634255,UP
2026-05-20,2026-05-21,7782.TWO,26.850000381469727,26.851841134927195,6.855692481624168e-05,UP
2026-05-20,2026-05-21,7786.TW,114.5,115.10336830257438,0.0052695921622216,UP
2026-05-20,2026-05-21,7788.TW,187.0,185.14209039136767,-0.0099353455007076,DOWN
2026-05-20,2026-05-21,7791.TW,62.900001525878906,62.92487447925472,0.0003954364510719,UP
2026-05-20,2026-05-21,7792.TWO,263.5,264.9782536181156,0.005610070656985,UP
2026-05-20,2026-05-21,7794.TWO,28.799999237060547,28.808144894399028,0.0002828353317453,UP
2026-05-20,2026-05-21,7795.TW,345.0,346.0488152957987,0.0030400443356484,UP
2026-05-20,2026-05-21,7799.TW,307.0,308.442595907487,0.0046990094706416,UP
2026-05-20,2026-05-21,7805.TWO,700.0,699.7631163627375,-0.0003384051960892,DOWN
2026-05-20,2026-05-21,7810.TWO,226.5,227.71644008997828,0.0053705964237451,UP
2026-05-20,2026-05-21,7811.TWO,77.0999984741211,77.4017540457543,0.0039138207212091,UP
2026-05-20,2026-05-21,7822.TW,1040.0,1043.3247554302216,0.0031968802213668,UP
2026-05-20,2026-05-21,7823.TW,107.0,106.56909334426746,-0.0040271650068461,DOWN
2026-05-20,2026-05-21,8011.TW,17.799999237060547,17.83318134483218,0.0018641634378582,UP
2026-05-20,2026-05-21,8016.TW,285.5,287.1383897550404,0.0057386681437492,UP
2026-05-20,2026-05-21,8021.TW,361.0,368.6358649190515,0.0211519803851842,UP
2026-05-20,2026-05-21,8024.TWO,12.149999618530272,12.160259465385222,0.0008444318664259,UP
2026-05-20,2026-05-21,8027.TWO,240.0,239.64223193004727,-0.0014907002914696,DOWN
2026-05-20,2026-05-21,8028.TW,258.5,257.8028055659961,-0.002697077114135,DOWN
2026-05-20,2026-05-21,8032.TWO,41.20000076293945,41.24246336584381,0.0010306456824764,UP
2026-05-20,2026-05-21,8033.TW,133.0,133.4006831862498,0.0030126555357128,UP
2026-05-20,2026-05-21,8034.TWO,23.799999237060547,23.80537538300788,0.0002258884924231,UP
2026-05-20,2026-05-21,8038.TWO,40.29999923706055,40.331797320963695,0.000789034354966,UP
2026-05-20,2026-05-21,8039.TW,126.5,127.58940438227728,0.008611892350018,UP
2026-05-20,2026-05-21,8040.TWO,98.6999969482422,101.03937667285425,0.0237019229680299,UP
2026-05-20,2026-05-21,8042.TWO,116.5,117.33768532029352,0.00719043193385,UP
2026-05-20,2026-05-21,8043.TWO,114.5,114.89778181386646,0.0034740769769996,UP
2026-05-20,2026-05-21,8044.TWO,29.0,28.94151018722914,-0.0020168900955468,DOWN
2026-05-20,2026-05-21,8045.TW,71.4000015258789,71.49986833801178,0.001398694817908,UP
2026-05-20,2026-05-21,8046.TW,829.0,836.9593415269628,0.0096011357381939,UP
2026-05-20,2026-05-21,8047.TWO,41.70000076293945,41.86076839324859,0.0038553387857973,UP
2026-05-20,2026-05-21,8048.TWO,60.70000076293945,60.70959714044713,0.0001580951793584,UP
2026-05-20,2026-05-21,8049.TWO,26.0,25.995358554908307,-0.0001785171189112,DOWN
2026-05-20,2026-05-21,8050.TWO,51.29999923706055,51.447856766836615,0.0028822130989283,UP
2026-05-20,2026-05-21,8054.TWO,106.5,106.739539045142,0.0022491929121315,UP
2026-05-20,2026-05-21,8059.TWO,18.350000381469727,18.416371167713308,0.0036169365048408,UP
2026-05-20,2026-05-21,8064.TWO,123.5,120.85606932453813,-0.0214083455502986,DOWN
2026-05-20,2026-05-21,8066.TWO,16.399999618530273,16.411285103595013,0.0006881393492221,UP
2026-05-20,2026-05-21,8067.TWO,13.600000381469728,13.480131110912025,-0.0088139167055487,DOWN
2026-05-20,2026-05-21,8068.TWO,20.25,20.32075344939949,0.0034939975012093,UP
2026-05-20,2026-05-21,8069.TWO,230.0,233.5626537632197,0.0154897989705204,UP
2026-05-20,2026-05-21,8070.TW,42.79999923706055,42.93105785855233,0.0030621173791586,UP
2026-05-20,2026-05-21,8071.TWO,19.64999961853028,19.5917630728464,-0.0029636919498443,DOWN
2026-05-20,2026-05-21,8072.TW,27.25,27.2912263123144,0.0015128921950235,UP
2026-05-20,2026-05-21,8074.TWO,72.80000305175781,73.11500914821283,0.00432700663805,UP
2026-05-20,2026-05-21,8076.TWO,23.64999961853028,23.666158190827844,0.0006832377403043,UP
2026-05-20,2026-05-21,8077.TWO,41.04999923706055,41.07340214168522,0.0005701073096134,UP
2026-05-20,2026-05-21,8080.TWO,27.299999237060547,27.33574425633055,0.001309341401793,UP
2026-05-20,2026-05-21,8081.TW,272.0,273.1926109716296,0.004384599160403,UP
2026-05-20,2026-05-21,8083.TWO,168.5,168.5310043954596,0.0001840023469412,UP
2026-05-20,2026-05-21,8084.TWO,43.29999923706055,43.36376216224736,0.0014725849032402,UP
2026-05-20,2026-05-21,8085.TWO,11.5,11.468174389912749,-0.0027674443554133,DOWN
2026-05-20,2026-05-21,8086.TWO,144.5,144.53966902157117,0.0002745261008385,UP
2026-05-20,2026-05-21,8087.TWO,34.29999923706055,34.25780942560652,-0.0012300236849114,DOWN
2026-05-20,2026-05-21,8088.TWO,51.5,51.58159999718191,0.0015844659646973,UP
2026-05-20,2026-05-21,8089.TWO,19.89999961853028,19.92224905781173,0.0011180622968822,UP
2026-05-20,2026-05-21,8091.TWO,253.5,253.60340900023584,0.00040792505024,UP
2026-05-20,2026-05-21,8092.TWO,17.899999618530273,17.829697720342033,-0.0039274804294109,DOWN
2026-05-20,2026-05-21,8093.TWO,18.350000381469727,18.385794493741336,0.0019506327807903,UP
2026-05-20,2026-05-21,8096.TWO,107.5,107.7086843183497,0.0019412494730204,UP
2026-05-20,2026-05-21,8097.TWO,57.29999923706055,57.436471410909576,0.0023817133624106,UP
2026-05-20,2026-05-21,8099.TWO,60.59999847412109,60.66577389584544,0.0010854030260816,UP
2026-05-20,2026-05-21,8101.TW,13.149999618530272,13.114736234499972,-0.0026816262397915,DOWN
2026-05-20,2026-05-21,8102.TWO,63.29999923706055,63.37112975938196,0.0011237049475312,UP
2026-05-20,2026-05-21,8103.TW,104.0,104.504867836833,0.0048544984310865,UP
2026-05-20,2026-05-21,8104.TW,33.599998474121094,33.6262078400906,0.0007800406892784,UP
2026-05-20,2026-05-21,8105.TW,15.449999809265137,15.413215133629372,-0.0023808851838111,DOWN
2026-05-20,2026-05-21,8107.TWO,11.75,11.75908456320758,0.0007731543155387,UP
2026-05-20,2026-05-21,8109.TWO,126.5,130.18434470705688,0.0291252546012401,UP
2026-05-20,2026-05-21,8110.TW,46.25,46.41089583281428,0.0034788288176059,UP
2026-05-20,2026-05-21,8111.TWO,61.0,61.119430132210255,0.0019578710198402,UP
2026-05-20,2026-05-21,8112.TW,84.0,84.18959413748235,0.002257073065266,UP
2026-05-20,2026-05-21,8114.TW,237.0,241.4489813223481,0.0187720730900764,UP
2026-05-20,2026-05-21,8121.TWO,35.20000076293945,35.78941825713716,0.016744814813137,UP
2026-05-20,2026-05-21,8131.TW,60.900001525878906,61.08717216501056,0.0030734094325452,UP
2026-05-20,2026-05-21,8147.TWO,182.5,182.34429788775745,-0.0008531622588634,DOWN
2026-05-20,2026-05-21,8150.TW,74.4000015258789,75.07718486014065,0.0091019263491035,UP
2026-05-20,2026-05-21,8155.TWO,392.0,392.2798912264407,0.0007140082307159,UP
2026-05-20,2026-05-21,8162.TW,54.09999847412109,53.93499907464436,-0.0030498965643345,DOWN
2026-05-20,2026-05-21,8163.TW,33.0,32.88255352713168,-0.0035589840263128,DOWN
2026-05-20,2026-05-21,8171.TWO,23.299999237060547,23.29283913753041,-0.000307300419081,DOWN
2026-05-20,2026-05-21,8176.TWO,9.890000343322754,9.901576866844206,0.0011705281212925,UP
2026-05-20,2026-05-21,8182.TWO,36.650001525878906,36.56999964647563,-0.0021828615572304,DOWN
2026-05-20,2026-05-21,8183.TWO,30.200000762939453,30.251989971436792,0.0017214969266205,UP
2026-05-20,2026-05-21,8201.TW,12.600000381469728,12.579268200580067,-0.0016454111319035,DOWN
2026-05-20,2026-05-21,8210.TW,1285.0,1290.9710673824884,0.004646745044738,UP
2026-05-20,2026-05-21,8213.TW,36.70000076293945,36.72454065097055,0.000668661785312,UP
2026-05-20,2026-05-21,8215.TW,26.64999961853028,26.678544994849968,0.0010711210779845,UP
2026-05-20,2026-05-21,8222.TW,35.29999923706055,35.328973501859096,0.0008208007202484,UP
2026-05-20,2026-05-21,8227.TWO,192.5,193.24376475356985,0.0038637130055576,UP
2026-05-20,2026-05-21,8234.TWO,65.5,65.59681608132087,0.0014781081117689,UP
2026-05-20,2026-05-21,8240.TWO,61.400001525878906,61.50861974905559,0.0017690263921394,UP
2026-05-20,2026-05-21,8249.TW,51.0,50.946668086457066,-0.0010457237949594,DOWN
2026-05-20,2026-05-21,8255.TWO,156.0,156.41683898773044,0.0026720447931438,UP
2026-05-20,2026-05-21,8261.TW,149.0,152.22764807567,0.0216620676219463,UP
2026-05-20,2026-05-21,8271.TW,215.0,215.27901042776648,0.001297722919844,UP
2026-05-20,2026-05-21,8272.TWO,71.5,71.57015119015705,0.000981135526672,UP
2026-05-20,2026-05-21,8277.TWO,6.829999923706055,6.847645670579145,0.0025835647247731,UP
2026-05-20,2026-05-21,8279.TWO,97.0999984741211,97.1727688812915,0.0007494377787225,UP
2026-05-20,2026-05-21,8284.TWO,63.20000076293945,63.207860471263416,0.0001243624719791,UP
2026-05-20,2026-05-21,8289.TWO,55.29999923706055,55.19623452622876,-0.0018763962434605,DOWN
2026-05-20,2026-05-21,8299.TWO,2265.0,2290.0513291172683,0.0110601894557476,UP
2026-05-20,2026-05-21,8341.TW,76.0,75.99572033989534,-5.631131716654636e-05,DOWN
2026-05-20,2026-05-21,8342.TWO,92.0,92.01042358431732,0.0001132998295361,UP
2026-05-20,2026-05-21,8349.TWO,41.5,41.51005583274673,0.0002423092228127,UP
2026-05-20,2026-05-21,8354.TWO,16.399999618530273,16.382503431138563,-0.0010668407194315,DOWN
2026-05-20,2026-05-21,8358.TWO,460.0,469.02957636862993,0.0196295138448476,UP
2026-05-20,2026-05-21,8367.TW,41.54999923706055,41.5382619440397,-0.0002824859984684,DOWN
2026-05-20,2026-05-21,8374.TW,96.9000015258789,96.48341791490684,-0.0042991084046661,DOWN
2026-05-20,2026-05-21,8383.TWO,54.900001525878906,55.06290906834109,0.002967350417748,UP
2026-05-20,2026-05-21,8390.TWO,113.0,112.66763152950443,-0.0029413138981908,DOWN
2026-05-20,2026-05-21,8401.TWO,23.0,23.02539253875148,0.0011040234239771,UP
2026-05-20,2026-05-21,8403.TWO,20.14999961853028,20.148998953924853,-4.966077540307675e-05,DOWN
2026-05-20,2026-05-21,8404.TW,16.299999237060547,16.30382613836978,0.0002347792324143,UP
2026-05-20,2026-05-21,8409.TWO,18.950000762939453,18.973377311117304,0.0012335908832029,UP
2026-05-20,2026-05-21,8410.TWO,34.650001525878906,34.6970914341699,0.0013590160524472,UP
2026-05-20,2026-05-21,8411.TW,11.850000381469728,11.86417235455812,0.0011959470575675,UP
2026-05-20,2026-05-21,8415.TWO,36.45000076293945,36.493371930700725,0.0011898811208083,UP
2026-05-20,2026-05-21,8416.TWO,173.0,172.6795084538171,-0.0018525522900745,DOWN
2026-05-20,2026-05-21,8421.TWO,13.600000381469728,13.603891074347478,0.0002860803506337,UP
2026-05-20,2026-05-21,8422.TW,25.700000762939453,25.73609430134576,0.0014044177951291,UP
2026-05-20,2026-05-21,8423.TWO,17.700000762939453,17.69042448786836,-0.0005410324665716,DOWN
2026-05-20,2026-05-21,8424.TWO,73.19999694824219,73.18485430577105,-0.0002068667090497,DOWN
2026-05-20,2026-05-21,8426.TWO,22.14999961853028,22.09298530713825,-0.0025740095879883,DOWN
2026-05-20,2026-05-21,8429.TW,6.039999961853027,6.05281452616034,0.0021216166205704,UP
2026-05-20,2026-05-21,8431.TWO,57.09999847412109,57.19124033329491,0.001597931026481,UP
2026-05-20,2026-05-21,8432.TWO,50.59999847412109,50.57578230710034,-0.000478580390336,DOWN
2026-05-20,2026-05-21,8433.TWO,52.5,52.56889154406963,0.0013122198870405,UP
2026-05-20,2026-05-21,8435.TWO,56.20000076293945,56.194584588924,-9.637320181360015e-05,DOWN
2026-05-20,2026-05-21,8436.TWO,119.5,119.45404784489074,-0.000384536862839,DOWN
2026-05-20,2026-05-21,8437.TWO,11.350000381469728,11.345859334010104,-0.0003648499841801,DOWN
2026-05-20,2026-05-21,8438.TW,88.69999694824219,89.04636489556106,0.0039049375336616,UP
2026-05-20,2026-05-21,8440.TWO,22.39999961853028,22.385947385483387,-0.0006273318431339,DOWN
2026-05-20,2026-05-21,8442.TW,40.29999923706055,40.31508194564344,0.000374260765966,UP
2026-05-20,2026-05-21,8443.TW,11.399999618530272,11.41241733851268,0.001089273719117,UP
2026-05-20,2026-05-21,8444.TWO,6.800000190734863,6.7920286030135255,-0.0011722922790795,DOWN
2026-05-20,2026-05-21,8446.TWO,85.0999984741211,85.09358139064945,-7.540638762288361e-05,DOWN
2026-05-20,2026-05-21,8450.TWO,16.0,16.00718182977289,0.0004488643608056,UP
2026-05-20,2026-05-21,8454.TW,194.5,194.8233414810384,0.0016624240670353,UP
2026-05-20,2026-05-21,8455.TWO,43.650001525878906,43.42159732736355,-0.0052326275035738,DOWN
2026-05-20,2026-05-21,8462.TW,138.0,137.98239479507902,-0.0001275739487027,DOWN
2026-05-20,2026-05-21,8463.TW,21.0,21.031427951878868,0.0014965691370889,UP
2026-05-20,2026-05-21,8464.TW,309.0,309.50813134701457,0.0016444380162283,UP
2026-05-20,2026-05-21,8466.TW,14.199999809265137,14.202658703846764,0.0001872460998128,UP
2026-05-20,2026-05-21,8467.TW,125.5,126.0833044226747,0.0046478440053761,UP
2026-05-20,2026-05-21,8472.TWO,71.80000305175781,71.79470810025865,-7.374583947231557e-05,DOWN
2026-05-20,2026-05-21,8473.TW,39.75,40.31075232778676,0.0141069767996668,UP
2026-05-20,2026-05-21,8476.TW,15.899999618530272,15.928175885520549,0.0017720923060551,UP
2026-05-20,2026-05-21,8477.TWO,15.399999618530272,15.43989380597036,0.0025905317161232,UP
2026-05-20,2026-05-21,8478.TW,150.5,151.0259661488235,0.0034947916865348,UP
2026-05-20,2026-05-21,8481.TW,40.25,40.27374377293745,0.0005899074021726,UP
2026-05-20,2026-05-21,8482.TW,48.70000076293945,48.742294271819,0.000868449860718,UP
2026-05-20,2026-05-21,8487.TW,79.0,78.97147165040951,-0.0003611183492466,DOWN
2026-05-20,2026-05-21,8488.TW,9.800000190734863,9.829485359803009,0.0030086906626819,UP
2026-05-20,2026-05-21,8489.TWO,25.0,24.9384110851679,-0.002463556593284,DOWN
2026-05-20,2026-05-21,8499.TW,278.5,279.37499264546204,0.0031418048311024,UP
2026-05-20,2026-05-21,8905.TWO,29.5,29.653079708339646,0.0051891426555812,UP
2026-05-20,2026-05-21,8906.TWO,25.200000762939453,25.231413568762285,0.0012465398758649,UP
2026-05-20,2026-05-21,8908.TWO,40.650001525878906,40.64207071348636,-0.0001950999285326,DOWN
2026-05-20,2026-05-21,8916.TWO,46.650001525878906,46.64446867782591,-0.0001186033841804,DOWN
2026-05-20,2026-05-21,8917.TWO,52.79999923706055,52.79746049837735,-4.808217272506085e-05,DOWN
2026-05-20,2026-05-21,8924.TWO,64.30000305175781,64.28248636619055,-0.0002724212245084,DOWN
2026-05-20,2026-05-21,8926.TW,59.900001525878906,59.69226443762232,-0.0034680648241191,DOWN
2026-05-20,2026-05-21,8927.TWO,19.549999237060547,19.576568643934248,0.0013590489979832,UP
2026-05-20,2026-05-21,8928.TWO,21.549999237060547,21.565550480922184,0.0007216354715638,UP
2026-05-20,2026-05-21,8929.TWO,14.550000190734863,14.554938452668264,0.0003393994411453,UP
2026-05-20,2026-05-21,8930.TWO,28.39999961853028,28.43069835082372,0.0010809412924573,UP
2026-05-20,2026-05-21,8931.TWO,41.900001525878906,41.92569227331395,0.0006131443078629,UP
2026-05-20,2026-05-21,8932.TWO,98.9000015258789,98.87787319299444,-0.0002237445150967,DOWN
2026-05-20,2026-05-21,8933.TWO,4.380000114440918,4.262805846400688,-0.0267566815018653,DOWN
2026-05-20,2026-05-21,8935.TWO,19.64999961853028,19.642243061819293,-0.0003947357181458,DOWN
2026-05-20,2026-05-21,8936.TWO,49.400001525878906,49.455487886318245,0.0011232056422158,UP
2026-05-20,2026-05-21,8937.TWO,31.799999237060547,31.653478577243646,-0.0046075680293143,DOWN
2026-05-20,2026-05-21,8938.TWO,54.09999847412109,54.14932144356427,0.0009117000154219,UP
2026-05-20,2026-05-21,8940.TW,16.700000762939453,16.7356624610716,0.0021354309283197,UP
2026-05-20,2026-05-21,8941.TWO,44.400001525878906,44.388695622918014,-0.0002546374453231,DOWN
2026-05-20,2026-05-21,8942.TWO,41.20000076293945,41.22280771262336,0.0005535667296498,UP
2026-05-20,2026-05-21,8996.TW,994.0,996.7516501699574,0.0027682597283273,UP
2026-05-20,2026-05-21,9103.TW,4.96999979019165,4.969258094956919,-0.0001492344599682,DOWN
2026-05-20,2026-05-21,9105.TW,5.590000152587891,5.597157044582781,0.0012803026475012,UP
2026-05-20,2026-05-21,9110.TW,2.7100000381469727,2.713147061169209,0.0011612630914897,UP
2026-05-20,2026-05-21,9136.TW,11.0,11.011798792285845,0.0010726174805313,UP
2026-05-20,2026-05-21,9802.TW,75.9000015258789,76.0606748705435,0.0021169083192943,UP
2026-05-20,2026-05-21,9902.TW,13.699999809265137,13.71245604840344,0.0009092145483009,UP
2026-05-20,2026-05-21,9904.TW,25.64999961853028,25.68355462125775,0.0013081872602924,UP
2026-05-20,2026-05-21,9905.TW,20.799999237060547,20.79035671742612,-0.0004635826917364,DOWN
2026-05-20,2026-05-21,9906.TW,33.150001525878906,33.09119272067299,-0.0017740211915225,DOWN
2026-05-20,2026-05-21,9907.TW,15.899999618530272,15.910360296357512,0.0006516149733215,UP
2026-05-20,2026-05-21,9908.TW,29.14999961853028,29.17003240246246,0.0006872310186736,UP
2026-05-20,2026-05-21,9910.TW,70.0999984741211,70.13879116202548,0.0005533907096832,UP
2026-05-20,2026-05-21,9911.TW,82.80000305175781,82.81157602112089,0.0001397701562382,UP
2026-05-20,2026-05-21,9912.TW,12.5,12.503457360799077,0.000276588863926,UP
2026-05-20,2026-05-21,9914.TW,68.5,68.21066036773846,-0.0042239362373948,DOWN
2026-05-20,2026-05-21,9917.TW,113.0,113.12263436138164,0.0010852598352357,UP
2026-05-20,2026-05-21,9918.TW,43.45000076293945,43.42779809872749,-0.0005109934136272,DOWN
2026-05-20,2026-05-21,9919.TW,14.25,14.25705293858482,0.0004949430585838,UP
2026-05-20,2026-05-21,9921.TW,70.5999984741211,70.71343418000501,0.0016067380784079,UP
2026-05-20,2026-05-21,9924.TW,41.900001525878906,41.8774987562863,-0.0005370589205994,DOWN
2026-05-20,2026-05-21,9925.TW,40.150001525878906,40.15795599467637,0.0001981187670025,UP
2026-05-20,2026-05-21,9926.TW,49.04999923706055,49.04056782396919,-0.0001922816154547,DOWN
2026-05-20,2026-05-21,9927.TW,66.69999694824219,66.77351895020162,0.0011022789403796,UP
2026-05-20,2026-05-21,9928.TW,17.700000762939453,17.682937912640895,-0.0009640028001741,DOWN
2026-05-20,2026-05-21,9929.TW,11.399999618530272,11.41745420193566,0.0015311038587242,UP
2026-05-20,2026-05-21,9930.TW,67.5999984741211,67.60199338486645,2.951051465062444e-05,UP
2026-05-20,2026-05-21,9931.TW,33.900001525878906,33.90038934137155,1.1439984518818988e-05,UP
2026-05-20,2026-05-21,9933.TW,38.75,38.73299814902566,-0.000438757444499,DOWN
2026-05-20,2026-05-21,9934.TW,9.710000038146973,9.705408622320398,-0.0004728543572128,DOWN
2026-05-20,2026-05-21,9935.TW,18.549999237060547,18.54340064004136,-0.0003557195304893,DOWN
2026-05-20,2026-05-21,9937.TW,56.0,56.02972150268033,0.0005307411192916,UP
2026-05-20,2026-05-21,9938.TW,43.400001525878906,43.46772503080465,0.0015604493673891,UP
2026-05-20,2026-05-21,9939.TW,124.0,123.94067708938384,-0.0004784105694852,DOWN
2026-05-20,2026-05-21,9940.TW,18.799999237060547,18.81931645996707,0.0010275118984282,UP
2026-05-20,2026-05-21,9941.TW,73.69999694824219,73.71812529931799,0.0002459749230184,UP
2026-05-20,2026-05-21,9942.TW,117.0,117.08027539408069,0.0006861144793219,UP
2026-05-20,2026-05-21,9943.TW,55.09999847412109,55.15503488843188,0.0009988460224121,UP
2026-05-20,2026-05-21,9944.TW,17.0,16.988212226016913,-0.0006933984695933,DOWN
2026-05-20,2026-05-21,9945.TW,23.39999961853028,23.445102834688043,0.001927487901412,UP
2026-05-20,2026-05-21,9946.TW,16.799999237060547,16.801530599943668,9.115255670623313e-05,UP
2026-05-20,2026-05-21,9949.TWO,23.350000381469727,23.41232579090241,0.0026691823732108,UP
2026-05-20,2026-05-21,9950.TWO,11.199999809265137,11.166272642292755,-0.0030113542452455,DOWN
2026-05-20,2026-05-21,9951.TWO,53.09999847412109,53.12308705160985,0.0004348131478763,UP
2026-05-20,2026-05-21,9955.TW,27.75,27.76874052209314,0.0006753341294825,UP
2026-05-20,2026-05-21,9958.TW,101.0,101.01745734212454,0.0001728449715301,UP
2026-05-20,2026-05-21,9960.TWO,31.25,31.401087442645803,0.0048347981646656,UP
2026-05-20,2026-05-21,9962.TWO,9.40999984741211,9.41035498880984,3.7740850530143366e-05,UP
2026-05-21,2026-05-22,0050.TW,95.4499969482422,95.14402990882878,-0.003205521730706,DOWN
2026-05-21,2026-05-22,0051.TW,132.10000610351562,131.70817503285213,-0.0029661699663848,DOWN
2026-05-21,2026-05-22,0052.TW,56.20000076293945,55.94402276647159,-0.0045547685585916,DOWN
2026-05-21,2026-05-22,0053.TW,220.3000030517578,219.90332492212733,-0.0018006269820034,DOWN
2026-05-21,2026-05-22,0055.TW,33.88999938964844,33.8572912808013,-0.0009651256841606,DOWN
2026-05-21,2026-05-22,0056.TW,45.220001220703125,45.0815612122065,-0.0030614773277193,DOWN
2026-05-21,2026-05-22,0057.TW,284.04998779296875,283.89467981603025,-0.0005467628361656,DOWN
2026-05-21,2026-05-22,0061.TW,25.09000015258789,25.08563011380893,-0.0001741745218168,DOWN
2026-05-21,2026-05-22,1101.TW,24.100000381469727,24.10230934742302,9.58077143877929e-05,UP
2026-05-21,2026-05-22,1102.TW,34.79999923706055,34.76247960970106,-0.0010781502351163,DOWN
2026-05-21,2026-05-22,1103.TW,13.0,12.99997157605776,-2.186457095376681e-06,DOWN
2026-05-21,2026-05-22,1104.TW,27.5,27.50004052676786,1.473700649512466e-06,UP
2026-05-21,2026-05-22,1108.TW,13.75,13.770968711178284,0.0015249971766024,UP
2026-05-21,2026-05-22,1109.TW,14.600000381469728,14.620468097691628,0.001401898334734,UP
2026-05-21,2026-05-22,1110.TW,14.0,14.02493716427125,0.001781226019375,UP
2026-05-21,2026-05-22,1201.TW,12.100000381469728,12.103314499614935,0.0002738940529526,UP
2026-05-21,2026-05-22,1210.TW,53.20000076293945,53.11403129769136,-0.001615967368707,DOWN
2026-05-21,2026-05-22,1213.TW,8.699999809265137,8.705239991728817,0.0006023198366165,UP
2026-05-21,2026-05-22,1215.TW,144.5,144.19961595744826,-0.0020787823013961,DOWN
2026-05-21,2026-05-22,1216.TW,73.0999984741211,73.05175056320162,-0.0006600261549465,DOWN
2026-05-21,2026-05-22,1217.TW,9.460000038146973,9.4665960838609,0.000697256415151,UP
2026-05-21,2026-05-22,1218.TW,18.549999237060547,18.54862051136584,-7.432483835144634e-05,DOWN
2026-05-21,2026-05-22,1219.TW,12.5,12.517381037469022,0.0013904829975217,UP
2026-05-21,2026-05-22,1220.TW,11.850000381469728,11.877111769234403,0.0022878807503729,UP
2026-05-21,2026-05-22,1225.TW,28.799999237060547,28.948872522046216,0.0051692114211619,UP
2026-05-21,2026-05-22,1227.TW,28.64999961853028,28.623874573917483,-0.0009118689340539,DOWN
2026-05-21,2026-05-22,1229.TW,38.75,38.81812536899815,0.001758074038662,UP
2026-05-21,2026-05-22,1231.TW,86.30000305175781,86.22997875134222,-0.0008114055381156,DOWN
2026-05-21,2026-05-22,1232.TW,148.0,148.09378042304888,0.000633651507087,UP
2026-05-21,2026-05-22,1234.TW,33.75,33.78830113535514,0.0011348484549671,UP
2026-05-21,2026-05-22,1235.TW,37.04999923706055,37.26473007328078,0.0057957042008638,UP
2026-05-21,2026-05-22,1236.TW,23.799999237060547,23.88169864019183,0.0034327481407672,UP
2026-05-21,2026-05-22,1240.TWO,58.0,58.020375985594,0.0003513100964482,UP
2026-05-21,2026-05-22,1256.TW,186.0,186.18615926848724,0.0010008562821894,UP
2026-05-21,2026-05-22,1264.TWO,271.5,271.3827709780162,-0.0004317827697377,DOWN
2026-05-21,2026-05-22,1268.TWO,170.0,169.89442626712844,-0.000621021958068,DOWN
2026-05-21,2026-05-22,1294.TWO,77.80000305175781,77.78632939671722,-0.0001757539139361,DOWN
2026-05-21,2026-05-22,1295.TWO,51.5,51.60494337428827,0.0020377354230731,UP
2026-05-21,2026-05-22,1301.TW,45.79999923706055,45.82735475053611,0.0005972819635644,UP
2026-05-21,2026-05-22,1303.TW,87.5,87.30007568665314,-0.0022848492953926,DOWN
2026-05-21,2026-05-22,1304.TW,12.149999618530272,12.179447286221906,0.0024236764293163,UP
2026-05-21,2026-05-22,1305.TW,12.449999809265137,12.465941403189454,0.0012804493308067,UP
2026-05-21,2026-05-22,1307.TW,31.64999961853028,31.630699867379523,-0.0006097867735661,DOWN
2026-05-21,2026-05-22,1308.TW,13.199999809265137,13.220794317617424,0.0015753415646031,UP
2026-05-21,2026-05-22,1309.TW,15.649999618530272,15.720300105153637,0.0044920439831911,UP
2026-05-21,2026-05-22,1310.TW,8.069999694824219,8.088031285370544,0.0022343979217112,UP
2026-05-21,2026-05-22,1312.TW,10.649999618530272,10.652074292377703,0.0001948050630745,UP
2026-05-21,2026-05-22,1313.TW,10.600000381469728,10.605462493431816,0.0005152935627847,UP
2026-05-21,2026-05-22,1314.TW,7.019999980926514,7.025300820823326,0.0007551054004579,UP
2026-05-21,2026-05-22,1315.TW,60.59999847412109,60.60231349370142,3.820164420177947e-05,UP
2026-05-21,2026-05-22,1316.TW,10.800000190734863,10.820379286200223,0.001886953250505,UP
2026-05-21,2026-05-22,1319.TW,81.0,80.97148016610299,-0.0003520967147778,DOWN
2026-05-21,2026-05-22,1321.TW,29.64999961853028,29.658606130602,0.0002902702253777,UP
2026-05-21,2026-05-22,1323.TW,19.700000762939453,19.6660495850264,-0.0017234099796042,DOWN
2026-05-21,2026-05-22,1324.TW,10.199999809265137,10.20452766492063,0.000443907425506,UP
2026-05-21,2026-05-22,1325.TW,26.950000762939453,26.91476199445091,-0.0013075609458609,DOWN
2026-05-21,2026-05-22,1326.TW,45.20000076293945,45.21093762046492,0.000241965870373,UP
2026-05-21,2026-05-22,1336.TWO,13.100000381469728,13.137906013787914,0.0028935596346855,UP
2026-05-21,2026-05-22,1337.TW,4.78000020980835,4.778825642686238,-0.0002457253285683,DOWN
2026-05-21,2026-05-22,1338.TW,16.100000381469727,16.11355623893428,0.0008419787045567,UP
2026-05-21,2026-05-22,1339.TW,40.79999923706055,40.73380613469431,-0.0016223799902945,DOWN
2026-05-21,2026-05-22,1340.TW,5.489999771118164,5.497112941247485,0.0012956594582647,UP
2026-05-21,2026-05-22,1341.TW,61.09999847412109,61.07969865237301,-0.0003322393167764,DOWN
2026-05-21,2026-05-22,1342.TW,92.9000015258789,92.91117171745076,0.000120238873933,UP
2026-05-21,2026-05-22,1402.TW,27.0,26.982274382316973,-0.0006565043586306,DOWN
2026-05-21,2026-05-22,1409.TW,16.899999618530273,16.87680039925014,-0.0013727348996325,DOWN
2026-05-21,2026-05-22,1410.TW,26.350000381469727,26.424694078495804,0.0028346753679216,UP
2026-05-21,2026-05-22,1413.TW,9.329999923706056,9.350391505235768,0.0021855928935111,UP
2026-05-21,2026-05-22,1414.TW,15.949999809265137,15.950257572723524,1.6160718587348477e-05,UP
2026-05-21,2026-05-22,1416.TW,11.100000381469728,11.101067993353666,9.61812474998089e-05,UP
2026-05-21,2026-05-22,1417.TW,8.220000267028809,8.234996497077477,0.0018243588274345,UP
2026-05-21,2026-05-22,1418.TW,17.850000381469727,17.868897576841878,0.0010586663847788,UP
2026-05-21,2026-05-22,1419.TW,63.0,62.82646305905655,-0.0027545546181499,DOWN
2026-05-21,2026-05-22,1423.TW,40.75,40.73760622956616,-0.0003041416057385,DOWN
2026-05-21,2026-05-22,1432.TW,16.25,16.259591110574547,0.0005902221892029,UP
2026-05-21,2026-05-22,1434.TW,15.25,15.26061284962634,0.0006959245656616,UP
2026-05-21,2026-05-22,1436.TW,45.20000076293945,45.15665221404224,-0.0009590386762284,DOWN
2026-05-21,2026-05-22,1437.TW,28.350000381469727,28.35656859727785,0.0002316830941708,UP
2026-05-21,2026-05-22,1438.TW,20.600000381469727,20.61076598647196,0.0005226021748967,UP
2026-05-21,2026-05-22,1440.TW,11.399999618530272,11.418632027279155,0.0016344218747689,UP
2026-05-21,2026-05-22,1441.TW,9.300000190734863,9.317108953221943,0.0018396518426015,UP
2026-05-21,2026-05-22,1442.TW,26.299999237060547,26.293796946588035,-0.0002358285419176,DOWN
2026-05-21,2026-05-22,1443.TW,26.25,26.18415734788869,-0.0025082915090024,DOWN
2026-05-21,2026-05-22,1444.TW,5.900000095367432,5.903452807895304,0.0005852055037394,UP
2026-05-21,2026-05-22,1445.TW,11.5,11.525704511092044,0.002235174877569,UP
2026-05-21,2026-05-22,1446.TW,15.600000381469728,15.571194345544706,-0.0018465407192707,DOWN
2026-05-21,2026-05-22,1447.TW,5.829999923706055,5.775378486912242,-0.0093690287321805,DOWN
2026-05-21,2026-05-22,1449.TW,12.399999618530272,12.430529773134287,0.002462109318003,UP
2026-05-21,2026-05-22,1451.TW,16.700000762939453,16.69838502787137,-9.6750598459117e-05,DOWN
2026-05-21,2026-05-22,1452.TW,10.5,10.5064303119143,0.0006124106585048,UP
2026-05-21,2026-05-22,1453.TW,11.300000190734863,11.307492847092956,0.0006630669231525,UP
2026-05-21,2026-05-22,1454.TW,13.100000381469728,13.087679333160406,-0.0009405380114912,DOWN
2026-05-21,2026-05-22,1455.TW,8.140000343322754,8.137119702720822,-0.0003538870369083,DOWN
2026-05-21,2026-05-22,1456.TW,12.949999809265137,12.9748051303045,0.0019154688343405,UP
2026-05-21,2026-05-22,1457.TW,14.050000190734863,14.053518588641342,0.000250419776421,UP
2026-05-21,2026-05-22,1459.TW,11.75,11.75000990816487,8.432480740339088e-07,UP
2026-05-21,2026-05-22,1460.TW,7.010000228881836,7.008496209231458,-0.000214553438127,DOWN
2026-05-21,2026-05-22,1464.TW,10.149999618530272,10.132622732950828,-0.001712008495815,DOWN
2026-05-21,2026-05-22,1465.TW,12.050000190734863,12.042147552627409,-0.0006516712019219,DOWN
2026-05-21,2026-05-22,1466.TW,14.699999809265137,14.720156522054856,0.0013712049694731,UP
2026-05-21,2026-05-22,1467.TW,6.989999771118164,6.987011975903341,-0.0004274385282769,DOWN
2026-05-21,2026-05-22,1468.TW,11.899999618530272,11.917520661660864,0.0014723566127941,UP
2026-05-21,2026-05-22,1471.TW,10.350000381469728,10.375423706316973,0.0024563597980886,UP
2026-05-21,2026-05-22,1473.TW,20.5,20.50160409664386,7.824861677363515e-05,UP
2026-05-21,2026-05-22,1474.TW,9.869999885559082,9.87719217132354,0.0007287017069757,UP
2026-05-21,2026-05-22,1475.TW,25.350000381469727,25.39800246005818,0.0018935730913653,UP
2026-05-21,2026-05-22,1476.TW,337.5,338.3170541957952,0.0024209013208746,UP
2026-05-21,2026-05-22,1477.TW,215.0,217.72264197003096,0.0126634510233998,UP
2026-05-21,2026-05-22,1503.TW,185.5,185.0828718924895,-0.0022486690431833,DOWN
2026-05-21,2026-05-22,1504.TW,71.4000015258789,71.17202992524838,-0.003192879492417,DOWN
2026-05-21,2026-05-22,1506.TW,10.0,10.022661513648927,0.0022661513648927,UP
2026-05-21,2026-05-22,1512.TW,6.880000114440918,6.891828000351089,0.0017191694350912,UP
2026-05-21,2026-05-22,1513.TW,151.5,151.3937088100647,-0.0007015920127741,DOWN
2026-05-21,2026-05-22,1514.TW,117.0,116.19494773400947,-0.0068807885982096,DOWN
2026-05-21,2026-05-22,1515.TW,22.100000381469727,22.11902069995648,0.0008606478804723,UP
2026-05-21,2026-05-22,1517.TW,10.100000381469728,10.105673723631847,0.0005617170245386,UP
2026-05-21,2026-05-22,1519.TW,792.0,784.1398083418608,-0.0099244844168424,DOWN
2026-05-21,2026-05-22,1521.TW,24.600000381469727,24.554363410561464,-0.0018551613902672,DOWN
2026-05-21,2026-05-22,1522.TW,29.39999961853028,29.46225438982497,0.0021175092551856,UP
2026-05-21,2026-05-22,1524.TW,29.39999961853028,29.37392381248138,-0.000886932190042,DOWN
2026-05-21,2026-05-22,1525.TW,59.0,59.037460721156094,0.0006349274772219,UP
2026-05-21,2026-05-22,1526.TW,14.649999618530272,14.66594153182048,0.0010881852358579,UP
2026-05-21,2026-05-22,1527.TW,32.95000076293945,32.930383985966714,-0.000595349818468,DOWN
2026-05-21,2026-05-22,1528.TW,26.0,25.88955232128501,-0.0042479876428842,DOWN
2026-05-21,2026-05-22,1529.TW,20.450000762939453,20.545448475818624,0.0046673696488142,UP
2026-05-21,2026-05-22,1530.TW,27.350000381469727,27.27544013395288,-0.0027261516079307,DOWN
2026-05-21,2026-05-22,1531.TW,12.449999809265137,12.439563402233578,-0.0008382656378671,DOWN
2026-05-21,2026-05-22,1532.TW,20.850000381469727,20.824491842875847,-0.0012234310852363,DOWN
2026-05-21,2026-05-22,1533.TW,38.25,38.25202771183831,5.301207420416176e-05,UP
2026-05-21,2026-05-22,1535.TW,49.20000076293945,49.2012465145472,2.532015423637788e-05,UP
2026-05-21,2026-05-22,1536.TW,49.400001525878906,49.57629521023198,0.0035686979535966,UP
2026-05-21,2026-05-22,1537.TW,125.0,124.93251421983588,-0.000539886241313,DOWN
2026-05-21,2026-05-22,1539.TW,15.5,15.507260605343616,0.0004684261512011,UP
2026-05-21,2026-05-22,1540.TW,21.0,20.98052624979755,-0.0009273214382119,DOWN
2026-05-21,2026-05-22,1541.TW,20.450000762939453,20.568883507617084,0.005813336931169,UP
2026-05-21,2026-05-22,1558.TW,90.0,90.08378661470488,0.0009309623856097,UP
2026-05-21,2026-05-22,1560.TW,669.0,698.3178272791206,0.0438233591616152,UP
2026-05-21,2026-05-22,1563.TW,44.650001525878906,44.60695514262637,-0.0009640846983529,DOWN
2026-05-21,2026-05-22,1565.TWO,95.1999969482422,95.24683135341664,0.0004919580533169,UP
2026-05-21,2026-05-22,1568.TW,28.299999237060547,28.2706969674078,-0.0010354159167036,DOWN
2026-05-21,2026-05-22,1569.TWO,50.70000076293945,50.7612460098016,0.0012079930165782,UP
2026-05-21,2026-05-22,1570.TWO,40.09999847412109,39.83413220873356,-0.0066300816833972,DOWN
2026-05-21,2026-05-22,1580.TWO,123.0,122.99041358228716,-7.793835538905114e-05,DOWN
2026-05-21,2026-05-22,1582.TW,117.5,126.41619012132288,0.0758824691176414,UP
2026-05-21,2026-05-22,1583.TW,47.5,47.437848342524376,-0.0013084559468552,DOWN
2026-05-21,2026-05-22,1584.TWO,19.549999237060547,19.56208165873537,0.0006180267082526,UP
2026-05-21,2026-05-22,1586.TWO,22.799999237060547,22.7373672100253,-0.0027470188215374,DOWN
2026-05-21,2026-05-22,1587.TW,28.14999961853028,28.338668670765824,0.006702275481075,UP
2026-05-21,2026-05-22,1590.TW,1430.0,1461.0735619440677,0.0217297635972499,UP
2026-05-21,2026-05-22,1591.TWO,34.400001525878906,33.58329342557295,-0.0237415134906768,DOWN
2026-05-21,2026-05-22,1595.TWO,91.9000015258789,91.70519168169882,-0.002119802404195,DOWN
2026-05-21,2026-05-22,1597.TW,165.5,165.92912133934442,0.0025928781833499,UP
2026-05-21,2026-05-22,1598.TW,20.25,20.222726736363256,-0.0013468278339132,DOWN
2026-05-21,2026-05-22,1599.TWO,23.64999961853028,23.664021216755767,0.0005928794271313,UP
2026-05-21,2026-05-22,1603.TW,30.0,30.08327151183039,0.0027757170610129,UP
2026-05-21,2026-05-22,1604.TW,23.200000762939453,23.1516149374577,-0.002085595857352,DOWN
2026-05-21,2026-05-22,1605.TW,36.20000076293945,36.12983860512007,-0.001938181114383,DOWN
2026-05-21,2026-05-22,1608.TW,32.900001525878906,32.79725094405756,-0.0031231178436427,DOWN
2026-05-21,2026-05-22,1609.TW,35.150001525878906,35.115569357470434,-0.0009795780060812,DOWN
2026-05-21,2026-05-22,1611.TW,11.25,11.26162868575193,0.0010336609557271,UP
2026-05-21,2026-05-22,1612.TW,36.650001525878906,36.61717356875128,-0.0008957150275819,DOWN
2026-05-21,2026-05-22,1614.TW,30.549999237060547,30.56301802187165,0.0004261468129697,UP
2026-05-21,2026-05-22,1615.TW,43.04999923706055,43.0818674972483,0.00074026157381,UP
2026-05-21,2026-05-22,1616.TW,21.700000762939453,21.7130163166184,0.0005997950793244,UP
2026-05-21,2026-05-22,1617.TW,14.550000190734863,14.535379751393766,-0.0010048411786556,DOWN
2026-05-21,2026-05-22,1618.TW,38.84999847412109,38.78913899964917,-0.0015665245009586,DOWN
2026-05-21,2026-05-22,1623.TW,220.0,220.50453580915928,0.0022933445870876,UP
2026-05-21,2026-05-22,1626.TW,10.149999618530272,10.11440414722212,-0.003506943117827,DOWN
2026-05-21,2026-05-22,1702.TW,33.099998474121094,33.134500171516294,0.0010423474013805,UP
2026-05-21,2026-05-22,1707.TW,103.0,103.12794822175056,0.001242215745151,UP
2026-05-21,2026-05-22,1708.TW,39.75,39.74047912804963,-0.0002395187912043,DOWN
2026-05-21,2026-05-22,1709.TW,18.350000381469727,18.322009035025435,-0.0015254139434546,DOWN
2026-05-21,2026-05-22,1710.TW,12.949999809265137,12.879057789195258,-0.0054781483486295,DOWN
2026-05-21,2026-05-22,1711.TW,50.59999847412109,50.36779707122459,-0.0045889606699347,DOWN
2026-05-21,2026-05-22,1712.TW,40.400001525878906,40.41786925396846,0.0004422704805619,UP
2026-05-21,2026-05-22,1713.TW,47.900001525878906,47.83506043982107,-0.0013557637576013,DOWN
2026-05-21,2026-05-22,1714.TW,9.65999984741211,9.64770581611061,-0.0012726740678771,DOWN
2026-05-21,2026-05-22,1717.TW,79.30000305175781,79.68993656170802,0.004917194135487,UP
2026-05-21,2026-05-22,1718.TW,6.460000038146973,6.458271020071964,-0.0002676498552319,DOWN
2026-05-21,2026-05-22,1720.TW,62.20000076293945,62.12427135952992,-0.0012175145093352,DOWN
2026-05-21,2026-05-22,1721.TW,30.64999961853028,30.64502002164604,-0.0001624664582777,DOWN
2026-05-21,2026-05-22,1722.TW,46.04999923706055,46.07275928743311,0.0004942464875057,UP
2026-05-21,2026-05-22,1723.TW,81.4000015258789,81.4032740499943,4.020299820692208e-05,UP
2026-05-21,2026-05-22,1725.TW,31.100000381469727,31.01179473594604,-0.0028361943550407,DOWN
2026-05-21,2026-05-22,1726.TW,77.19999694824219,77.05898609877126,-0.0018265654798596,DOWN
2026-05-21,2026-05-22,1727.TW,93.0,95.86693652411924,0.030827274452895,UP
2026-05-21,2026-05-22,1730.TW,52.900001525878906,52.868879614489714,-0.000588315888308,DOWN
2026-05-21,2026-05-22,1731.TW,21.549999237060547,21.5476803441538,-0.0001076052431017,DOWN
2026-05-21,2026-05-22,1732.TW,26.600000381469727,26.55310203128293,-0.0017630958463996,DOWN
2026-05-21,2026-05-22,1733.TW,29.75,29.68137423467124,-0.0023067484144121,DOWN
2026-05-21,2026-05-22,1734.TW,30.549999237060547,30.54105845741788,-0.000292660552077,DOWN
2026-05-21,2026-05-22,1735.TW,27.14999961853028,27.073605606881927,-0.0028137757908552,DOWN
2026-05-21,2026-05-22,1736.TW,123.5,123.19970072049182,-0.0024315731134265,DOWN
2026-05-21,2026-05-22,1737.TW,31.600000381469727,31.55079807048872,-0.0015570351388305,DOWN
2026-05-21,2026-05-22,1742.TWO,15.699999809265137,15.575576038028167,-0.0079250810667871,DOWN
2026-05-21,2026-05-22,1752.TW,32.95000076293945,32.94758373683441,-7.335435657292791e-05,DOWN
2026-05-21,2026-05-22,1760.TW,61.900001525878906,61.81296458970407,-0.0014060894027352,DOWN
2026-05-21,2026-05-22,1762.TW,38.45000076293945,38.26514922656271,-0.0048075821250677,DOWN
2026-05-21,2026-05-22,1773.TW,172.5,172.19062606338412,-0.0017934720963239,DOWN
2026-05-21,2026-05-22,1776.TW,18.25,18.199161235883366,-0.002785685705021,DOWN
2026-05-21,2026-05-22,1777.TWO,71.9000015258789,71.73506767630262,-0.0022939338814467,DOWN
2026-05-21,2026-05-22,1781.TWO,10.449999809265137,10.453110405258462,0.0002976646937895,UP
2026-05-21,2026-05-22,1783.TW,38.900001525878906,38.875227959576605,-0.0006368525791912,DOWN
2026-05-21,2026-05-22,1784.TWO,71.80000305175781,71.84691117006894,0.0006533163832501,UP
2026-05-21,2026-05-22,1785.TWO,142.5,140.71386187104508,-0.0125343026593327,DOWN
2026-05-21,2026-05-22,1786.TW,58.5,57.999789455439895,-0.008550607599318,DOWN
2026-05-21,2026-05-22,1788.TWO,135.5,135.45578566630138,-0.0003263050457462,DOWN
2026-05-21,2026-05-22,1789.TW,19.25,19.257537973069702,0.0003915830166079,UP
2026-05-21,2026-05-22,1795.TW,196.0,197.18022889643908,0.0060215760022401,UP
2026-05-21,2026-05-22,1796.TWO,35.79999923706055,35.82966936041701,0.0008287744130939,UP
2026-05-21,2026-05-22,1799.TWO,35.099998474121094,35.103665951589846,0.0001044865421135,UP
2026-05-21,2026-05-22,1802.TW,66.80000305175781,66.63725502874384,-0.0024363475386052,DOWN
2026-05-21,2026-05-22,1805.TW,10.100000381469728,10.124445863083354,0.0024203446228056,UP
2026-05-21,2026-05-22,1806.TW,8.069999694824219,8.063446147545339,-0.0008120876736938,DOWN
2026-05-21,2026-05-22,1808.TW,29.0,28.96788546605967,-0.0011073977220803,DOWN
2026-05-21,2026-05-22,1809.TW,39.900001525878906,39.870304501998994,-0.0007442862843163,DOWN
2026-05-21,2026-05-22,1810.TW,18.850000381469727,18.81655459087178,-0.0017743124626577,DOWN
2026-05-21,2026-05-22,1815.TWO,103.5,102.94390392908826,-0.0053729088976979,DOWN
2026-05-21,2026-05-22,1817.TW,39.5,39.40508877846878,-0.0024028157349675,DOWN
2026-05-21,2026-05-22,1903.TW,48.0,47.97589406836778,-0.0005022069090045,DOWN
2026-05-21,2026-05-22,1904.TW,18.64999961853028,18.60830450647346,-0.0022356628905981,DOWN
2026-05-21,2026-05-22,1905.TW,11.899999618530272,11.913653895659388,0.001147418282926,UP
2026-05-21,2026-05-22,1906.TW,10.449999809265137,10.482186321396572,0.0030800490640103,UP
2026-05-21,2026-05-22,1907.TW,24.5,24.44121515937149,-0.002399381250143,DOWN
2026-05-21,2026-05-22,1909.TW,8.989999771118164,8.988585342438814,-0.0001573335612192,DOWN
2026-05-21,2026-05-22,2002.TW,18.14999961853028,18.16694385823688,0.000933566945605,UP
2026-05-21,2026-05-22,2006.TW,65.69999694824219,65.74083113427706,0.0006215249304659,UP
2026-05-21,2026-05-22,2007.TW,6.980000019073486,6.9887872071944015,0.0012589094694703,UP
2026-05-21,2026-05-22,2008.TW,27.5,27.46496892388677,-0.0012738573132082,DOWN
2026-05-21,2026-05-22,2009.TW,38.70000076293945,38.79207679419691,0.0023792255669832,UP
2026-05-21,2026-05-22,2010.TW,22.39999961853028,22.450576574239104,0.0022578998468815,UP
2026-05-21,2026-05-22,2012.TW,14.350000381469728,14.384839694615865,0.0024278266355395,UP
2026-05-21,2026-05-22,2013.TW,42.09999847412109,42.0934503655882,-0.0001555370254209,DOWN
2026-05-21,2026-05-22,2014.TW,17.100000381469727,17.130417582151562,0.001778783625923,UP
2026-05-21,2026-05-22,2015.TW,61.79999923706055,61.78698037904752,-0.0002106611354975,DOWN
2026-05-21,2026-05-22,2017.TW,8.550000190734863,8.561944805142574,0.0013970308937131,UP
2026-05-21,2026-05-22,2020.TW,21.450000762939453,21.467208188205536,0.0008022109395824,UP
2026-05-21,2026-05-22,2022.TW,7.53000020980835,7.550500001656642,0.0027224158402532,UP
2026-05-21,2026-05-22,2023.TW,13.649999618530272,13.666844200681233,0.0012340353569015,UP
2026-05-21,2026-05-22,2024.TW,13.800000190734863,13.74710924217018,-0.0038326773792505,DOWN
2026-05-21,2026-05-22,2025.TW,11.75,11.753654895765068,0.000311054958729,UP
2026-05-21,2026-05-22,2027.TW,41.150001525878906,41.06106730252184,-0.002161220414564,DOWN
2026-05-21,2026-05-22,2028.TW,17.0,16.961230375571176,-0.0022805661428719,DOWN
2026-05-21,2026-05-22,2029.TW,20.25,20.22511901980033,-0.0012286903802305,DOWN
2026-05-21,2026-05-22,2030.TW,17.100000381469727,17.087094900969763,-0.00075470644515,DOWN
2026-05-21,2026-05-22,2031.TW,38.400001525878906,38.40331617029516,8.631886157668515e-05,UP
2026-05-21,2026-05-22,2032.TW,16.450000762939453,16.4440784844166,-0.000360016914783,DOWN
2026-05-21,2026-05-22,2033.TW,15.149999618530272,15.137902687352202,-0.0007984773255884,DOWN
2026-05-21,2026-05-22,2034.TW,19.75,19.76253638381604,0.0006347536109387,UP
2026-05-21,2026-05-22,2038.TW,13.449999809265137,13.46137913124564,0.0008460462559014,UP
2026-05-21,2026-05-22,2049.TW,373.0,372.3444826808991,-0.0017574190860614,DOWN
2026-05-21,2026-05-22,2059.TW,4770.0,4928.365596793592,0.0332003347575664,UP
2026-05-21,2026-05-22,2061.TWO,24.5,25.66716669527814,0.0476394569501281,UP
2026-05-21,2026-05-22,2062.TW,18.75,18.78700692759594,0.0019737028051167,UP
2026-05-21,2026-05-22,2063.TWO,25.299999237060547,25.29946355331264,-2.117327130684018e-05,DOWN
2026-05-21,2026-05-22,2065.TWO,33.599998474121094,33.41514667888519,-0.0055015417747198,DOWN
2026-05-21,2026-05-22,2066.TWO,56.400001525878906,56.25724524599778,-0.0025311396457254,DOWN
2026-05-21,2026-05-22,2067.TWO,6.880000114440918,6.871728200886641,-0.0012023129966109,DOWN
2026-05-21,2026-05-22,2069.TW,19.39999961853028,19.38543966905672,-0.0007505128742195,DOWN
2026-05-21,2026-05-22,2070.TWO,64.19999694824219,63.97942596250964,-0.0034356852993369,DOWN
2026-05-21,2026-05-22,2073.TWO,25.89999961853028,25.87566153523269,-0.000939694349654,DOWN
2026-05-21,2026-05-22,2101.TW,30.850000381469727,30.99347316807128,0.004650657530874,UP
2026-05-21,2026-05-22,2102.TW,17.799999237060547,17.826997706487276,0.0015167680103332,UP
2026-05-21,2026-05-22,2103.TW,20.549999237060547,20.537804547387527,-0.0005934155778958,DOWN
2026-05-21,2026-05-22,2104.TW,9.9399995803833,9.958968846260255,0.0019083769293502,UP
2026-05-21,2026-05-22,2105.TW,32.75,32.62963780853897,-0.0036751814186573,DOWN
2026-05-21,2026-05-22,2106.TW,16.799999237060547,16.816350640452164,0.00097329786513,UP
2026-05-21,2026-05-22,2107.TW,25.299999237060547,25.304714999173704,0.0001863937650341,UP
2026-05-21,2026-05-22,2108.TW,27.89999961853028,27.849220215955743,-0.0018200502963736,DOWN
2026-05-21,2026-05-22,2109.TW,14.0,13.98960955766961,-0.0007421744521707,DOWN
2026-05-21,2026-05-22,2114.TW,89.0999984741211,89.10621850135765,6.980951002325961e-05,UP
2026-05-21,2026-05-22,2115.TW,20.5,20.519437018956523,0.0009481472661718,UP
2026-05-21,2026-05-22,2201.TW,26.64999961853028,26.67335551632024,0.0008763939258642,UP
2026-05-21,2026-05-22,2204.TW,52.09999847412109,52.10105048312863,2.01921120605616e-05,UP
2026-05-21,2026-05-22,2206.TW,59.09999847412109,59.00152016049722,-0.0016662997659295,DOWN
2026-05-21,2026-05-22,2207.TW,468.0,468.4700442007743,0.0010043679503723,UP
2026-05-21,2026-05-22,2208.TW,18.5,18.57728487905115,0.0041775610297918,UP
2026-05-21,2026-05-22,2211.TW,92.0,92.35336243826896,0.0038408960681408,UP
2026-05-21,2026-05-22,2221.TWO,44.900001525878906,44.56646189128901,-0.0074284994043409,DOWN
2026-05-21,2026-05-22,2227.TW,49.84999847412109,49.75622508464801,-0.0018811111804097,DOWN
2026-05-21,2026-05-22,2228.TW,82.0999984741211,82.0899156896045,-0.000122811019537,DOWN
2026-05-21,2026-05-22,2230.TWO,28.89999961853028,29.09651702122275,0.0067999102175235,UP
2026-05-21,2026-05-22,2231.TW,106.0,106.33879279531538,0.0031961584463715,UP
2026-05-21,2026-05-22,2233.TW,365.0,377.034995034337,0.0329725891351699,UP
2026-05-21,2026-05-22,2236.TW,133.5,133.61310306363157,0.000847213959787,UP
2026-05-21,2026-05-22,2239.TW,22.0,21.91448508761823,-0.0038870414718985,DOWN
2026-05-21,2026-05-22,2241.TW,36.900001525878906,38.856087202348114,0.0530104497447609,UP
2026-05-21,2026-05-22,2243.TW,21.299999237060547,21.218342149691228,-0.003833666210994,DOWN
2026-05-21,2026-05-22,2247.TW,206.0,208.5638112034649,0.0124456854537129,UP
2026-05-21,2026-05-22,2248.TW,54.900001525878906,54.831406270156506,-0.0012494581751526,DOWN
2026-05-21,2026-05-22,2250.TW,62.400001525878906,62.39880220621976,-1.921986586243813e-05,DOWN
2026-05-21,2026-05-22,2254.TW,56.20000076293945,56.26442478642713,0.0011463349219411,UP
2026-05-21,2026-05-22,2258.TW,27.799999237060547,27.812069079711176,0.0004341670137363,UP
2026-05-21,2026-05-22,2301.TW,206.5,205.82655308151152,-0.0032612441573292,DOWN
2026-05-21,2026-05-22,2302.TW,25.600000381469727,25.704560698636776,0.0040843873284757,UP
2026-05-21,2026-05-22,2303.TW,113.5,113.89845959586091,0.0035106572322547,UP
2026-05-21,2026-05-22,2305.TW,17.149999618530273,17.138938850689836,-0.0006449427455663,DOWN
2026-05-21,2026-05-22,2308.TW,2050.0,2063.22830254212,0.0064528305083513,UP
2026-05-21,2026-05-22,2312.TW,29.950000762939453,29.82421645441513,-0.0041998098604381,DOWN
2026-05-21,2026-05-22,2313.TW,265.0,264.5227813121164,-0.0018008252372965,DOWN
2026-05-21,2026-05-22,2314.TW,16.049999237060547,16.909048672908625,0.0535233318805694,UP
2026-05-21,2026-05-22,2316.TW,147.0,148.78506727796048,0.0121433148160576,UP
2026-05-21,2026-05-22,2317.TW,248.5,248.00301397813016,-0.0019999437499791,DOWN
2026-05-21,2026-05-22,2323.TW,9.68000030517578,9.62794579393965,-0.0053775319829583,DOWN
2026-05-21,2026-05-22,2324.TW,28.600000381469727,28.56411526490568,-0.0012547243386507,DOWN
2026-05-21,2026-05-22,2327.TW,572.0,617.3989887163043,0.0793688613921403,UP
2026-05-21,2026-05-22,2328.TW,51.70000076293945,51.57768973928127,-0.0023657837882637,DOWN
2026-05-21,2026-05-22,2329.TW,53.0,52.72333540068939,-0.0052200867794454,DOWN
2026-05-21,2026-05-22,2330.TW,2235.0,2256.116825868376,0.0094482442364096,UP
2026-05-21,2026-05-22,2331.TW,19.25,19.178578343708068,-0.0037102159112691,DOWN
2026-05-21,2026-05-22,2332.TW,14.050000190734863,14.03633591929469,-0.000972545996774,DOWN
2026-05-21,2026-05-22,2337.TW,145.0,143.85913698468357,-0.0078680207952857,DOWN
2026-05-21,2026-05-22,2338.TW,52.20000076293945,52.24581156201328,0.0008776015019975,UP
2026-05-21,2026-05-22,2340.TW,35.04999923706055,35.21708709548206,0.0047671287320553,UP
2026-05-21,2026-05-22,2342.TW,40.95000076293945,40.59265420539428,-0.0087264114990829,DOWN
2026-05-21,2026-05-22,2344.TW,117.5,119.2717003216967,0.0150783006101846,UP
2026-05-21,2026-05-22,2345.TW,2505.0,2552.625103024766,0.0190120171755552,UP
2026-05-21,2026-05-22,2347.TW,85.4000015258789,85.26781410212999,-0.0015478620771319,DOWN
2026-05-21,2026-05-22,2348.TW,69.69999694824219,69.66142659116379,-0.0005533767398446,DOWN
2026-05-21,2026-05-22,2349.TW,12.5,12.497674481164722,-0.0001860415068222,DOWN
2026-05-21,2026-05-22,2351.TW,189.0,189.3551973793656,0.0018793512135744,UP
2026-05-21,2026-05-22,2352.TW,27.100000381469727,27.10608898554768,0.0002246717340312,UP
2026-05-21,2026-05-22,2353.TW,28.25,28.21405144999153,-0.0012725150445476,DOWN
2026-05-21,2026-05-22,2354.TW,58.70000076293945,58.585785812063655,-0.0019457401940599,DOWN
2026-05-21,2026-05-22,2355.TW,61.900001525878906,61.99213754052874,0.0014884654665365,UP
2026-05-21,2026-05-22,2356.TW,53.29999923706055,53.27324972760852,-0.0005018669762648,DOWN
2026-05-21,2026-05-22,2357.TW,650.0,651.5190049656667,0.0023369307164102,UP
2026-05-21,2026-05-22,2359.TW,132.5,131.86510946135968,-0.0047916267067193,DOWN
2026-05-21,2026-05-22,2360.TW,2270.0,2322.904144432396,0.0233057904988527,UP
2026-05-21,2026-05-22,2362.TW,39.34999847412109,39.35584844851053,0.0001486651744926,UP
2026-05-21,2026-05-22,2363.TW,62.0,61.88554644281976,-0.0018460251158103,DOWN
2026-05-21,2026-05-22,2364.TW,67.69999694824219,67.68485364993553,-0.0002236824075225,DOWN
2026-05-21,2026-05-22,2365.TW,36.75,36.32627411652357,-0.0115299560129642,DOWN
2026-05-21,2026-05-22,2367.TW,64.69999694824219,64.51087562449113,-0.0029230499640107,DOWN
2026-05-21,2026-05-22,2368.TW,1280.0,1282.883743643761,0.002252924721688,UP
2026-05-21,2026-05-22,2369.TW,29.850000381469727,29.770437535977216,-0.0026654219254851,DOWN
2026-05-21,2026-05-22,2371.TW,28.600000381469727,28.59679037801045,-0.0001122378816944,DOWN
2026-05-21,2026-05-22,2373.TW,57.29999923706055,57.22575254123563,-0.0012957538710907,DOWN
2026-05-21,2026-05-22,2374.TW,80.0,79.87312030978501,-0.0015859961276873,DOWN
2026-05-21,2026-05-22,2375.TW,122.5,131.79684446379542,0.0758926078677177,UP
2026-05-21,2026-05-22,2376.TW,311.0,311.9067679902073,0.0029156527016311,UP
2026-05-21,2026-05-22,2377.TW,113.5,113.09262880252209,-0.0035891735460609,DOWN
2026-05-21,2026-05-22,2379.TW,579.0,579.980503253988,0.0016934425802901,UP
2026-05-21,2026-05-22,2380.TW,6.150000095367432,6.087636047845346,-0.0101404953747987,DOWN
2026-05-21,2026-05-22,2382.TW,302.5,302.95254739001393,0.0014960244297981,UP
2026-05-21,2026-05-22,2383.TW,4575.0,4668.64643599838,0.0204691663384437,UP
2026-05-21,2026-05-22,2385.TW,131.0,130.92981164809316,-0.0005357889458537,DOWN
2026-05-21,2026-05-22,2387.TW,38.75,38.76255545987078,0.000324011867633,UP
2026-05-21,2026-05-22,2388.TW,82.4000015258789,82.31416019582485,-0.0010417636949568,DOWN
2026-05-21,2026-05-22,2390.TW,10.050000190734863,10.051554963488565,0.0001547037536511,UP
2026-05-21,2026-05-22,2392.TW,36.09999847412109,36.20068634751278,0.0027891378849744,UP
2026-05-21,2026-05-22,2393.TW,63.900001525878906,64.22563502103952,0.0050959857180713,UP
2026-05-21,2026-05-22,2395.TW,467.5,469.714264703216,0.0047363950870931,UP
2026-05-21,2026-05-22,2397.TW,61.0,61.02796963969013,0.0004585186834447,UP
2026-05-21,2026-05-22,2399.TW,43.70000076293945,43.42792039047888,-0.0062260953709483,DOWN
2026-05-21,2026-05-22,2401.TW,28.100000381469727,28.017118730551445,-0.00294952490367,DOWN
2026-05-21,2026-05-22,2402.TW,62.900001525878906,62.99097400018445,0.0014463032130151,UP
2026-05-21,2026-05-22,2404.TW,1075.0,1078.9273440488614,0.0036533433012664,UP
2026-05-21,2026-05-22,2405.TW,15.600000381469728,15.595936771988224,-0.0002604877809062,DOWN
2026-05-21,2026-05-22,2406.TW,30.89999961853028,30.84367214148786,-0.0018228957196697,DOWN
2026-05-21,2026-05-22,2408.TW,287.5,289.04125672997907,0.0053608929738402,UP
2026-05-21,2026-05-22,2409.TW,20.299999237060547,20.22177467162882,-0.0038534270133822,DOWN
2026-05-21,2026-05-22,2412.TW,139.0,138.9453571345366,-0.0003931141400244,DOWN
2026-05-21,2026-05-22,2413.TW,50.900001525878906,50.64238222484253,-0.0050612827762961,DOWN
2026-05-21,2026-05-22,2414.TW,50.0,49.98859220504528,-0.0002281558990944,DOWN
2026-05-21,2026-05-22,2415.TW,27.200000762939453,27.0499534982079,-0.005516443401575,DOWN
2026-05-21,2026-05-22,2417.TW,48.45000076293945,48.082565116730834,-0.0075838109478355,DOWN
2026-05-21,2026-05-22,2419.TW,30.5,30.45858881919412,-0.0013577436329796,DOWN
2026-05-21,2026-05-22,2420.TW,61.09999847412109,61.18359846875142,0.0013682487187907,UP
2026-05-21,2026-05-22,2421.TW,147.0,147.03086251707282,0.0002099490957334,UP
2026-05-21,2026-05-22,2423.TW,75.30000305175781,74.7937402878135,-0.0067232768051327,DOWN
2026-05-21,2026-05-22,2424.TW,16.200000762939453,15.14651867852325,-0.0650297552347183,DOWN
2026-05-21,2026-05-22,2425.TW,33.849998474121094,33.63757877695048,-0.0062753236852585,DOWN
2026-05-21,2026-05-22,2426.TW,72.30000305175781,71.83854018136435,-0.0063826120458544,DOWN
2026-05-21,2026-05-22,2427.TW,20.39999961853028,20.43804624237687,0.0018650306155905,UP
2026-05-21,2026-05-22,2428.TW,229.5,229.1308058555005,-0.0016086890827864,DOWN
2026-05-21,2026-05-22,2429.TW,49.09999847412109,49.27357188000631,0.0035351000260561,UP
2026-05-21,2026-05-22,2430.TW,18.14999961853028,18.15650649998864,0.0003585058730095,UP
2026-05-21,2026-05-22,2431.TW,10.199999809265137,10.21700836364971,0.0016675053630023,UP
2026-05-21,2026-05-22,2432.TW,26.25,26.22169788708561,-0.0010781757300719,DOWN
2026-05-21,2026-05-22,2433.TW,44.650001525878906,44.64516497840511,-0.0001083213282982,DOWN
2026-05-21,2026-05-22,2434.TW,30.0,30.02000402309932,0.0006668007699772,UP
2026-05-21,2026-05-22,2436.TW,73.0,73.0255871473637,0.0003505088679958,UP
2026-05-21,2026-05-22,2438.TW,21.89999961853028,21.890517197682502,-0.0004329872608651,DOWN
2026-05-21,2026-05-22,2439.TW,86.0999984741211,85.99811855710686,-0.0011832743184641,DOWN
2026-05-21,2026-05-22,2440.TW,17.600000381469727,17.52312917393725,-0.0043676821514965,DOWN
2026-05-21,2026-05-22,2441.TW,106.5,106.54403279437976,0.0004134534683544,UP
2026-05-21,2026-05-22,2442.TW,18.600000381469727,18.57329664911325,-0.00143568450585,DOWN
2026-05-21,2026-05-22,2444.TW,12.949999809265137,12.974044219306434,0.0018567112274468,UP
2026-05-21,2026-05-22,2449.TW,287.5,284.339585294947,-0.0109927468001842,DOWN
2026-05-21,2026-05-22,2450.TW,29.200000762939453,29.185691253094515,-0.0004900516942143,DOWN
2026-05-21,2026-05-22,2451.TW,312.5,314.59920151974075,0.0067174448631703,UP
2026-05-21,2026-05-22,2453.TW,55.59999847412109,55.57834376358716,-0.0003894732217304,DOWN
2026-05-21,2026-05-22,2454.TW,3550.0,3637.048104312271,0.0245205927640199,UP
2026-05-21,2026-05-22,2455.TW,405.0,405.2964176080423,0.0007318953284993,UP
2026-05-21,2026-05-22,2457.TW,24.64999961853028,24.674194233653107,0.0009815259836613,UP
2026-05-21,2026-05-22,2458.TW,161.0,161.7758936593309,0.0048192152753472,UP
2026-05-21,2026-05-22,2459.TW,66.19999694824219,66.15596195097748,-0.0006651812582277,DOWN
2026-05-21,2026-05-22,2460.TW,31.850000381469727,31.891321273707,0.0012973592383787,UP
2026-05-21,2026-05-22,2461.TW,16.25,16.240986022312427,-0.0005547063192352,DOWN
2026-05-21,2026-05-22,2462.TW,20.39999961853028,20.410007149655435,0.0004905652604065,UP
2026-05-21,2026-05-22,2464.TW,132.0,132.95472820289433,0.0072327894158661,UP
2026-05-21,2026-05-22,2465.TW,83.0999984741211,84.75344602614699,0.0198970828205347,UP
2026-05-21,2026-05-22,2466.TW,47.59999847412109,47.65657624649124,0.0011886087013409,UP
2026-05-21,2026-05-22,2467.TW,589.0,583.9193951468915,-0.0086258146911859,DOWN
2026-05-21,2026-05-22,2468.TW,33.099998474121094,33.13394010294689,0.0010254269000142,UP
2026-05-21,2026-05-22,2471.TW,50.29999923706055,50.307049504644986,0.0001401643676217,UP
2026-05-21,2026-05-22,2472.TW,261.0,261.8610055705067,0.0032988719176501,UP
2026-05-21,2026-05-22,2474.TW,184.5,184.71526764775624,0.0011667623184621,UP
2026-05-21,2026-05-22,2476.TW,119.5,119.44192425151414,-0.0004859895270783,DOWN
2026-05-21,2026-05-22,2477.TW,20.75,20.744540030733333,-0.000263131048996,DOWN
2026-05-21,2026-05-22,2478.TW,116.0,124.49600241854786,0.0732414001598953,UP
2026-05-21,2026-05-22,2480.TW,147.0,146.97936255093373,-0.0001403908099746,DOWN
2026-05-21,2026-05-22,2481.TW,134.0,134.4665724276565,0.0034818837884813,UP
2026-05-21,2026-05-22,2482.TW,16.299999237060547,16.292816748049553,-0.0004406435182317,DOWN
2026-05-21,2026-05-22,2483.TW,24.350000381469727,24.175513651329,-0.0071657793596386,DOWN
2026-05-21,2026-05-22,2484.TW,45.150001525878906,44.643406830231406,-0.0112202586606144,DOWN
2026-05-21,2026-05-22,2485.TW,71.0999984741211,70.55107707767667,-0.0077204136177896,DOWN
2026-05-21,2026-05-22,2486.TW,278.5,280.45330714201555,0.007013670168817,UP
2026-05-21,2026-05-22,2488.TW,52.29999923706055,52.21107931288918,-0.0017001897795125,DOWN
2026-05-21,2026-05-22,2489.TW,45.95000076293945,46.34997311344439,0.0087045123800636,UP
2026-05-21,2026-05-22,2491.TW,21.0,20.912369144149125,-0.0041728978976607,DOWN
2026-05-21,2026-05-22,2492.TW,266.0,289.97614730075003,0.0901358921080828,UP
2026-05-21,2026-05-22,2493.TW,135.0,134.97905744494346,-0.0001551300374558,DOWN
2026-05-21,2026-05-22,2495.TW,38.59999847412109,38.638534557017785,0.0009983441559598,UP
2026-05-21,2026-05-22,2496.TW,64.19999694824219,64.20554249642569,8.637925930084063e-05,UP
2026-05-21,2026-05-22,2497.TW,56.59999847412109,56.54152368092226,-0.0010331235826015,DOWN
2026-05-21,2026-05-22,2498.TW,45.5,45.52975422589225,0.0006539390305988,UP
2026-05-21,2026-05-22,2501.TW,22.25,22.230071256286465,-0.0008956738747656,DOWN
2026-05-21,2026-05-22,2504.TW,34.79999923706055,34.7842346150741,-0.0004530063888524,DOWN
2026-05-21,2026-05-22,2505.TW,17.950000762939453,17.919051850622107,-0.0017241733148694,DOWN
2026-05-21,2026-05-22,2506.TW,8.649999618530273,8.649052294625594,-0.0001095172192435,DOWN
2026-05-21,2026-05-22,2509.TW,12.699999809265137,12.715102818742348,0.0011892133625223,UP
2026-05-21,2026-05-22,2511.TW,7.670000076293945,7.670724574146519,9.445864998273808e-05,UP
2026-05-21,2026-05-22,2514.TW,13.0,13.00683420349378,0.0005257079610601,UP
2026-05-21,2026-05-22,2515.TW,12.800000190734863,12.798078431532954,-0.0001501374354119,DOWN
2026-05-21,2026-05-22,2516.TW,12.350000381469728,12.38691856904135,0.0029893268365412,UP
2026-05-21,2026-05-22,2520.TW,30.700000762939453,30.65060397121766,-0.0016090159770101,DOWN
2026-05-21,2026-05-22,2524.TW,34.20000076293945,34.16560415085507,-0.0010057488689198,DOWN
2026-05-21,2026-05-22,2527.TW,33.5,33.46669833629858,-0.0009940795134752,DOWN
2026-05-21,2026-05-22,2528.TW,22.100000381469727,22.10078757503774,3.561961784725569e-05,UP
2026-05-21,2026-05-22,2530.TW,20.75,20.76314683027158,0.0006335821817629,UP
2026-05-21,2026-05-22,2534.TW,17.799999237060547,17.805898552443598,0.0003314222267362,UP
2026-05-21,2026-05-22,2535.TW,75.0999984741211,75.06785134932558,-0.0004280575958545,DOWN
2026-05-21,2026-05-22,2536.TW,20.0,20.01189257018268,0.000594628509134,UP
2026-05-21,2026-05-22,2537.TW,9.760000228881836,9.77289531322634,0.0013212176272645,UP
2026-05-21,2026-05-22,2538.TW,9.350000381469728,9.366673275629664,0.0017831971636042,UP
2026-05-21,2026-05-22,2539.TW,38.25,38.31890900401049,0.0018015425885096,UP
2026-05-21,2026-05-22,2540.TW,55.79999923706055,55.571761107305775,-0.004090289119631,DOWN
2026-05-21,2026-05-22,2542.TW,44.25,44.26122474575095,0.0002536665706429,UP
2026-05-21,2026-05-22,2543.TW,45.04999923706055,44.874569637994334,-0.0038941088132559,DOWN
2026-05-21,2026-05-22,2545.TW,37.45000076293945,37.46389874933603,0.0003711077733897,UP
2026-05-21,2026-05-22,2546.TW,84.5,84.48140492022503,-0.00022006011568,DOWN
2026-05-21,2026-05-22,2547.TW,10.050000190734863,10.059053038936788,0.0009007808985188,UP
2026-05-21,2026-05-22,2548.TW,124.0,123.9956167917262,-3.534845382091589e-05,DOWN
2026-05-21,2026-05-22,2596.TWO,29.0,28.987395879463293,-0.0004346248460933,DOWN
2026-05-21,2026-05-22,2597.TW,161.5,161.3311359686777,-0.0010455977171659,DOWN
2026-05-21,2026-05-22,2601.TW,4.949999809265137,4.947554000922192,-0.0004941027145832,DOWN
2026-05-21,2026-05-22,2603.TW,211.5,212.5122298663482,0.0047859568148851,UP
2026-05-21,2026-05-22,2605.TW,30.100000381469727,30.26693646495385,0.0055460492148994,UP
2026-05-21,2026-05-22,2606.TW,63.79999923706055,63.72002743098592,-0.0012534765992313,DOWN
2026-05-21,2026-05-22,2607.TW,47.34999847412109,47.35086894289475,1.8383712813385432e-05,UP
2026-05-21,2026-05-22,2608.TW,29.14999961853028,29.174367182938827,0.0008359370403922,UP
2026-05-21,2026-05-22,2609.TW,50.0,49.96124003373552,-0.0007751993252895,DOWN
2026-05-21,2026-05-22,2610.TW,18.600000381469727,18.55541109467677,-0.002397273434326,DOWN
2026-05-21,2026-05-22,2611.TW,12.949999809265137,12.963418805267692,0.0010362159227952,UP
2026-05-21,2026-05-22,2612.TW,55.0,55.08412265393417,0.0015295027988031,UP
2026-05-21,2026-05-22,2613.TW,21.5,21.51089154992951,0.0005065837176516,UP
2026-05-21,2026-05-22,2614.TW,18.200000762939453,18.23498014891469,0.0019219442037864,UP
2026-05-21,2026-05-22,2615.TW,80.5,80.38920292042894,-0.0013763612369075,DOWN
2026-05-21,2026-05-22,2616.TW,13.699999809265137,13.711143906177869,0.000813437742181,UP
2026-05-21,2026-05-22,2617.TW,28.75,28.749989532053,-3.641025045908464e-07,DOWN
2026-05-21,2026-05-22,2618.TW,35.150001525878906,35.073648569480106,-0.0021722035016865,DOWN
2026-05-21,2026-05-22,2630.TW,43.400001525878906,43.4730181585359,0.0016824108315631,UP
2026-05-21,2026-05-22,2633.TW,25.950000762939453,25.940201425018337,-0.0003776238008867,DOWN
2026-05-21,2026-05-22,2634.TW,46.29999923706055,46.32129507847545,0.0004599533858708,UP
2026-05-21,2026-05-22,2636.TW,65.19999694824219,65.28302960961776,0.0012735071359203,UP
2026-05-21,2026-05-22,2637.TW,71.4000015258789,71.40658483069954,9.220314677796e-05,UP
2026-05-21,2026-05-22,2641.TWO,17.549999237060547,17.54340813449366,-0.0003755614161491,DOWN
2026-05-21,2026-05-22,2642.TW,20.450000762939453,20.48174595746368,0.0015523321926593,UP
2026-05-21,2026-05-22,2643.TWO,66.30000305175781,66.32748940922528,0.00041457550833,UP
2026-05-21,2026-05-22,2645.TW,163.0,163.2696684563998,0.0016544077079743,UP
2026-05-21,2026-05-22,2646.TW,20.299999237060547,20.29174297721945,-0.0004067123227287,DOWN
2026-05-21,2026-05-22,2701.TW,10.25,10.25788297764666,0.0007690709899179,UP
2026-05-21,2026-05-22,2702.TW,13.0,13.004078514321009,0.0003137318708468,UP
2026-05-21,2026-05-22,2704.TW,41.900001525878906,41.83386503066997,-0.0015784365823492,DOWN
2026-05-21,2026-05-22,2705.TW,15.350000381469728,15.37281350594945,0.0014861969975754,UP
2026-05-21,2026-05-22,2706.TW,12.050000190734863,12.050553358867935,4.5906068407970746e-05,UP
2026-05-21,2026-05-22,2707.TW,173.5,173.28995964402566,-0.0012106072390452,DOWN
2026-05-21,2026-05-22,2718.TWO,46.09999847412109,45.9903347158548,-0.0023788234684616,DOWN
2026-05-21,2026-05-22,2719.TWO,25.700000762939453,25.70566229781179,0.0002202931791543,UP
2026-05-21,2026-05-22,2722.TW,22.299999237060547,22.334926525053504,0.0015662461519241,UP
2026-05-21,2026-05-22,2723.TW,63.20000076293945,63.31963906199741,0.0018930110381915,UP
2026-05-21,2026-05-22,2726.TWO,9.529999732971191,9.531879507419806,0.0001972481113625,UP
2026-05-21,2026-05-22,2727.TW,233.0,232.81927966029616,-0.0007756237755529,DOWN
2026-05-21,2026-05-22,2731.TW,160.5,160.44972545854398,-0.0003132370184175,DOWN
2026-05-21,2026-05-22,2732.TWO,64.5,64.51533280013973,0.0002377178316237,UP
2026-05-21,2026-05-22,2734.TWO,15.449999809265137,15.454748798560049,0.0003073779516852,UP
2026-05-21,2026-05-22,2736.TWO,11.899999618530272,11.918673669576863,0.0015692480374128,UP
2026-05-21,2026-05-22,2739.TW,34.5,34.47584455271135,-0.0007001578924246,DOWN
2026-05-21,2026-05-22,2740.TWO,36.650001525878906,36.77844579206264,0.0035046183038502,UP
2026-05-21,2026-05-22,2743.TWO,67.69999694824219,67.74955404648915,0.0007320103468372,UP
2026-05-21,2026-05-22,2745.TWO,101.5,101.5147436858897,0.000145257989061,UP
2026-05-21,2026-05-22,2748.TW,39.29999923706055,39.31535955398734,0.0003908477665391,UP
2026-05-21,2026-05-22,2751.TWO,51.79999923706055,51.87017204239056,0.0013546873815358,UP
2026-05-21,2026-05-22,2752.TWO,175.0,175.21105629275553,0.001206035958603,UP
2026-05-21,2026-05-22,2753.TW,174.0,174.21368833305314,0.0012280938681215,UP
2026-05-21,2026-05-22,2754.TWO,76.9000015258789,76.69055766518011,-0.0027235872112215,DOWN
2026-05-21,2026-05-22,2755.TWO,132.5,132.46287688074517,-0.0002801744849421,DOWN
2026-05-21,2026-05-22,2756.TWO,61.5,61.59573933260981,0.0015567371156066,UP
2026-05-21,2026-05-22,2762.TW,81.9000015258789,81.93239484636103,0.0003955228312406,UP
2026-05-21,2026-05-22,2801.TW,20.350000381469727,20.345063390846047,-0.0002426039573038,DOWN
2026-05-21,2026-05-22,2812.TW,18.950000762939453,18.97625920240897,0.0013856695732102,UP
2026-05-21,2026-05-22,2816.TW,30.950000762939453,30.9561182983076,0.000197658649995,UP
2026-05-21,2026-05-22,2820.TW,16.850000381469727,16.823637282146745,-0.0015645755920559,DOWN
2026-05-21,2026-05-22,2832.TW,53.20000076293945,53.159693803688825,-0.0007576495991087,DOWN
2026-05-21,2026-05-22,2834.TW,16.049999237060547,16.03296591394524,-0.0010612662881612,DOWN
2026-05-21,2026-05-22,2836.TW,11.800000190734863,11.789361754993775,-0.0009015623363666,DOWN
2026-05-21,2026-05-22,2838.TW,20.14999961853028,20.14852828599308,-7.301898585860933e-05,DOWN
2026-05-21,2026-05-22,2845.TW,12.0,11.995323901064694,-0.0003896749112755,DOWN
2026-05-21,2026-05-22,2849.TW,13.25,13.252698024029089,0.0002036244550254,UP
2026-05-21,2026-05-22,2850.TW,137.5,137.54216628876748,0.0003066639183089,UP
2026-05-21,2026-05-22,2851.TW,34.70000076293945,34.533848428984605,-0.0047882515937089,DOWN
2026-05-21,2026-05-22,2852.TW,27.049999237060547,26.98267915517908,-0.0024887276813387,DOWN
2026-05-21,2026-05-22,2855.TW,40.150001525878906,40.11863462651208,-0.0007812427938916,DOWN
2026-05-21,2026-05-22,2867.TW,7.679999828338623,7.677644067012275,-0.0003067397628911,DOWN
2026-05-21,2026-05-22,2880.TW,32.150001525878906,32.172309178276286,0.0006938616279512,UP
2026-05-21,2026-05-22,2881.TW,95.6999969482422,95.54878805257842,-0.001580030308105,DOWN
2026-05-21,2026-05-22,2882.TW,78.80000305175781,78.59910765676388,-0.0025494338478893,DOWN
2026-05-21,2026-05-22,2883.TW,21.64999961853028,21.651949902805264,9.008241613627124e-05,UP
2026-05-21,2026-05-22,2884.TW,31.75,31.732100834473385,-0.0005637532449327,DOWN
2026-05-21,2026-05-22,2885.TW,54.900001525878906,54.82543900358705,-0.0013581515522674,DOWN
2026-05-21,2026-05-22,2886.TW,40.29999923706055,40.191031985348125,-0.0027039020787924,DOWN
2026-05-21,2026-05-22,2887.TW,23.950000762939453,23.90743194164844,-0.0017774037551135,DOWN
2026-05-21,2026-05-22,2889.TW,14.649999618530272,14.636868526904385,-0.0008963202708401,DOWN
2026-05-21,2026-05-22,2890.TW,29.75,29.776529433758697,0.0008917456725612,UP
2026-05-21,2026-05-22,2891.TW,57.59999847412109,57.47869613789988,-0.0021059433929621,DOWN
2026-05-21,2026-05-22,2892.TW,27.700000762939453,27.73410566987807,0.0012312240432948,UP
2026-05-21,2026-05-22,2897.TW,10.100000381469728,10.083499921654196,-0.0016337088309229,DOWN
2026-05-21,2026-05-22,2901.TW,22.700000762939453,22.707767628662094,0.0003421526635065,UP
2026-05-21,2026-05-22,2903.TW,22.25,22.216574179183223,-0.0015022840816527,DOWN
2026-05-21,2026-05-22,2904.TW,14.399999618530272,14.404793668038804,0.0003329201135784,UP
2026-05-21,2026-05-22,2905.TW,13.350000381469728,13.355291779112164,0.0003963593626394,UP
2026-05-21,2026-05-22,2906.TW,12.649999618530272,12.627765293001367,-0.0017576542450115,DOWN
2026-05-21,2026-05-22,2908.TW,21.0,20.96935594570823,-0.0014592406805604,DOWN
2026-05-21,2026-05-22,2911.TW,7.900000095367432,8.21350606425076,0.0396842993795871,UP
2026-05-21,2026-05-22,2912.TW,221.5,221.55429860499865,0.0002451404288876,UP
2026-05-21,2026-05-22,2913.TW,10.899999618530272,10.929299109125491,0.0026880267541855,UP
2026-05-21,2026-05-22,2915.TW,43.95000076293945,43.934624184236704,-0.000349865265889,DOWN
2026-05-21,2026-05-22,2916.TWO,47.75,47.65175345458556,-0.002057519275695,DOWN
2026-05-21,2026-05-22,2923.TW,20.75,20.98484500288032,0.0113178314641118,UP
2026-05-21,2026-05-22,2926.TWO,36.09999847412109,36.15802472129368,0.0016073753358795,UP
2026-05-21,2026-05-22,2929.TW,5.230000019073486,5.243824078651735,0.0026432236190885,UP
2026-05-21,2026-05-22,2939.TW,22.5,22.51798973826226,0.000799543922767,UP
2026-05-21,2026-05-22,2945.TW,40.20000076293945,40.17084261224914,-0.0007253271178341,DOWN
2026-05-21,2026-05-22,2948.TWO,37.84999847412109,37.71980827554175,-0.003439635504037,DOWN
2026-05-21,2026-05-22,3002.TW,17.25,17.202631649386603,-0.002745991339907,DOWN
2026-05-21,2026-05-22,3003.TW,59.79999923706055,59.8913453294883,0.0015275266487151,UP
2026-05-21,2026-05-22,3004.TW,126.5,126.07884875196032,-0.003329258877784,DOWN
2026-05-21,2026-05-22,3005.TW,102.5,102.2720733936876,-0.0022236742079257,DOWN
2026-05-21,2026-05-22,3006.TW,226.0,224.26956770382824,-0.0076567800715565,DOWN
2026-05-21,2026-05-22,3008.TW,3340.0,3380.260481480509,0.0120540363714098,UP
2026-05-21,2026-05-22,3010.TW,131.5,131.61539362889016,0.0008775180904194,UP
2026-05-21,2026-05-22,3011.TW,13.449999809265137,13.431579040915697,-0.001369573874399,DOWN
2026-05-21,2026-05-22,3013.TW,101.0,100.64679866447112,-0.0034970429260283,DOWN
2026-05-21,2026-05-22,3014.TW,145.0,145.17920517653693,0.0012358977692201,UP
2026-05-21,2026-05-22,3015.TW,50.900001525878906,50.90915157966301,0.000179765294888,UP
2026-05-21,2026-05-22,3016.TW,115.0,116.25303036998956,0.0108959162607789,UP
2026-05-21,2026-05-22,3017.TW,2450.0,2488.579482585192,0.0157467275857925,UP
2026-05-21,2026-05-22,3019.TW,152.5,152.18091534043197,-0.0020923584233969,DOWN
2026-05-21,2026-05-22,3021.TW,17.100000381469727,17.079884886711994,-0.0011763446964323,DOWN
2026-05-21,2026-05-22,3022.TW,69.4000015258789,69.47987692263975,0.0011509422911331,UP
2026-05-21,2026-05-22,3023.TW,310.0,310.95868811011314,0.0030925422906875,UP
2026-05-21,2026-05-22,3024.TW,17.100000381469727,17.014382444321342,-0.0050068967975675,DOWN
2026-05-21,2026-05-22,3025.TW,60.70000076293945,60.68273865186624,-0.0002843840338755,DOWN
2026-05-21,2026-05-22,3026.TW,427.0,433.0915061390958,0.0142658223398028,UP
2026-05-21,2026-05-22,3027.TW,17.700000762939453,17.69148527976033,-0.0004811007238459,DOWN
2026-05-21,2026-05-22,3028.TW,84.5999984741211,84.76281556251628,0.0019245519069955,UP
2026-05-21,2026-05-22,3029.TW,95.5999984741211,95.70693144799895,0.0011185457697138,UP
2026-05-21,2026-05-22,3030.TW,374.0,372.0608750851825,-0.0051848259754478,DOWN
2026-05-21,2026-05-22,3031.TW,32.75,32.53745801874902,-0.0064898314885795,DOWN
2026-05-21,2026-05-22,3032.TW,77.69999694824219,77.47570078483236,-0.0028866946231573,DOWN
2026-05-21,2026-05-22,3033.TW,52.0,52.29541677981615,0.0056810919195413,UP
2026-05-21,2026-05-22,3034.TW,485.5,486.7907367292792,0.0026585720479488,UP
2026-05-21,2026-05-22,3035.TW,197.5,198.0310475616716,0.002688848413527,UP
2026-05-21,2026-05-22,3036.TW,284.5,284.6069151026604,0.0003758000093512,UP
2026-05-21,2026-05-22,3037.TW,903.0,927.2714119702578,0.0268786400556564,UP
2026-05-21,2026-05-22,3038.TW,22.600000381469727,22.577491846254148,-0.0009959528688341,DOWN
2026-05-21,2026-05-22,3040.TW,40.04999923706055,40.08207183537618,0.0008008139557205,UP
2026-05-21,2026-05-22,3041.TW,24.299999237060547,24.280644933794367,-0.0007964734104461,DOWN
2026-05-21,2026-05-22,3042.TW,158.5,158.3504566484189,-0.0009434911771677,DOWN
2026-05-21,2026-05-22,3043.TW,21.25,21.19781806803076,-0.0024556203279644,DOWN
2026-05-21,2026-05-22,3044.TW,476.0,476.5971206687391,0.0012544551864266,UP
2026-05-21,2026-05-22,3045.TW,115.0,114.7945552598685,-0.0017864760011434,DOWN
2026-05-21,2026-05-22,3046.TW,51.900001525878906,51.87787248969676,-0.000426378333941,DOWN
2026-05-21,2026-05-22,3047.TW,14.5,14.487917913822455,-0.0008332473225891,DOWN
2026-05-21,2026-05-22,3048.TW,67.80000305175781,73.41163742901053,0.0827674649655819,UP
2026-05-21,2026-05-22,3049.TW,12.300000190734863,12.253686960953162,-0.0037653031758964,DOWN
2026-05-21,2026-05-22,3050.TW,12.0,12.003387938369997,0.0002823281974997,UP
2026-05-21,2026-05-22,3051.TW,25.600000381469727,25.516577552505986,-0.0032587042078376,DOWN
2026-05-21,2026-05-22,3052.TW,10.5,10.506262993323617,0.0005964755546301,UP
2026-05-21,2026-05-22,3054.TW,68.80000305175781,68.38037606330033,-0.0060992292128504,DOWN
2026-05-21,2026-05-22,3055.TW,117.0,116.28212775383145,-0.0061356602236628,DOWN
2026-05-21,2026-05-22,3056.TW,13.850000381469728,13.835179668594332,-0.0010700875427574,DOWN
2026-05-21,2026-05-22,3057.TW,19.14999961853028,19.13496476020637,-0.0007851101108826,DOWN
2026-05-21,2026-05-22,3058.TW,8.220000267028809,8.223549057398372,0.0004317263083066,UP
2026-05-21,2026-05-22,3059.TW,42.650001525878906,42.59245903630695,-0.0013491790741682,DOWN
2026-05-21,2026-05-22,3060.TW,27.350000381469727,27.27700608781941,-0.0026688955258578,DOWN
2026-05-21,2026-05-22,3062.TW,28.200000762939453,28.203945427712952,0.0001398817257722,UP
2026-05-21,2026-05-22,3066.TWO,20.950000762939453,20.85084262508681,-0.004733085166663,DOWN
2026-05-21,2026-05-22,3071.TWO,29.75,29.70166502860957,-0.0016247049206867,DOWN
2026-05-21,2026-05-22,3073.TWO,20.450000762939453,20.421841580726426,-0.0013769770739599,DOWN
2026-05-21,2026-05-22,3078.TWO,54.20000076293945,54.01936056490031,-0.0033328449353576,DOWN
2026-05-21,2026-05-22,3081.TWO,2645.0,2609.9982409458607,-0.0132331792265176,DOWN
2026-05-21,2026-05-22,3083.TWO,28.200000762939453,28.180341901924848,-0.0006971227121539,DOWN
2026-05-21,2026-05-22,3086.TWO,37.09999847412109,37.040299980108514,-0.0016091238940134,DOWN
2026-05-21,2026-05-22,3088.TWO,139.0,140.2038267087191,0.0086606238037347,UP
2026-05-21,2026-05-22,3090.TW,190.0,187.32416136190287,-0.0140833612531423,DOWN
2026-05-21,2026-05-22,3092.TW,28.700000762939453,28.68148272658832,-0.0006452277302742,DOWN
2026-05-21,2026-05-22,3093.TWO,49.45000076293945,49.16934377071501,-0.005675571039319,DOWN
2026-05-21,2026-05-22,3094.TW,35.95000076293945,35.6918029451197,-0.0071821366436779,DOWN
2026-05-21,2026-05-22,3095.TWO,46.95000076293945,46.74785882120296,-0.0043054725974798,DOWN
2026-05-21,2026-05-22,3105.TWO,486.0,491.1798516567797,0.010658130981028,UP
2026-05-21,2026-05-22,3114.TWO,27.200000762939453,27.183114504992428,-0.0006208182894624,DOWN
2026-05-21,2026-05-22,3115.TWO,8.84000015258789,8.907592489843026,0.0076461918652057,UP
2026-05-21,2026-05-22,3118.TWO,33.349998474121094,33.341622364103905,-0.0002511577331461,DOWN
2026-05-21,2026-05-22,3122.TWO,36.09999847412109,35.97350142683467,-0.0035040734801441,DOWN
2026-05-21,2026-05-22,3128.TWO,23.799999237060547,23.772811088441703,-0.0011423592222855,DOWN
2026-05-21,2026-05-22,3130.TW,222.5,222.00548348308075,-0.0022225461434572,DOWN
2026-05-21,2026-05-22,3131.TWO,2665.0,2679.9015276692808,0.0055915676057338,UP
2026-05-21,2026-05-22,3135.TW,199.0,201.159780357033,0.0108531676232814,UP
2026-05-21,2026-05-22,3138.TW,168.0,167.898094589822,-0.0006065798224881,DOWN
2026-05-21,2026-05-22,3141.TWO,71.30000305175781,73.48669046111928,0.0306688263081015,UP
2026-05-21,2026-05-22,3147.TWO,179.0,178.67189769085962,-0.0018329737940803,DOWN
2026-05-21,2026-05-22,3149.TW,57.29999923706055,57.25022815545584,-0.0008686052751727,DOWN
2026-05-21,2026-05-22,3150.TW,19.5,19.50249101712689,0.0001277444680454,UP
2026-05-21,2026-05-22,3152.TWO,171.5,170.8131218967028,-0.0040051201358437,DOWN
2026-05-21,2026-05-22,3158.TWO,85.19999694824219,85.29214331126403,0.001081530121155,UP
2026-05-21,2026-05-22,3162.TWO,86.5,86.9522368023172,0.0052281711250543,UP
2026-05-21,2026-05-22,3163.TWO,1045.0,1073.5329790133983,0.0273042861372232,UP
2026-05-21,2026-05-22,3164.TW,16.700000762939453,16.71112201385716,0.0006659431383013,UP
2026-05-21,2026-05-22,3167.TW,791.0,798.175127049908,0.0090709570795297,UP
2026-05-21,2026-05-22,3168.TW,45.54999923706055,45.45308947056103,-0.0021275470498948,DOWN
2026-05-21,2026-05-22,3169.TWO,116.0,116.52745874412358,0.0045470581389963,UP
2026-05-21,2026-05-22,3171.TWO,66.80000305175781,66.83175299668913,0.0004752985551021,UP
2026-05-21,2026-05-22,3176.TWO,37.09999847412109,36.71378574125079,-0.0104100471362471,DOWN
2026-05-21,2026-05-22,3178.TWO,68.0,67.49686101824045,-0.0073991026729345,DOWN
2026-05-21,2026-05-22,3188.TWO,24.299999237060547,24.31462771602147,0.0006019950378686,UP
2026-05-21,2026-05-22,3189.TW,554.0,569.8300740744919,0.0285741409286857,UP
2026-05-21,2026-05-22,3191.TWO,14.949999809265137,14.95593524803984,0.0003970193210988,UP
2026-05-21,2026-05-22,3205.TWO,55.09999847412109,54.96719431762949,-0.0024102388415485,DOWN
2026-05-21,2026-05-22,3206.TWO,38.20000076293945,38.20686986244731,0.0001798193552531,UP
2026-05-21,2026-05-22,3207.TWO,58.29999923706055,57.97740337916924,-0.0055333767086267,DOWN
2026-05-21,2026-05-22,3209.TW,75.80000305175781,75.68371144288477,-0.0015341900289058,DOWN
2026-05-21,2026-05-22,3211.TWO,361.0,360.0628577088937,-0.0025959620252251,DOWN
2026-05-21,2026-05-22,3213.TWO,116.5,116.56461137163568,0.000554604048375,UP
2026-05-21,2026-05-22,3217.TWO,198.5,199.0855828326894,0.0029500394593924,UP
2026-05-21,2026-05-22,3218.TWO,130.0,129.82535350718535,-0.0013434345601126,DOWN
2026-05-21,2026-05-22,3219.TWO,84.9000015258789,84.34255256875637,-0.0065659475512802,DOWN
2026-05-21,2026-05-22,3221.TWO,51.0,50.533522923476994,-0.0091466093435883,DOWN
2026-05-21,2026-05-22,3224.TWO,40.79999923706055,40.98618323901828,0.004563333466649,UP
2026-05-21,2026-05-22,3226.TWO,40.0,40.02010964322835,0.0005027410807088,UP
2026-05-21,2026-05-22,3227.TWO,227.5,227.65587232192047,0.0006851530633866,UP
2026-05-21,2026-05-22,3228.TWO,208.0,210.35152246057987,0.0113053964450955,UP
2026-05-21,2026-05-22,3229.TW,37.84999847412109,37.88629050768298,0.0009588384418748,UP
2026-05-21,2026-05-22,3230.TWO,32.849998474121094,32.76788977869571,-0.0024995037820189,DOWN
2026-05-21,2026-05-22,3231.TW,139.5,138.9220073763281,-0.0041433162987232,DOWN
2026-05-21,2026-05-22,3232.TWO,20.600000381469727,20.63501169886081,0.0016995784826576,UP
2026-05-21,2026-05-22,3234.TWO,101.0,101.21335724624804,0.0021124479826539,UP
2026-05-21,2026-05-22,3236.TWO,48.25,52.06155995102599,0.0789960611611604,UP
2026-05-21,2026-05-22,3252.TWO,18.200000762939453,18.17649630845249,-0.0012914534891023,DOWN
2026-05-21,2026-05-22,3257.TW,55.79999923706055,55.80159408790608,2.858155676226032e-05,UP
2026-05-21,2026-05-22,3259.TWO,15.850000381469728,15.921155815188603,0.0044893017038702,UP
2026-05-21,2026-05-22,3260.TWO,423.0,426.314184833318,0.0078349523246288,UP
2026-05-21,2026-05-22,3264.TWO,217.5,215.72567992843688,-0.0081577934324741,DOWN
2026-05-21,2026-05-22,3265.TWO,179.0,178.87282122991746,-0.0007104959222488,DOWN
2026-05-21,2026-05-22,3266.TW,12.100000381469728,12.139937546781194,0.0033005920704454,UP
2026-05-21,2026-05-22,3268.TWO,17.450000762939453,17.44666039802489,-0.0001914249151013,DOWN
2026-05-21,2026-05-22,3272.TWO,17.450000762939453,17.45543511646578,0.0003114242572336,UP
2026-05-21,2026-05-22,3276.TWO,14.300000190734863,14.324155049348192,0.0016891509294509,UP
2026-05-21,2026-05-22,3284.TWO,17.0,16.940341364592314,-0.0035093314945697,DOWN
2026-05-21,2026-05-22,3285.TWO,28.25,28.26543991663493,0.0005465457215905,UP
2026-05-21,2026-05-22,3287.TWO,31.850000381469727,31.838326761327217,-0.0003665186814032,DOWN
2026-05-21,2026-05-22,3289.TWO,166.5,166.5482619092072,0.0002898613165598,UP
2026-05-21,2026-05-22,3290.TWO,47.0,46.997280466584925,-5.78624130866956e-05,DOWN
2026-05-21,2026-05-22,3293.TWO,732.0,731.8056522005936,-0.0002655024582054,DOWN
2026-05-21,2026-05-22,3294.TWO,39.70000076293945,39.72666134663172,0.0006715512135997,UP
2026-05-21,2026-05-22,3296.TW,19.64999961853028,19.728191730305653,0.0039792424067855,UP
2026-05-21,2026-05-22,3297.TWO,30.450000762939453,30.498287323896363,0.0015857655089348,UP
2026-05-21,2026-05-22,3303.TWO,48.59999847412109,48.58785749667724,-0.0002498143585398,DOWN
2026-05-21,2026-05-22,3305.TW,140.0,139.2973975278437,-0.0050185890868306,DOWN
2026-05-21,2026-05-22,3306.TWO,45.5,45.50927770868293,0.0002039056853391,UP
2026-05-21,2026-05-22,3308.TW,20.200000762939453,20.171260152323583,-0.0014228024519979,DOWN
2026-05-21,2026-05-22,3310.TWO,68.80000305175781,68.80083629101486,1.2111035175698967e-05,UP
2026-05-21,2026-05-22,3311.TW,32.20000076293945,32.17029799842912,-0.0009224460809491,DOWN
2026-05-21,2026-05-22,3312.TW,46.45000076293945,46.35731601843415,-0.0019953658338635,DOWN
2026-05-21,2026-05-22,3313.TWO,12.0,11.99659258138854,-0.0002839515509549,DOWN
2026-05-21,2026-05-22,3317.TWO,73.80000305175781,73.87569398515463,0.0010256223613396,UP
2026-05-21,2026-05-22,3321.TW,15.5,15.539393620332705,0.0025415238924324,UP
2026-05-21,2026-05-22,3322.TWO,12.600000381469728,12.593754017932287,-0.0004957431228831,DOWN
2026-05-21,2026-05-22,3323.TWO,35.04999923706055,34.983515590328146,-0.0018968230579047,DOWN
2026-05-21,2026-05-22,3324.TWO,978.0,977.789080027782,-0.00021566459327,DOWN
2026-05-21,2026-05-22,3325.TWO,12.0,12.00159142096527,0.0001326184137724,UP
2026-05-21,2026-05-22,3332.TWO,64.80000305175781,64.6337978199081,-0.0025648954324425,DOWN
2026-05-21,2026-05-22,3338.TW,72.9000015258789,72.57239847549911,-0.0044938689097763,DOWN
2026-05-21,2026-05-22,3339.TWO,48.900001525878906,49.27104453792035,0.0075877914205193,UP
2026-05-21,2026-05-22,3346.TW,16.100000381469727,16.115807291029157,0.0009817956015468,UP
2026-05-21,2026-05-22,3349.TWO,18.549999237060547,18.57191505111489,0.0011814455501734,UP
2026-05-21,2026-05-22,3354.TWO,32.79999923706055,32.59817854896243,-0.0061530699022114,DOWN
2026-05-21,2026-05-22,3356.TW,61.09999847412109,61.08278349315432,-0.0002817509230225,DOWN
2026-05-21,2026-05-22,3357.TWO,254.0,274.6968460172415,0.0814836457371713,UP
2026-05-21,2026-05-22,3360.TWO,14.449999809265137,14.449134423686118,-5.9888276155113445e-05,DOWN
2026-05-21,2026-05-22,3362.TWO,117.5,117.53765207766264,0.0003204432141501,UP
2026-05-21,2026-05-22,3363.TWO,816.0,828.2252207994461,0.0149818882346153,UP
2026-05-21,2026-05-22,3372.TWO,19.850000381469727,19.77662830103513,-0.003696326399222,DOWN
2026-05-21,2026-05-22,3373.TWO,17.149999618530273,17.13313049889672,-0.0009836221579461,DOWN
2026-05-21,2026-05-22,3374.TWO,247.5,247.7976094622864,0.0012024624738842,UP
2026-05-21,2026-05-22,3376.TW,208.5,208.8159353195806,0.0015152773121371,UP
2026-05-21,2026-05-22,3379.TWO,41.79999923706055,41.66565539122828,-0.0032139676623045,DOWN
2026-05-21,2026-05-22,3380.TW,32.54999923706055,32.533770318572934,-0.00049858429702,DOWN
2026-05-21,2026-05-22,3388.TWO,97.0,96.16779328603296,-0.0085794506594538,DOWN
2026-05-21,2026-05-22,3390.TWO,28.0,27.917652474716306,-0.0029409830458462,DOWN
2026-05-21,2026-05-22,3402.TWO,134.5,134.45733347238274,-0.0003172232536599,DOWN
2026-05-21,2026-05-22,3406.TW,561.0,563.3482272550464,0.0041857883334159,UP
2026-05-21,2026-05-22,3413.TW,320.5,320.16576606343733,-0.0010428515961393,DOWN
2026-05-21,2026-05-22,3416.TW,172.5,172.6713530451525,0.0009933509863913,UP
2026-05-21,2026-05-22,3419.TW,13.899999618530272,13.914516683164718,0.001044393167831,UP
2026-05-21,2026-05-22,3430.TWO,172.0,172.9019016623497,0.0052436143159866,UP
2026-05-21,2026-05-22,3432.TW,18.799999237060547,19.18589991553182,0.0205266326665878,UP
2026-05-21,2026-05-22,3434.TWO,28.64999961853028,28.606330833193446,-0.0015242159133777,DOWN
2026-05-21,2026-05-22,3437.TW,25.100000381469727,25.027722764150724,-0.0028795863036066,DOWN
2026-05-21,2026-05-22,3438.TWO,67.69999694824219,67.40313746772568,-0.0043849260546268,DOWN
2026-05-21,2026-05-22,3441.TWO,49.79999923706055,49.44670463866706,-0.0070942691527306,DOWN
2026-05-21,2026-05-22,3443.TW,4985.0,5091.503234021366,0.0213647410273551,UP
2026-05-21,2026-05-22,3444.TWO,93.4000015258789,93.36940476532982,-0.0003275884373578,DOWN
2026-05-21,2026-05-22,3447.TW,36.95000076293945,37.00475776884844,0.0014819216448813,UP
2026-05-21,2026-05-22,3450.TW,435.0,439.93553400971,0.0113460551947355,UP
2026-05-21,2026-05-22,3455.TWO,292.0,292.3222838738002,0.0011037118965759,UP
2026-05-21,2026-05-22,3465.TWO,26.89999961853028,26.98624908329146,0.0032062998507171,UP
2026-05-21,2026-05-22,3466.TWO,34.79999923706055,34.830868639259904,0.0008870518067851,UP
2026-05-21,2026-05-22,3467.TWO,62.900001525878906,62.36092399298984,-0.0085703898221254,DOWN
2026-05-21,2026-05-22,3479.TWO,114.5,114.8543911552988,0.0030951192602515,UP
2026-05-21,2026-05-22,3481.TW,40.59999847412109,42.47890696296211,0.0462785359472035,UP
2026-05-21,2026-05-22,3483.TWO,88.4000015258789,88.20078470875298,-0.0022535838652401,DOWN
2026-05-21,2026-05-22,3484.TWO,44.20000076293945,44.14238590624385,-0.0013035035226494,DOWN
2026-05-21,2026-05-22,3489.TWO,21.89999961853028,21.89312841328538,-0.0003137536696158,DOWN
2026-05-21,2026-05-22,3490.TWO,38.09999847412109,38.1511409838225,0.001342323143035,UP
2026-05-21,2026-05-22,3491.TWO,1830.0,1851.6797059681269,0.0118468338623642,UP
2026-05-21,2026-05-22,3492.TWO,22.39999961853028,22.371442551652148,-0.0012748690787702,DOWN
2026-05-21,2026-05-22,3494.TW,7.789999961853027,7.773888158600047,-0.0020682674366981,DOWN
2026-05-21,2026-05-22,3498.TWO,149.0,150.7018066579476,0.0114215211942791,UP
2026-05-21,2026-05-22,3499.TWO,14.800000190734863,14.822440461311976,0.0015162344789131,UP
2026-05-21,2026-05-22,3501.TW,40.150001525878906,40.23438781507411,0.0021017754916101,UP
2026-05-21,2026-05-22,3504.TW,85.5999984741211,85.49501804589232,-0.0012264068936929,DOWN
2026-05-21,2026-05-22,3508.TWO,19.89999961853028,19.873780801044465,-0.0013175285421311,DOWN
2026-05-21,2026-05-22,3511.TWO,20.200000762939453,20.150858278392864,-0.0024327961727976,DOWN
2026-05-21,2026-05-22,3512.TWO,20.200000762939453,20.19377879316236,-0.0003080182941631,DOWN
2026-05-21,2026-05-22,3515.TW,224.0,223.3072487786412,-0.0030926393810659,DOWN
2026-05-21,2026-05-22,3516.TWO,23.100000381469727,23.00168315917876,-0.0042561567388475,DOWN
2026-05-21,2026-05-22,3518.TW,32.95000076293945,33.001003993342664,0.0015478977002202,UP
2026-05-21,2026-05-22,3520.TWO,15.149999618530272,15.127566173079206,-0.0014807555126025,DOWN
2026-05-21,2026-05-22,3521.TWO,13.0,13.004444255609997,0.0003418658161535,UP
2026-05-21,2026-05-22,3522.TWO,12.399999618530272,12.420678172695393,0.0016676253871991,UP
2026-05-21,2026-05-22,3523.TWO,9.699999809265137,9.811812899484528,0.0115271229296922,UP
2026-05-21,2026-05-22,3526.TWO,366.0,366.7148786885664,0.0019532204605638,UP
2026-05-21,2026-05-22,3527.TWO,58.20000076293945,58.25353343640781,0.0009198053739965,UP
2026-05-21,2026-05-22,3528.TW,84.30000305175781,84.38467751462372,0.0010044419905171,UP
2026-05-21,2026-05-22,3529.TWO,3535.0,3587.4063172517344,0.0148249836638569,UP
2026-05-21,2026-05-22,3530.TW,67.0999984741211,66.85716815160518,-0.003618931863457,DOWN
2026-05-21,2026-05-22,3532.TW,226.0,232.49150946736336,0.0287234932184219,UP
2026-05-21,2026-05-22,3533.TW,2495.0,2511.869372408837,0.0067612715065479,UP
2026-05-21,2026-05-22,3535.TW,124.5,125.66950004640968,0.0093935746699571,UP
2026-05-21,2026-05-22,3537.TWO,63.5,68.05723493983969,0.0717674793675541,UP
2026-05-21,2026-05-22,3540.TWO,25.700000762939453,25.725079128331863,0.0009758118540048,UP
2026-05-21,2026-05-22,3541.TWO,22.89999961853028,22.887824309150712,-0.0005316729075275,DOWN
2026-05-21,2026-05-22,3543.TW,35.75,35.78339190916449,0.0009340394171886,UP
2026-05-21,2026-05-22,3545.TW,59.5,59.49516807314649,-8.12088546808809e-05,DOWN
2026-05-21,2026-05-22,3546.TWO,81.19999694824219,80.82369246295248,-0.0046342918649315,DOWN
2026-05-21,2026-05-22,3548.TWO,96.0,96.00680454005489,7.088062557158992e-05,UP
2026-05-21,2026-05-22,3550.TW,20.549999237060547,20.46780277686348,-0.0039998278953135,DOWN
2026-05-21,2026-05-22,3551.TWO,196.5,196.8174384679296,0.0016154629411175,UP
2026-05-21,2026-05-22,3552.TWO,52.70000076293945,52.69037012873624,-0.0001827444793889,DOWN
2026-05-21,2026-05-22,3555.TWO,214.5,221.45290538482368,0.0324144773185253,UP
2026-05-21,2026-05-22,3556.TWO,52.79999923706055,52.66698699860248,-0.002519171219319,DOWN
2026-05-21,2026-05-22,3557.TW,24.700000762939453,24.78058074970964,0.0032623475417494,UP
2026-05-21,2026-05-22,3558.TWO,120.0,119.65761420316994,-0.0028532149735838,DOWN
2026-05-21,2026-05-22,3563.TW,929.0,936.5398378502578,0.0081160794943571,UP
2026-05-21,2026-05-22,3564.TWO,40.84999847412109,40.79390527344054,-0.0013731506187469,DOWN
2026-05-21,2026-05-22,3567.TWO,28.200000762939453,27.97683267492526,-0.0079137617722153,DOWN
2026-05-21,2026-05-22,3570.TWO,173.5,173.3733097089862,-0.0007302034064196,DOWN
2026-05-21,2026-05-22,3576.TW,17.649999618530273,17.61029118946428,-0.0022497694008051,DOWN
2026-05-21,2026-05-22,3577.TWO,130.5,130.65155268780654,0.001161323278211,UP
2026-05-21,2026-05-22,3580.TWO,100.5,100.30155987013131,-0.0019745286554098,DOWN
2026-05-21,2026-05-22,3581.TWO,225.5,230.16639423929155,0.0206935442984104,UP
2026-05-21,2026-05-22,3583.TW,868.0,871.6937474589795,0.0042554694227874,UP
2026-05-21,2026-05-22,3587.TWO,330.0,323.8298353739083,-0.0186974685639143,DOWN
2026-05-21,2026-05-22,3588.TW,61.5,61.48953554139007,-0.0001701537985354,DOWN
2026-05-21,2026-05-22,3591.TW,26.25,26.22556130227167,-0.0009309980086982,DOWN
2026-05-21,2026-05-22,3592.TW,262.5,263.01455409557093,0.0019602060783654,UP
2026-05-21,2026-05-22,3594.TWO,49.84999847412109,50.01826562225551,0.0033754694741218,UP
2026-05-21,2026-05-22,3596.TW,182.5,182.493605591626,-3.5037854104302824e-05,DOWN
2026-05-21,2026-05-22,3597.TWO,28.350000381469727,28.398993409991125,0.0017281491309404,UP
2026-05-21,2026-05-22,3605.TW,82.19999694824219,82.52024575195618,0.0038959709927439,UP
2026-05-21,2026-05-22,3607.TW,14.399999618530272,14.404356312915752,0.0003025482292286,UP
2026-05-21,2026-05-22,3609.TWO,28.64999961853028,28.51352557691385,-0.0047634919174015,DOWN
2026-05-21,2026-05-22,3611.TWO,188.0,188.0285160199273,0.0001516809570603,UP
2026-05-21,2026-05-22,3615.TWO,44.59999847412109,44.70883365213116,0.0024402507115155,UP
2026-05-21,2026-05-22,3617.TW,193.0,192.57844911096612,-0.0021842014975845,DOWN
2026-05-21,2026-05-22,3622.TW,54.79999923706055,54.84510871984592,0.0008231657557189,UP
2026-05-21,2026-05-22,3623.TWO,23.5,23.342612456763163,-0.0066973422653973,DOWN
2026-05-21,2026-05-22,3624.TWO,92.5999984741211,92.35839075518292,-0.0026091546751559,DOWN
2026-05-21,2026-05-22,3625.TWO,14.399999618530272,14.397474396761345,-0.0001753626274876,DOWN
2026-05-21,2026-05-22,3628.TWO,63.0,63.02122097634128,0.000336840894306,UP
2026-05-21,2026-05-22,3630.TWO,26.75,26.71764510546928,-0.0012095287675037,DOWN
2026-05-21,2026-05-22,3631.TWO,38.75,38.68811229171115,-0.0015971021493896,DOWN
2026-05-21,2026-05-22,3632.TWO,7.5,7.522117816843092,0.0029490422457456,UP
2026-05-21,2026-05-22,3645.TW,108.0,107.88839377323166,-0.0010333909885957,DOWN
2026-05-21,2026-05-22,3646.TWO,23.5,23.499557823033683,-1.8816041119862348e-05,DOWN
2026-05-21,2026-05-22,3652.TW,29.700000762939453,29.634869465351585,-0.0021929729264229,DOWN
2026-05-21,2026-05-22,3653.TW,3330.0,3388.8325527124107,0.0176674332469701,UP
2026-05-21,2026-05-22,3661.TW,4930.0,5010.610877368599,0.0163510907441377,UP
2026-05-21,2026-05-22,3663.TWO,82.5,82.67355101066642,0.0021036486141383,UP
2026-05-21,2026-05-22,3664.TWO,9.050000190734863,9.504726300659009,0.0502459779381752,UP
2026-05-21,2026-05-22,3665.TW,2115.0,2162.474115360528,0.0224463902413845,UP
2026-05-21,2026-05-22,3666.TWO,26.950000762939453,26.9648971002546,0.0005527397734113,UP
2026-05-21,2026-05-22,3669.TW,37.34999847412109,37.29798374840215,-0.0013926299288868,DOWN
2026-05-21,2026-05-22,3672.TWO,11.300000190734863,11.285304360181238,-0.0013005159562452,DOWN
2026-05-21,2026-05-22,3673.TW,72.19999694824219,71.74213823189953,-0.0063415337353944,DOWN
2026-05-21,2026-05-22,3675.TWO,318.0,317.8203781277407,-0.0005648486549034,DOWN
2026-05-21,2026-05-22,3679.TW,118.5,118.28409920545528,-0.0018219476332888,DOWN
2026-05-21,2026-05-22,3680.TWO,539.0,537.5935393813998,-0.0026093889027833,DOWN
2026-05-21,2026-05-22,3684.TWO,61.400001525878906,61.299212634480135,-0.0016415128484368,DOWN
2026-05-21,2026-05-22,3685.TWO,26.799999237060547,26.851368771660866,0.0019167737336828,UP
2026-05-21,2026-05-22,3686.TW,16.850000381469727,16.87997698402376,0.0017790268175304,UP
2026-05-21,2026-05-22,3687.TWO,69.80000305175781,69.63862725493883,-0.0023119740653782,DOWN
2026-05-21,2026-05-22,3689.TWO,122.0,121.55601228773594,-0.003639243543148,DOWN
2026-05-21,2026-05-22,3691.TWO,145.0,143.5452060494572,-0.0100330617278814,DOWN
2026-05-21,2026-05-22,3693.TWO,521.0,519.9281069384888,-0.0020573763176798,DOWN
2026-05-21,2026-05-22,3694.TW,69.30000305175781,69.19828499128607,-0.0014677930157632,DOWN
2026-05-21,2026-05-22,3701.TW,53.900001525878906,53.685488729159765,-0.0039798291400074,DOWN
2026-05-21,2026-05-22,3702.TW,127.0,127.18412532191724,0.0014498056843876,UP
2026-05-21,2026-05-22,3703.TW,20.25,20.257846525149944,0.000387482723454,UP
2026-05-21,2026-05-22,3704.TW,40.29999923706055,40.29752038734114,-6.150991976024382e-05,DOWN
2026-05-21,2026-05-22,3705.TW,55.900001525878906,55.91447409116005,0.0002589009818621,UP
2026-05-21,2026-05-22,3706.TW,82.0,82.06047510250937,0.0007375012501142,UP
2026-05-21,2026-05-22,3707.TWO,80.0,81.74256324768066,0.0217820405960083,UP
2026-05-21,2026-05-22,3708.TW,120.5,120.3805404684972,-0.0009913654066622,DOWN
2026-05-21,2026-05-22,3709.TWO,84.80000305175781,84.84765586810315,0.0005619435687549,UP
2026-05-21,2026-05-22,3710.TWO,6.099999904632568,6.090470409379313,-0.0015622123610228,DOWN
2026-05-21,2026-05-22,3711.TW,507.0,509.8048995235004,0.0055323462001979,UP
2026-05-21,2026-05-22,3712.TW,15.350000381469728,15.484827477063735,0.0087835239246487,UP
2026-05-21,2026-05-22,3713.TWO,13.0,13.054252557922156,0.0041732736863195,UP
2026-05-21,2026-05-22,3714.TW,73.5,73.71078511036467,0.0028678246308118,UP
2026-05-21,2026-05-22,3715.TW,167.0,165.4444088563323,-0.0093149170279502,DOWN
2026-05-21,2026-05-22,3716.TW,34.400001525878906,34.32426976635405,-0.0022015045396984,DOWN
2026-05-21,2026-05-22,3717.TW,23.39999961853028,23.336712429307216,-0.0027045807801186,DOWN
2026-05-21,2026-05-22,4102.TWO,17.0,17.030525491805747,0.0017956171650439,UP
2026-05-21,2026-05-22,4104.TW,70.4000015258789,70.29546762776302,-0.0014848564751445,DOWN
2026-05-21,2026-05-22,4105.TWO,74.0999984741211,74.05684076659195,-0.0005824252148158,DOWN
2026-05-21,2026-05-22,4106.TW,23.200000762939453,23.14574627567479,-0.0023385554086417,DOWN
2026-05-21,2026-05-22,4107.TWO,117.0,116.91378445434384,-0.0007368850056082,DOWN
2026-05-21,2026-05-22,4108.TW,12.100000381469728,12.097585484376298,-0.0001995782658923,DOWN
2026-05-21,2026-05-22,4109.TWO,11.800000190734863,11.736782347134124,-0.0053574442863464,DOWN
2026-05-21,2026-05-22,4111.TWO,30.39999961853028,30.323595414896914,-0.0025132962036878,DOWN
2026-05-21,2026-05-22,4113.TWO,15.600000381469728,15.476222490845284,-0.0079344799742102,DOWN
2026-05-21,2026-05-22,4114.TWO,30.850000381469727,30.800329394495822,-0.0016100805951282,DOWN
2026-05-21,2026-05-22,4116.TWO,37.59999847412109,37.62306776553836,0.0006135450094007,UP
2026-05-21,2026-05-22,4119.TW,42.900001525878906,42.9183528903938,0.0004277707193978,UP
2026-05-21,2026-05-22,4120.TWO,46.29999923706055,46.2915292190081,-0.0001829377579269,DOWN
2026-05-21,2026-05-22,4121.TWO,14.300000190734863,14.285734070635574,-0.0009976307628676,DOWN
2026-05-21,2026-05-22,4123.TWO,38.34999847412109,38.372663018096205,0.0005909920437262,UP
2026-05-21,2026-05-22,4127.TWO,57.20000076293945,61.32844710946669,0.0721756344661117,UP
2026-05-21,2026-05-22,4128.TWO,16.049999237060547,16.655096782851516,0.0377007834613323,UP
2026-05-21,2026-05-22,4129.TWO,90.5999984741211,90.64760124652102,0.0005254169227555,UP
2026-05-21,2026-05-22,4130.TWO,27.64999961853028,27.675037892949504,0.0009055433911271,UP
2026-05-21,2026-05-22,4133.TW,21.0,21.00678388774395,0.0003230422735214,UP
2026-05-21,2026-05-22,4137.TW,104.0,104.10208540968596,0.0009815904777497,UP
2026-05-21,2026-05-22,4138.TWO,51.900001525878906,51.919046533545455,0.0003669558209367,UP
2026-05-21,2026-05-22,4142.TW,17.450000762939453,17.460401149237413,0.0005960106500423,UP
2026-05-21,2026-05-22,4147.TWO,49.04999923706055,49.00529903282556,-0.0009113191626965,DOWN
2026-05-21,2026-05-22,4148.TW,34.5,34.502252466776554,6.528889207402244e-05,UP
2026-05-21,2026-05-22,4153.TWO,30.950000762939453,30.8927059086468,-0.0018512068782001,DOWN
2026-05-21,2026-05-22,4154.TWO,14.5,14.33020314667374,-0.0117101278156042,DOWN
2026-05-21,2026-05-22,4155.TW,15.149999618530272,15.147045019385583,-0.0001950230507646,DOWN
2026-05-21,2026-05-22,4157.TWO,9.09000015258789,9.107540284831678,0.0019296074751763,UP
2026-05-21,2026-05-22,4160.TWO,41.29999923706055,41.38089239701671,0.0019586721900849,UP
2026-05-21,2026-05-22,4161.TWO,23.549999237060547,23.549215481926257,-3.328047387178376e-05,DOWN
2026-05-21,2026-05-22,4162.TWO,56.09999847412109,56.0621080376502,-0.000675408868119,DOWN
2026-05-21,2026-05-22,4163.TWO,111.5,112.66223760182038,0.0104236556217074,UP
2026-05-21,2026-05-22,4164.TW,28.75,28.717543928069063,-0.0011289068497717,DOWN
2026-05-21,2026-05-22,4166.TWO,24.700000762939453,24.715567910308064,0.0006302488618529,UP
2026-05-21,2026-05-22,4167.TWO,19.100000381469727,19.05904480819284,-0.0021442708093672,DOWN
2026-05-21,2026-05-22,4168.TWO,25.700000762939453,25.52674432762653,-0.0067414953373373,DOWN
2026-05-21,2026-05-22,4171.TWO,18.200000762939453,18.192153862907368,-0.0004311483353376,DOWN
2026-05-21,2026-05-22,4173.TWO,18.200000762939453,18.201294636853376,7.109197031231455e-05,UP
2026-05-21,2026-05-22,4174.TWO,32.349998474121094,32.397949648959525,0.0014822620432823,UP
2026-05-21,2026-05-22,4183.TWO,13.0,13.033225550083444,0.0025558115448802,UP
2026-05-21,2026-05-22,4188.TWO,11.050000190734863,11.061792541004074,0.0010671810014173,UP
2026-05-21,2026-05-22,4190.TW,24.39999961853028,24.425194113773355,0.001032561296597,UP
2026-05-21,2026-05-22,4207.TWO,19.25,19.221406887780176,-0.0014853564789518,DOWN
2026-05-21,2026-05-22,4303.TWO,48.75,48.83388217582251,0.0017206600168719,UP
2026-05-21,2026-05-22,4306.TW,13.800000190734863,13.760058518738711,-0.0028943240176886,DOWN
2026-05-21,2026-05-22,4401.TWO,14.25,14.243072456978553,-0.0004861433699261,DOWN
2026-05-21,2026-05-22,4402.TWO,11.949999809265137,11.9836118867029,0.0028127261903137,UP
2026-05-21,2026-05-22,4414.TW,8.09000015258789,8.156870489646,0.00826580170542,UP
2026-05-21,2026-05-22,4416.TWO,11.350000381469728,11.41506578603116,0.0057326345704496,UP
2026-05-21,2026-05-22,4417.TWO,44.79999923706055,44.84925326323077,0.0010994202457367,UP
2026-05-21,2026-05-22,4420.TWO,39.59999847412109,39.60696265133969,0.0001758630678523,UP
2026-05-21,2026-05-22,4426.TW,7.809999942779541,7.829886381566578,0.0025462789926678,UP
2026-05-21,2026-05-22,4432.TWO,16.950000762939453,16.941022439001664,-0.000529694603756,DOWN
2026-05-21,2026-05-22,4433.TWO,20.39999961853028,20.31149679271225,-0.0043383738957345,DOWN
2026-05-21,2026-05-22,4438.TW,58.09999847412109,58.07138041544893,-0.0004925655666739,DOWN
2026-05-21,2026-05-22,4439.TW,91.0,91.26384295965543,0.0028993731830269,UP
2026-05-21,2026-05-22,4440.TW,18.200000762939453,18.19925388869158,-4.103704486619687e-05,DOWN
2026-05-21,2026-05-22,4441.TW,200.5,200.7916646458907,0.0014546865131706,UP
2026-05-21,2026-05-22,4502.TWO,16.149999618530273,16.06820592198006,-0.0050646252930164,DOWN
2026-05-21,2026-05-22,4503.TWO,42.900001525878906,42.93381556705353,0.0007882060599514,UP
2026-05-21,2026-05-22,4510.TWO,47.20000076293945,46.989758138313,-0.0044542928226291,DOWN
2026-05-21,2026-05-22,4513.TWO,15.0,14.964097462361678,-0.0023935025092214,DOWN
2026-05-21,2026-05-22,4523.TWO,28.299999237060547,28.341684603358928,0.0014729811809956,UP
2026-05-21,2026-05-22,4526.TW,38.79999923706055,38.73650794349659,-0.0016363735776394,DOWN
2026-05-21,2026-05-22,4528.TWO,15.449999809265137,15.48699997716773,0.0023948329035192,UP
2026-05-21,2026-05-22,4529.TWO,6.119999885559082,6.043433866293473,-0.0125107876956462,DOWN
2026-05-21,2026-05-22,4532.TW,23.39999961853028,23.369314436905203,-0.0013113325694576,DOWN
2026-05-21,2026-05-22,4533.TWO,32.599998474121094,32.61390897187604,0.0004267024050932,UP
2026-05-21,2026-05-22,4534.TWO,22.14999961853028,22.168320120701072,0.0008271107217296,UP
2026-05-21,2026-05-22,4535.TWO,27.299999237060547,27.32588870676525,0.0009483322501182,UP
2026-05-21,2026-05-22,4536.TW,160.0,159.70073265954852,-0.0018704208778217,DOWN
2026-05-21,2026-05-22,4538.TWO,18.350000381469727,18.32852860695749,-0.0011701239272953,DOWN
2026-05-21,2026-05-22,4540.TW,69.19999694824219,68.4625988082194,-0.0106560429558157,DOWN
2026-05-21,2026-05-22,4541.TWO,43.900001525878906,43.843485940518576,-0.0012873709201812,DOWN
2026-05-21,2026-05-22,4542.TWO,255.0,256.98590976186097,0.0077878814190626,UP
2026-05-21,2026-05-22,4543.TWO,38.20000076293945,38.17342985857295,-0.0006955733988434,DOWN
2026-05-21,2026-05-22,4545.TW,31.0,30.887962664011862,-0.0036141076125204,DOWN
2026-05-21,2026-05-22,4549.TWO,101.0,101.02848890420864,0.0002820683585014,UP
2026-05-21,2026-05-22,4550.TWO,24.799999237060547,24.762004846571983,-0.0015320319216698,DOWN
2026-05-21,2026-05-22,4551.TW,156.5,157.4989173365757,0.0063828583806753,UP
2026-05-21,2026-05-22,4552.TW,19.850000381469727,19.841037682184304,-0.0004515213659033,DOWN
2026-05-21,2026-05-22,4554.TWO,31.850000381469727,31.81699551720573,-0.0010362594621255,DOWN
2026-05-21,2026-05-22,4555.TW,43.45000076293945,43.46506092102168,0.0003466089256107,UP
2026-05-21,2026-05-22,4556.TWO,40.29999923706055,40.49826364430578,0.0049197124317289,UP
2026-05-21,2026-05-22,4557.TW,47.400001525878906,47.47453710595272,0.0015724805416539,UP
2026-05-21,2026-05-22,4558.TWO,20.100000381469727,20.01602954993848,-0.0041776532307266,DOWN
2026-05-21,2026-05-22,4560.TW,32.650001525878906,32.71816132905223,0.0020875895861535,UP
2026-05-21,2026-05-22,4561.TWO,48.900001525878906,48.88595731715446,-0.0002872026234399,DOWN
2026-05-21,2026-05-22,4562.TW,40.20000076293945,40.18605724321409,-0.0003468537179287,DOWN
2026-05-21,2026-05-22,4563.TWO,48.09999847412109,48.1130315129265,0.0002709571563173,UP
2026-05-21,2026-05-22,4564.TW,16.149999618530273,16.191035489467197,0.0025409208610654,UP
2026-05-21,2026-05-22,4566.TW,61.79999923706055,61.76575450677559,-0.000554121856112,DOWN
2026-05-21,2026-05-22,4569.TW,181.5,183.12156199850145,0.0089342258870601,UP
2026-05-21,2026-05-22,4571.TW,213.5,210.9956968161277,-0.0117297573015093,DOWN
2026-05-21,2026-05-22,4576.TW,249.0,249.29572407261003,0.0011876468779519,UP
2026-05-21,2026-05-22,4577.TWO,124.0,123.42434817925096,-0.0046423533931374,DOWN
2026-05-21,2026-05-22,4580.TWO,81.9000015258789,81.79756185432264,-0.0012507896171882,DOWN
2026-05-21,2026-05-22,4583.TW,701.0,699.7654129019938,-0.001761179883033,DOWN
2026-05-21,2026-05-22,4584.TWO,44.0,44.03599941707216,0.0008181685698218,UP
2026-05-21,2026-05-22,4585.TW,338.0,336.66125372890383,-0.0039607877843081,DOWN
2026-05-21,2026-05-22,4588.TW,55.5,55.57532578735845,0.0013572213938459,UP
2026-05-21,2026-05-22,4590.TW,74.0,73.98930325731635,-0.000144550576806,DOWN
2026-05-21,2026-05-22,4702.TWO,9.729999542236328,9.71674343377668,-0.0013623955892398,DOWN
2026-05-21,2026-05-22,4707.TWO,14.600000381469728,14.533237440071051,-0.0045728040859103,DOWN
2026-05-21,2026-05-22,4711.TWO,16.649999618530273,16.615166332963312,-0.0020920892711729,DOWN
2026-05-21,2026-05-22,4714.TWO,13.449999809265137,13.368833869356564,-0.006034642457962,DOWN
2026-05-21,2026-05-22,4716.TWO,14.850000381469728,14.802254269023468,-0.0032152263447642,DOWN
2026-05-21,2026-05-22,4720.TW,25.89999961853028,25.737384759328982,-0.0062785660848022,DOWN
2026-05-21,2026-05-22,4721.TWO,85.80000305175781,85.91248002117092,0.001310920342803,UP
2026-05-21,2026-05-22,4722.TW,260.5,269.4938933942467,0.0345255024731159,UP
2026-05-21,2026-05-22,4726.TWO,28.350000381469727,28.37754492847117,0.0009715889464132,UP
2026-05-21,2026-05-22,4728.TWO,380.0,379.9176203770912,-0.0002167884813388,DOWN
2026-05-21,2026-05-22,4729.TWO,23.850000381469727,23.68331207594582,-0.0069890273734927,DOWN
2026-05-21,2026-05-22,4735.TWO,30.799999237060547,30.790270517995825,-0.0003158675099257,DOWN
2026-05-21,2026-05-22,4736.TW,122.5,122.46472225910112,-0.0002879815583582,DOWN
2026-05-21,2026-05-22,4737.TW,57.29999923706055,57.04405207965448,-0.0044667916372419,DOWN
2026-05-21,2026-05-22,4739.TW,94.5999984741211,94.39462789046286,-0.0021709364373237,DOWN
2026-05-21,2026-05-22,4741.TWO,55.70000076293945,56.64826575363658,0.0170245058834552,UP
2026-05-21,2026-05-22,4743.TWO,53.900001525878906,54.821000362183554,0.0170871764421463,UP
2026-05-21,2026-05-22,4744.TWO,33.599998474121094,33.58460061289447,-0.0004582697001752,DOWN
2026-05-21,2026-05-22,4745.TWO,16.649999618530273,16.660494895839303,0.0006303469999692,UP
2026-05-21,2026-05-22,4746.TW,52.400001525878906,52.38609065002766,-0.000265474722255,DOWN
2026-05-21,2026-05-22,4749.TWO,1090.0,1136.8691529333591,0.0429992228746414,UP
2026-05-21,2026-05-22,4754.TWO,38.0,37.93232845654711,-0.0017808300908654,DOWN
2026-05-21,2026-05-22,4755.TW,140.0,139.603037587367,-0.0028354458045214,DOWN
2026-05-21,2026-05-22,4760.TWO,310.0,321.5129902213812,0.0371386781334877,UP
2026-05-21,2026-05-22,4763.TW,42.04999923706055,41.97813830559604,-0.0017089401371777,DOWN
2026-05-21,2026-05-22,4764.TW,363.0,369.87565673701465,0.0189412031322717,UP
2026-05-21,2026-05-22,4766.TW,368.0,368.3068428784609,0.0008338121697306,UP
2026-05-21,2026-05-22,4768.TWO,446.0,453.0767752416432,0.0158672090619802,UP
2026-05-21,2026-05-22,4770.TW,234.0,233.78326073940843,-0.0009262361563742,DOWN
2026-05-21,2026-05-22,4771.TW,193.0,192.7238063366385,-0.0014310552505776,DOWN
2026-05-21,2026-05-22,4772.TWO,302.5,301.79306831618305,-0.0023369642440229,DOWN
2026-05-21,2026-05-22,4806.TWO,10.100000381469728,10.101896659516523,0.0001877502945716,UP
2026-05-21,2026-05-22,4807.TW,23.549999237060547,23.498307148924223,-0.0021949931979179,DOWN
2026-05-21,2026-05-22,4903.TWO,45.45000076293945,45.27032844124972,-0.0039531863294542,DOWN
2026-05-21,2026-05-22,4904.TW,96.8000030517578,96.6761375008216,-0.0012796027585864,DOWN
2026-05-21,2026-05-22,4905.TWO,75.9000015258789,75.8081083143748,-0.0012107142247259,DOWN
2026-05-21,2026-05-22,4906.TW,39.0,38.751344331074506,-0.0063757863827049,DOWN
2026-05-21,2026-05-22,4907.TWO,38.79999923706055,38.723916891036886,-0.001960885245353,DOWN
2026-05-21,2026-05-22,4908.TWO,271.5,275.4180935542099,0.0144312838092446,UP
2026-05-21,2026-05-22,4909.TWO,51.79999923706055,51.71734660731826,-0.0015956106362864,DOWN
2026-05-21,2026-05-22,4911.TWO,31.850000381469727,31.87761239338035,0.0008669391390867,UP
2026-05-21,2026-05-22,4912.TW,102.5,102.15743186709004,-0.0033421281259506,DOWN
2026-05-21,2026-05-22,4915.TW,71.9000015258789,71.89982628758153,-2.4372502594503048e-06,DOWN
2026-05-21,2026-05-22,4916.TW,94.6999969482422,95.79690811116696,0.0115830115973949,UP
2026-05-21,2026-05-22,4919.TW,168.5,168.6901523640263,0.0011285006767138,UP
2026-05-21,2026-05-22,4923.TWO,38.150001525878906,38.16634458580258,0.000428389495937,UP
2026-05-21,2026-05-22,4924.TWO,11.5,11.4388020390179,-0.0053215618245303,DOWN
2026-05-21,2026-05-22,4927.TW,50.5,50.36959925922565,-0.0025821928866207,DOWN
2026-05-21,2026-05-22,4930.TW,16.600000381469727,16.60414764583328,0.0002498351968824,UP
2026-05-21,2026-05-22,4931.TWO,196.5,198.5628636488691,0.0104980338364839,UP
2026-05-21,2026-05-22,4933.TWO,73.30000305175781,73.27567971331023,-0.0003318327071611,DOWN
2026-05-21,2026-05-22,4934.TW,16.899999618530273,16.829590945370935,-0.0041661937721074,DOWN
2026-05-21,2026-05-22,4935.TW,36.400001525878906,36.38919000324175,-0.0002970198402181,DOWN
2026-05-21,2026-05-22,4938.TW,78.0,77.98062972159823,-0.0002483369025867,DOWN
2026-05-21,2026-05-22,4939.TWO,38.29999923706055,38.25078977045141,-0.0012848424958065,DOWN
2026-05-21,2026-05-22,4942.TW,37.150001525878906,37.15766493379459,0.0002062828425551,UP
2026-05-21,2026-05-22,4943.TW,9.0,9.026415111031383,0.0029350123368203,UP
2026-05-21,2026-05-22,4946.TWO,105.5,105.57733487681251,0.0007330320077016,UP
2026-05-21,2026-05-22,4949.TW,88.80000305175781,88.92380322131173,0.0013941460056229,UP
2026-05-21,2026-05-22,4950.TWO,16.200000762939453,16.28286554821795,0.00511510996148,UP
2026-05-21,2026-05-22,4951.TWO,128.5,129.14328325819224,0.0050060953944921,UP
2026-05-21,2026-05-22,4952.TW,50.0,49.77664230391383,-0.0044671539217233,DOWN
2026-05-21,2026-05-22,4953.TWO,119.0,118.90774368168786,-0.0007752631790935,DOWN
2026-05-21,2026-05-22,4956.TW,44.650001525878906,44.73060989977244,0.0018053386593237,UP
2026-05-21,2026-05-22,4958.TW,468.5,474.3647902691737,0.0125182289630174,UP
2026-05-21,2026-05-22,4960.TW,36.45000076293945,37.90003591253328,0.0397814847528934,UP
2026-05-21,2026-05-22,4961.TW,176.5,176.3656994801422,-0.0007609094609506,DOWN
2026-05-21,2026-05-22,4966.TWO,769.0,768.8095236505033,-0.0002476935624144,DOWN
2026-05-21,2026-05-22,4967.TW,272.5,273.1806476251222,0.0024977894499897,UP
2026-05-21,2026-05-22,4968.TW,115.0,115.05267002954496,0.0004580002569127,UP
2026-05-21,2026-05-22,4971.TWO,715.0,717.4326512869447,0.0034023094922304,UP
2026-05-21,2026-05-22,4972.TWO,16.450000762939453,16.431511633265067,-0.001123959198594,DOWN
2026-05-21,2026-05-22,4973.TWO,111.0,111.15190548368264,0.0013685178710147,UP
2026-05-21,2026-05-22,4974.TWO,74.9000015258789,74.854232877486,-0.0006110633839853,DOWN
2026-05-21,2026-05-22,4976.TW,31.89999961853028,31.86804103087434,-0.0010018366156146,DOWN
2026-05-21,2026-05-22,4977.TW,210.0,210.36178559646945,0.0017227885546162,UP
2026-05-21,2026-05-22,4979.TWO,580.0,581.6570333205163,0.0028569540008902,UP
2026-05-21,2026-05-22,4987.TWO,81.5999984741211,81.51001713816699,-0.0011027124710381467,DOWN
2026-05-21,2026-05-22,4989.TW,97.5,97.17184060486034,-0.0033657373860478,DOWN
2026-05-21,2026-05-22,4991.TWO,723.0,730.4655599137768,0.0103258090093731,UP
2026-05-21,2026-05-22,4994.TW,89.5999984741211,89.65150743337173,0.0005748767871409,UP
2026-05-21,2026-05-22,4995.TWO,46.04999923706055,45.98589419615142,-0.001392074744217,DOWN
2026-05-21,2026-05-22,4999.TW,19.75,19.82111841539154,0.003600932424888,UP
2026-05-21,2026-05-22,5007.TW,56.29999923706055,56.27023276495922,-0.0005287117674014,DOWN
2026-05-21,2026-05-22,5009.TWO,35.599998474121094,35.632056404952536,0.0009005037136376,UP
2026-05-21,2026-05-22,5011.TWO,15.649999618530272,15.651022866885407,6.538328307214593e-05,UP
2026-05-21,2026-05-22,5014.TWO,10.300000190734863,10.293853792684654,-0.0005967376637272,DOWN
2026-05-21,2026-05-22,5015.TWO,21.850000381469727,21.85684394654251,0.0003132066340185,UP
2026-05-21,2026-05-22,5016.TWO,25.14999961853028,25.118103153608487,-0.0012682491214945,DOWN
2026-05-21,2026-05-22,5201.TWO,29.700000762939453,29.75214091850273,0.001755560748279,UP
2026-05-21,2026-05-22,5202.TWO,12.050000190734863,12.009183723706556,-0.0033872586209326,DOWN
2026-05-21,2026-05-22,5203.TW,65.0999984741211,65.0434193049606,-0.0008691116818227,DOWN
2026-05-21,2026-05-22,5205.TWO,22.950000762939453,22.80105954211536,-0.0064898133277893,DOWN
2026-05-21,2026-05-22,5206.TWO,22.850000381469727,22.91092637331889,0.0026663453318178,UP
2026-05-21,2026-05-22,5209.TWO,166.5,166.2299399250769,-0.0016219824319705,DOWN
2026-05-21,2026-05-22,5210.TWO,27.25,27.17660982365487,-0.0026932174805551,DOWN
2026-05-21,2026-05-22,5211.TWO,17.700000762939453,17.68606618493686,-0.0007872642599976,DOWN
2026-05-21,2026-05-22,5212.TWO,47.25,47.10865306248888,-0.0029914695769548,DOWN
2026-05-21,2026-05-22,5213.TWO,26.700000762939453,26.66124933006805,-0.0014513644855469,DOWN
2026-05-21,2026-05-22,5215.TW,44.70000076293945,44.58109204812982,-0.0026601501740514,DOWN
2026-05-21,2026-05-22,5220.TWO,22.64999961853028,22.54691277364196,-0.0045512956567109,DOWN
2026-05-21,2026-05-22,5222.TW,125.0,124.995189396941,-3.848482447210699e-05,DOWN
2026-05-21,2026-05-22,5223.TWO,24.0,24.023092950694263,0.0009622062789276,UP
2026-05-21,2026-05-22,5225.TW,71.0999984741211,71.13623034495053,0.0005095903179607,UP
2026-05-21,2026-05-22,5227.TWO,25.549999237060547,25.509048864740624,-0.001602754346095,DOWN
2026-05-21,2026-05-22,5228.TWO,50.5,50.8154180648271,0.0062459022738039,UP
2026-05-21,2026-05-22,5230.TWO,17.100000381469727,17.056165086547846,-0.0025634674821049,DOWN
2026-05-21,2026-05-22,5234.TW,417.5,417.9456939754891,0.0010675304802134,UP
2026-05-21,2026-05-22,5236.TWO,175.5,175.4400123969535,-0.0003418097039684,DOWN
2026-05-21,2026-05-22,5243.TW,114.5,116.07200766261668,0.0137293245643377,UP
2026-05-21,2026-05-22,5244.TW,38.20000076293945,38.14366927877252,-0.0014746461529284,DOWN
2026-05-21,2026-05-22,5245.TWO,26.75,26.667419069388416,-0.0030871375929564,DOWN
2026-05-21,2026-05-22,5251.TWO,27.049999237060547,27.137719418568,0.0032428903505206,UP
2026-05-21,2026-05-22,5258.TW,57.59999847412109,57.4369894115596,-0.0028300185222179,DOWN
2026-05-21,2026-05-22,5263.TWO,113.0,112.6502585746348,-0.003095056861639,DOWN
2026-05-21,2026-05-22,5269.TW,1425.0,1429.3256634031422,0.0030355532653629,UP
2026-05-21,2026-05-22,5272.TWO,23.350000381469727,23.24395554998404,-0.0045415344648063,DOWN
2026-05-21,2026-05-22,5274.TWO,16400.0,16620.83139680326,0.0134653290733695,UP
2026-05-21,2026-05-22,5276.TWO,19.950000762939453,19.716607833249743,-0.0116988932713866,DOWN
2026-05-21,2026-05-22,5278.TWO,24.100000381469727,24.122980136869533,0.0009535168064758,UP
2026-05-21,2026-05-22,5283.TW,52.0,51.98846891068388,-0.0002217517176177,DOWN
2026-05-21,2026-05-22,5284.TW,389.5,390.40150320879184,0.0023145140148699,UP
2026-05-21,2026-05-22,5285.TW,82.5,83.86407595127821,0.0165342539548873,UP
2026-05-21,2026-05-22,5287.TWO,151.0,150.94843061995925,-0.0003415190731175,DOWN
2026-05-21,2026-05-22,5288.TW,149.5,149.4843959285463,-0.000104375059891,DOWN
2026-05-21,2026-05-22,5289.TWO,1725.0,1725.6215424647962,0.0003603144723456,UP
2026-05-21,2026-05-22,5291.TWO,72.9000015258789,72.47399090521557,-0.0058437669649719,DOWN
2026-05-21,2026-05-22,5292.TW,224.0,224.0571272736416,0.0002550324716139,UP
2026-05-21,2026-05-22,5299.TWO,105.5,105.62881713180104,0.0012210154673084,UP
2026-05-21,2026-05-22,5301.TWO,6.820000171661377,6.849825239243046,0.0043731769546867,UP
2026-05-21,2026-05-22,5302.TWO,10.050000190734863,10.074924715604087,0.0024800521787255,UP
2026-05-21,2026-05-22,5306.TW,82.4000015258789,82.35073792135387,-0.0005978592671453,DOWN
2026-05-21,2026-05-22,5309.TWO,68.4000015258789,68.42885223117524,0.0004217939276714,UP
2026-05-21,2026-05-22,5312.TWO,94.6999969482422,94.71533197111629,0.0001619326649234,UP
2026-05-21,2026-05-22,5314.TWO,70.4000015258789,70.72444775509717,0.0046086111105977,UP
2026-05-21,2026-05-22,5315.TWO,21.89999961853028,21.88161267353003,-0.0008395865443162,DOWN
2026-05-21,2026-05-22,5321.TWO,35.400001525878906,38.677976886660645,0.0925981700420379,UP
2026-05-21,2026-05-22,5324.TWO,11.850000381469728,11.818659830178788,-0.0026447721756995,DOWN
2026-05-21,2026-05-22,5328.TWO,33.95000076293945,35.146021352177016,0.0352288825437425,UP
2026-05-21,2026-05-22,5340.TWO,102.0,101.7870482406579,-0.0020877623464912,DOWN
2026-05-21,2026-05-22,5344.TWO,15.800000190734863,15.8271384243637,0.0017176097026094,UP
2026-05-21,2026-05-22,5347.TWO,163.0,162.26141416514292,-0.0045312014408409,DOWN
2026-05-21,2026-05-22,5351.TWO,75.9000015258789,76.03972383655244,0.0018408736214042,UP
2026-05-21,2026-05-22,5353.TWO,26.100000381469727,26.051154460428226,-0.0018714912002905,DOWN
2026-05-21,2026-05-22,5356.TWO,27.0,26.92507857852616,-0.0027748674619942,DOWN
2026-05-21,2026-05-22,5364.TWO,9.15999984741211,9.190345063644678,0.0033127965871245,UP
2026-05-21,2026-05-22,5371.TWO,71.4000015258789,71.22842069604692,-0.0024030928034335,DOWN
2026-05-21,2026-05-22,5381.TWO,25.5,25.345319372601807,-0.0060659069567918,DOWN
2026-05-21,2026-05-22,5386.TWO,447.0,447.14643590830383,0.0003275971102993,UP
2026-05-21,2026-05-22,5388.TW,82.80000305175781,82.60874249490992,-0.0023099100217223,DOWN
2026-05-21,2026-05-22,5392.TWO,41.79999923706055,41.77721207620025,-0.0005451473989524,DOWN
2026-05-21,2026-05-22,5403.TWO,86.30000305175781,86.464532276543,0.0019064799416809,UP
2026-05-21,2026-05-22,5410.TWO,38.650001525878906,38.54913096695582,-0.0026098461821675,DOWN
2026-05-21,2026-05-22,5425.TWO,88.69999694824219,88.67340274931452,-0.0002998218697029,DOWN
2026-05-21,2026-05-22,5426.TWO,18.299999237060547,18.30053965414029,2.953098919532332e-05,UP
2026-05-21,2026-05-22,5432.TWO,146.0,145.93698512559058,-0.0004316087288316,DOWN
2026-05-21,2026-05-22,5434.TW,409.0,408.5341459289193,-0.0011390075087547,DOWN
2026-05-21,2026-05-22,5438.TWO,18.950000762939453,18.87914117602564,-0.0037392920348792,DOWN
2026-05-21,2026-05-22,5439.TWO,378.0,377.401337567484,-0.0015837630489841,DOWN
2026-05-21,2026-05-22,5443.TWO,119.0,119.0266278086492,0.0002237630978925,UP
2026-05-21,2026-05-22,5450.TWO,13.100000381469728,13.053809770015768,-0.0035260007716716,DOWN
2026-05-21,2026-05-22,5452.TWO,32.650001525878906,32.59802775922992,-0.0015918457647785,DOWN
2026-05-21,2026-05-22,5455.TWO,24.0,24.059708381071687,0.0024878492113202,UP
2026-05-21,2026-05-22,5457.TWO,28.39999961853028,28.54483201756249,0.0050997324287891,UP
2026-05-21,2026-05-22,5460.TWO,15.300000190734863,15.299806747315186,-1.2643360605606443e-05,DOWN
2026-05-21,2026-05-22,5464.TWO,70.0,71.47770157083869,0.0211100224405527,UP
2026-05-21,2026-05-22,5465.TWO,24.14999961853028,24.206488089803067,0.0023390671703963,UP
2026-05-21,2026-05-22,5468.TWO,17.350000381469727,17.361391142362997,0.0006565279909409,UP
2026-05-21,2026-05-22,5469.TW,81.19999694824219,81.08282840231276,-0.0014429624425246,DOWN
2026-05-21,2026-05-22,5471.TW,51.900001525878906,51.84530624748288,-0.0010538588976487,DOWN
2026-05-21,2026-05-22,5474.TWO,166.5,166.52258003599854,0.000135615831823,UP
2026-05-21,2026-05-22,5475.TWO,291.5,288.7810217677616,-0.0093275411054492,DOWN
2026-05-21,2026-05-22,5478.TWO,99.4000015258789,99.23102476111592,-0.0016999674262479,DOWN
2026-05-21,2026-05-22,5481.TWO,19.799999237060547,19.83138376562996,0.0015850772615521,UP
2026-05-21,2026-05-22,5483.TWO,145.5,146.80998018197715,0.0090033002197742,UP
2026-05-21,2026-05-22,5484.TW,41.0,40.91388201829977,-0.0021004385780543,DOWN
2026-05-21,2026-05-22,5487.TWO,28.0,27.978823031298816,-0.0007563203107565,DOWN
2026-05-21,2026-05-22,5488.TWO,11.600000381469728,11.548939065073624,-0.0044018374755978,DOWN
2026-05-21,2026-05-22,5490.TWO,28.549999237060547,28.54898328848672,-3.5584889701542315e-05,DOWN
2026-05-21,2026-05-22,5493.TWO,92.8000030517578,92.50194365817626,-0.0032118468079715,DOWN
2026-05-21,2026-05-22,5498.TWO,64.0,63.3531905412674,-0.0101063977926969,DOWN
2026-05-21,2026-05-22,5508.TWO,48.400001525878906,48.401802037957545,3.7200661608981416e-05,UP
2026-05-21,2026-05-22,5511.TWO,72.0,71.90471195150167,-0.0013234451180323,DOWN
2026-05-21,2026-05-22,5512.TWO,6.909999847412109,6.914199812694375,0.0006078097503632,UP
2026-05-21,2026-05-22,5515.TW,40.29999923706055,40.29716085430617,-7.043133518886244e-05,DOWN
2026-05-21,2026-05-22,5516.TWO,11.050000190734863,11.046703296449984,-0.0002983614685945,DOWN
2026-05-21,2026-05-22,5519.TW,32.70000076293945,32.65325960076092,-0.0014293933054432,DOWN
2026-05-21,2026-05-22,5521.TW,10.699999809265137,10.745365074678976,0.0042397445067762,UP
2026-05-21,2026-05-22,5522.TW,71.4000015258789,71.28026211336476,-0.0016770225483923,DOWN
2026-05-21,2026-05-22,5523.TWO,30.14999961853028,30.161296967323544,0.0003747047740035,UP
2026-05-21,2026-05-22,5525.TW,22.450000762939453,22.484873119064133,0.0015533342957496,UP
2026-05-21,2026-05-22,5529.TWO,24.850000381469727,24.64113830445088,-0.0084049124270677,DOWN
2026-05-21,2026-05-22,5530.TWO,46.70000076293945,46.74183117188749,0.0008957260870375,UP
2026-05-21,2026-05-22,5531.TW,7.78000020980835,7.8060082203597725,0.0033429318573326,UP
2026-05-21,2026-05-22,5533.TW,13.800000190734863,13.801141465766472,8.270108810396207e-05,UP
2026-05-21,2026-05-22,5534.TW,75.5999984741211,75.64663608545835,0.0006168996333144,UP
2026-05-21,2026-05-22,5536.TWO,931.0,933.448875526432,0.0026303711347281,UP
2026-05-21,2026-05-22,5538.TW,34.5,34.45217715360923,-0.0013861694606021,DOWN
2026-05-21,2026-05-22,5543.TWO,29.200000762939453,29.17269954014017,-0.0009349733591079,DOWN
2026-05-21,2026-05-22,5546.TW,16.600000381469727,16.60080542879836,4.849682591163304e-05,UP
2026-05-21,2026-05-22,5547.TWO,21.450000762939453,21.444944983921488,-0.0002357006451347,DOWN
2026-05-21,2026-05-22,5548.TWO,23.64999961853028,23.64482658602187,-0.0002187328791478,DOWN
2026-05-21,2026-05-22,5603.TWO,15.800000190734863,15.80594737080586,0.0003764037974178,UP
2026-05-21,2026-05-22,5604.TWO,31.64999961853028,31.662742784684024,0.0004026276874356,UP
2026-05-21,2026-05-22,5607.TW,48.400001525878906,48.349120166364685,-0.0010512677254155,DOWN
2026-05-21,2026-05-22,5608.TW,14.199999809265137,14.234238107741062,0.0024111478123813,UP
2026-05-21,2026-05-22,5609.TWO,80.19999694824219,80.07305333510661,-0.0015828381292521,DOWN
2026-05-21,2026-05-22,5701.TWO,3.3399999141693115,3.334534768339525,-0.0016362712485716,DOWN
2026-05-21,2026-05-22,5704.TWO,21.25,21.259525248351565,0.0004482469812501,UP
2026-05-21,2026-05-22,5706.TW,49.79999923706055,49.82072714883511,0.0004162231343798,UP
2026-05-21,2026-05-22,5864.TWO,31.75,31.770451605902053,0.0006441450677812,UP
2026-05-21,2026-05-22,5871.TW,111.0,110.94215365400304,-0.0005211382522247,DOWN
2026-05-21,2026-05-22,5876.TW,40.150001525878906,40.08234357474287,-0.0016851294785737,DOWN
2026-05-21,2026-05-22,5878.TWO,40.5,40.50134297242767,3.3159813028760254e-05,UP
2026-05-21,2026-05-22,5880.TW,22.700000762939453,22.699242190243574,-3.3417298254803845e-05,DOWN
2026-05-21,2026-05-22,5902.TWO,37.79999923706055,37.77607316031914,-0.0006329650059343,DOWN
2026-05-21,2026-05-22,5903.TWO,188.5,188.41110403426865,-0.0004715966351795,DOWN
2026-05-21,2026-05-22,5904.TWO,559.0,559.2623570316937,0.0004693327937275,UP
2026-05-21,2026-05-22,5905.TWO,8.140000343322754,8.11566579662538,-0.0029895019251854,DOWN
2026-05-21,2026-05-22,5907.TW,4.840000152587891,4.848446302833885,0.001745072309859,UP
2026-05-21,2026-05-22,6005.TW,31.049999237060547,31.00318994045721,-0.0015075458213686,DOWN
2026-05-21,2026-05-22,6015.TWO,14.899999618530272,14.900999974546574,6.713798939014879e-05,UP
2026-05-21,2026-05-22,6016.TWO,22.25,22.162614410044625,-0.0039274422451853,DOWN
2026-05-21,2026-05-22,6020.TWO,21.450000762939453,21.40959093114985,-0.001883908174932,DOWN
2026-05-21,2026-05-22,6021.TWO,31.700000762939453,31.67140753939616,-0.0009019944118336,DOWN
2026-05-21,2026-05-22,6023.TWO,98.0999984741211,98.14313248967656,0.0004396943550091,UP
2026-05-21,2026-05-22,6024.TW,56.29999923706055,56.296665359538814,-5.921629781370402e-05,DOWN
2026-05-21,2026-05-22,6026.TWO,15.350000381469728,15.328283414403447,-0.0014147860929369,DOWN
2026-05-21,2026-05-22,6028.TWO,80.0999984741211,80.14068160109953,0.0005079042166471,UP
2026-05-21,2026-05-22,6101.TWO,38.5,38.50380210143703,9.875588148133828e-05,UP
2026-05-21,2026-05-22,6104.TWO,100.5,100.4753617313836,-0.0002451569016557,DOWN
2026-05-21,2026-05-22,6108.TW,19.14999961853028,19.04614446062721,-0.0054232459515333,DOWN
2026-05-21,2026-05-22,6109.TWO,10.899999618530272,10.874743677907684,-0.002317058853805,DOWN
2026-05-21,2026-05-22,6111.TWO,47.09999847412109,46.96095387724856,-0.0029521146789193,DOWN
2026-05-21,2026-05-22,6112.TW,42.5,42.524359362287214,0.0005731614655815,UP
2026-05-21,2026-05-22,6113.TWO,25.299999237060547,25.2009228138328,-0.0039160642772912,DOWN
2026-05-21,2026-05-22,6114.TWO,30.14999961853028,30.164945260883623,0.0004957095370628,UP
2026-05-21,2026-05-22,6115.TW,46.84999847412109,46.82181381583332,-0.0006015935796313,DOWN
2026-05-21,2026-05-22,6116.TW,10.800000190734863,10.91086933585108,0.0102656614035367,UP
2026-05-21,2026-05-22,6117.TW,81.80000305175781,81.42396113680327,-0.0045970892533659,DOWN
2026-05-21,2026-05-22,6118.TWO,17.600000381469727,17.598307415783033,-9.619123011360704e-05,DOWN
2026-05-21,2026-05-22,6120.TW,13.399999618530272,13.372019111183736,-0.002088097622618,DOWN
2026-05-21,2026-05-22,6121.TWO,378.0,378.2773049137322,0.0007336108828894,UP
2026-05-21,2026-05-22,6122.TWO,47.5,47.51692362544418,0.0003562868514563,UP
2026-05-21,2026-05-22,6123.TWO,44.34999847412109,44.31134669147119,-0.0008715171134099,DOWN
2026-05-21,2026-05-22,6124.TWO,30.0,29.894407668616623,-0.0035197443794459,DOWN
2026-05-21,2026-05-22,6125.TWO,55.29999923706055,55.30781491660149,0.0001413323625456,UP
2026-05-21,2026-05-22,6126.TWO,35.349998474121094,35.28478607405323,-0.0018447638722135,DOWN
2026-05-21,2026-05-22,6127.TWO,52.79999923706055,52.42626056466122,-0.0070783840492368,DOWN
2026-05-21,2026-05-22,6128.TW,18.89999961853028,18.934466883985355,0.001823664875701,UP
2026-05-21,2026-05-22,6129.TWO,15.449999809265137,15.42699203573748,-0.0014891762984916,DOWN
2026-05-21,2026-05-22,6130.TWO,22.0,22.00599262857577,0.0002723922079894,UP
2026-05-21,2026-05-22,6133.TW,24.200000762939453,24.13636331404168,-0.0026296465657652,DOWN
2026-05-21,2026-05-22,6134.TWO,30.950000762939453,30.861924194270973,-0.002845769515261,DOWN
2026-05-21,2026-05-22,6136.TW,25.39999961853028,25.362609209681825,-0.0014720633625984,DOWN
2026-05-21,2026-05-22,6138.TWO,304.5,303.2950052751694,-0.0039572897367179,DOWN
2026-05-21,2026-05-22,6139.TW,732.0,733.3411766071804,0.0018322084797546,UP
2026-05-21,2026-05-22,6140.TWO,19.600000381469727,19.58895321918571,-0.0005636307178064,DOWN
2026-05-21,2026-05-22,6141.TW,33.849998474121094,34.106852389888665,0.0075880037620663,UP
2026-05-21,2026-05-22,6142.TW,7.920000076293945,7.949420286644536,0.0037146729882807,UP
2026-05-21,2026-05-22,6143.TWO,95.9000015258789,95.82545021725944,-0.0007773858960717,DOWN
2026-05-21,2026-05-22,6144.TWO,14.850000381469728,14.815541548933409,-0.0023204600438475,DOWN
2026-05-21,2026-05-22,6146.TWO,216.5,216.2285533079412,-0.0012537953443825,DOWN
2026-05-21,2026-05-22,6147.TWO,218.5,217.09165640361607,-0.0064455084502696,DOWN
2026-05-21,2026-05-22,6148.TWO,28.700000762939453,28.728836735277977,0.0010047376854344,UP
2026-05-21,2026-05-22,6150.TWO,68.19999694824219,67.9522734754275,-0.0036323091480881,DOWN
2026-05-21,2026-05-22,6151.TWO,46.54999923706055,48.41298909314869,0.0400212650187313,UP
2026-05-21,2026-05-22,6152.TW,15.25,15.21632415743079,-0.0022082519717514,DOWN
2026-05-21,2026-05-22,6153.TW,18.100000381469727,18.11515037625129,0.0008370162686333,UP
2026-05-21,2026-05-22,6154.TWO,13.25,13.240857060955022,-0.00069003313547,DOWN
2026-05-21,2026-05-22,6155.TW,58.29999923706055,57.95979159579651,-0.0058354656212031,DOWN
2026-05-21,2026-05-22,6156.TWO,18.549999237060547,18.583887583882017,0.0018268651328979,UP
2026-05-21,2026-05-22,6158.TWO,18.14999961853028,18.13257256297177,-0.0009601683705114,DOWN
2026-05-21,2026-05-22,6160.TWO,16.200000762939453,16.16508720594877,-0.0021551577374339,DOWN
2026-05-21,2026-05-22,6161.TWO,51.09999847412109,51.00520547052315,-0.0018550490494817,DOWN
2026-05-21,2026-05-22,6163.TWO,53.5,53.48252929093724,-0.0003265553095843,DOWN
2026-05-21,2026-05-22,6164.TW,11.899999618530272,11.886587474296473,-0.0011270709801465,DOWN
2026-05-21,2026-05-22,6165.TW,48.45000076293945,48.45647842084741,0.0001336977875325,UP
2026-05-21,2026-05-22,6166.TW,120.5,120.22330997348764,-0.0022961827926337,DOWN
2026-05-21,2026-05-22,6167.TWO,11.550000190734863,11.545945831130652,-0.0003510267997626,DOWN
2026-05-21,2026-05-22,6168.TW,27.850000381469727,27.72800729508121,-0.0043803621083498,DOWN
2026-05-21,2026-05-22,6169.TWO,14.300000190734863,14.320537071809287,0.0014361455105245,UP
2026-05-21,2026-05-22,6170.TWO,50.79999923706055,50.75777767305809,-0.000831133162137,DOWN
2026-05-21,2026-05-22,6171.TWO,24.75,24.62201821035705,-0.0051709813997149,DOWN
2026-05-21,2026-05-22,6173.TWO,175.0,181.32577035576105,0.0361472591757774,UP
2026-05-21,2026-05-22,6174.TWO,44.09999847412109,43.89494656167744,-0.0046497033908963,DOWN
2026-05-21,2026-05-22,6175.TWO,82.30000305175781,82.3410306965255,0.0004985132836736,UP
2026-05-21,2026-05-22,6176.TW,105.5,105.1224985976005,-0.0035782123450189,DOWN
2026-05-21,2026-05-22,6177.TW,44.900001525878906,44.9085610360706,0.0001906349643832,UP
2026-05-21,2026-05-22,6179.TWO,25.049999237060547,25.027461726945624,-0.0008997010299936,DOWN
2026-05-21,2026-05-22,6180.TWO,39.5,39.452849111752585,-0.0011936933733522,DOWN
2026-05-21,2026-05-22,6182.TWO,62.79999923706055,62.75358496872285,-0.0007390807149932,DOWN
2026-05-21,2026-05-22,6184.TW,46.09999847412109,46.088185684875775,-0.0002562427252996,DOWN
2026-05-21,2026-05-22,6185.TWO,14.199999809265137,14.188246725424667,-0.0008276819717138,DOWN
2026-05-21,2026-05-22,6186.TWO,39.900001525878906,39.85828692717439,-0.0010454786242917,DOWN
2026-05-21,2026-05-22,6187.TWO,1120.0,1116.635871194303,-0.003003686433658,DOWN
2026-05-21,2026-05-22,6188.TWO,82.5,82.43461622085306,-0.0007925306563265,DOWN
2026-05-21,2026-05-22,6189.TW,50.70000076293945,50.62347387058055,-0.0015094061382114,DOWN
2026-05-21,2026-05-22,6190.TWO,79.4000015258789,79.0380067863784,-0.004559127613902,DOWN
2026-05-21,2026-05-22,6191.TW,95.9000015258789,95.94713415101776,0.0004914767923765,UP
2026-05-21,2026-05-22,6192.TW,130.5,130.58680582756642,0.0006651787552982,UP
2026-05-21,2026-05-22,6194.TWO,32.400001525878906,32.35303772061611,-0.0014495000941678,DOWN
2026-05-21,2026-05-22,6195.TWO,26.64999961853028,26.60277774614006,-0.00177192769479,DOWN
2026-05-21,2026-05-22,6196.TW,415.5,417.11131159518845,0.0038780062459409,UP
2026-05-21,2026-05-22,6197.TW,234.5,236.04797735344616,0.0066011827439069,UP
2026-05-21,2026-05-22,6199.TWO,99.5,99.222172779846,-0.0027922333683818,DOWN
2026-05-21,2026-05-22,6201.TW,47.150001525878906,47.25061548814057,0.0021339121740311,UP
2026-05-21,2026-05-22,6202.TW,56.900001525878906,56.91915933591815,0.0003366926102898,UP
2026-05-21,2026-05-22,6203.TWO,69.69999694824219,69.62023548613053,-0.0011443538824096,DOWN
2026-05-21,2026-05-22,6204.TWO,84.5,84.72504229063634,0.0026632223743945,UP
2026-05-21,2026-05-22,6205.TW,78.5,77.80275758123025,-0.0088820690289139,DOWN
2026-05-21,2026-05-22,6206.TW,135.5,135.99388621211983,0.0036449166946113,UP
2026-05-21,2026-05-22,6207.TWO,87.30000305175781,86.41184666917017,-0.0101736122742295,DOWN
2026-05-21,2026-05-22,6208.TWO,97.5999984741211,96.30786727749822,-0.0132390493527055,DOWN
2026-05-21,2026-05-22,6209.TW,80.0,79.56190157681704,-0.005476230289787,DOWN
2026-05-21,2026-05-22,6210.TWO,20.799999237060547,20.79441676109085,-0.0002683882776182,DOWN
2026-05-21,2026-05-22,6212.TWO,27.75,27.764127477508737,0.0005090982886031,UP
2026-05-21,2026-05-22,6213.TW,252.0,249.8463975861669,-0.0085460413247346,DOWN
2026-05-21,2026-05-22,6214.TW,125.0,124.82663334230892,-0.0013869332615286,DOWN
2026-05-21,2026-05-22,6215.TW,125.0,124.64104194077665,-0.0028716644737869,DOWN
2026-05-21,2026-05-22,6216.TW,22.5,22.523394179879688,0.0010397413279861,UP
2026-05-21,2026-05-22,6217.TWO,217.0,229.77539524436,0.0588727891445159,UP
2026-05-21,2026-05-22,6218.TWO,39.84999847412109,39.48573698697268,-0.0091408155858516,DOWN
2026-05-21,2026-05-22,6219.TWO,12.25,12.249467022096724,-4.350840026745573e-05,DOWN
2026-05-21,2026-05-22,6220.TWO,30.64999961853028,30.64735609057077,-8.624887414042636e-05,DOWN
2026-05-21,2026-05-22,6221.TWO,23.0,22.99411822197726,-0.0002557294792495,DOWN
2026-05-21,2026-05-22,6223.TWO,5820.0,5900.831182077527,0.013888519257307,UP
2026-05-21,2026-05-22,6224.TW,81.5999984741211,80.67470900209469,-0.0113393319770692,DOWN
2026-05-21,2026-05-22,6225.TW,26.700000762939453,26.215200203028992,-0.0181573238223791,DOWN
2026-05-21,2026-05-22,6226.TW,12.600000381469728,12.541194796085689,-0.0046671098098158,DOWN
2026-05-21,2026-05-22,6227.TWO,118.5,117.76934440503828,-0.0061658699996769,DOWN
2026-05-21,2026-05-22,6229.TWO,27.14999961853028,27.061925019187616,-0.0032440000213682,DOWN
2026-05-21,2026-05-22,6230.TW,133.0,132.39482656447217,-0.0045501762069761,DOWN
2026-05-21,2026-05-22,6231.TWO,289.0,287.4345720415004,-0.005416705738753,DOWN
2026-05-21,2026-05-22,6233.TWO,26.049999237060547,25.91429954244977,-0.0052092014811932,DOWN
2026-05-21,2026-05-22,6234.TWO,46.95000076293945,46.482901519630005,-0.0099488655105232,DOWN
2026-05-21,2026-05-22,6235.TW,40.400001525878906,40.402703385619866,6.687771383445756e-05,UP
2026-05-21,2026-05-22,6237.TWO,49.900001525878906,49.964580310806966,0.0012941639870405,UP
2026-05-21,2026-05-22,6239.TW,257.5,262.0415997924283,0.0176372807472944,UP
2026-05-21,2026-05-22,6240.TWO,17.899999618530273,17.90352082193921,0.0001967152784345,UP
2026-05-21,2026-05-22,6241.TWO,10.800000190734863,10.74773940407576,-0.0048389616422355,DOWN
2026-05-21,2026-05-22,6243.TW,33.849998474121094,33.85872348997178,0.0002577552804723,UP
2026-05-21,2026-05-22,6244.TWO,28.700000762939453,28.654601215796205,-0.0015818657120689,DOWN
2026-05-21,2026-05-22,6245.TWO,84.0999984741211,83.91563602994817,-0.0021921813022345,DOWN
2026-05-21,2026-05-22,6246.TWO,14.300000190734863,14.357112422509063,0.0039938623085617,UP
2026-05-21,2026-05-22,6257.TW,216.5,216.57035449794785,0.00032496303902,UP
2026-05-21,2026-05-22,6259.TWO,24.850000381469727,24.83846031720352,-0.000464388896944,DOWN
2026-05-21,2026-05-22,6261.TWO,117.5,116.71643367037176,-0.0066686496138572,DOWN
2026-05-21,2026-05-22,6263.TWO,179.0,179.84588233940303,0.0047255996614694,UP
2026-05-21,2026-05-22,6264.TWO,6.099999904632568,6.11077183162018,0.0017658896977081,UP
2026-05-21,2026-05-22,6265.TWO,43.0,42.552825508639216,-0.0103994067758321,DOWN
2026-05-21,2026-05-22,6266.TWO,26.950000762939453,26.93501997014182,-0.0005558735574595,DOWN
2026-05-21,2026-05-22,6269.TW,58.59999847412109,58.90006582365408,0.0051206033676862,UP
2026-05-21,2026-05-22,6270.TWO,26.64999961853028,26.5904581703503,-0.002234200714156,DOWN
2026-05-21,2026-05-22,6271.TW,204.5,204.73150457127483,0.0011320516932755,UP
2026-05-21,2026-05-22,6272.TW,32.150001525878906,32.10245911145088,-0.001478768652305,DOWN
2026-05-21,2026-05-22,6274.TWO,1325.0,1373.0494723655283,0.0362637527287006,UP
2026-05-21,2026-05-22,6275.TWO,47.70000076293945,47.62435675388052,-0.0015858282567933,DOWN
2026-05-21,2026-05-22,6276.TWO,29.700000762939453,29.60088967430989,-0.0033370736055076,DOWN
2026-05-21,2026-05-22,6277.TW,74.4000015258789,74.26496773420493,-0.0018149702809751,DOWN
2026-05-21,2026-05-22,6278.TW,222.5,229.41661420743912,0.0310859065502882,UP
2026-05-21,2026-05-22,6279.TWO,119.5,119.46911520545837,-0.0002584501635283,DOWN
2026-05-21,2026-05-22,6281.TW,50.20000076293945,50.24270822450932,0.0008507462334819,UP
2026-05-21,2026-05-22,6282.TW,52.400001525878906,52.4602528667393,0.0011498347157612,UP
2026-05-21,2026-05-22,6283.TW,24.600000381469727,24.61687489454026,0.0006859558052382,UP
2026-05-21,2026-05-22,6284.TWO,92.5,92.34415145358072,-0.0016848491504788,DOWN
2026-05-21,2026-05-22,6285.TW,288.0,287.55801537260413,-0.0015346688451245,DOWN
2026-05-21,2026-05-22,6290.TWO,271.0,271.50287549884524,0.0018556291470304,UP
2026-05-21,2026-05-22,6291.TWO,485.5,490.8102890937589,0.0109377736225724,UP
2026-05-21,2026-05-22,6292.TWO,54.5,54.52871715690708,0.0005269203102216,UP
2026-05-21,2026-05-22,6294.TWO,27.200000762939453,27.413715234432907,0.0078571494668722,UP
2026-05-21,2026-05-22,6405.TW,55.5,55.87932196073234,0.0068346299231052,UP
2026-05-21,2026-05-22,6409.TW,678.0,678.685472690966,0.0010110216680914,UP
2026-05-21,2026-05-22,6411.TWO,90.5,90.72741386119742,0.0025128603447228,UP
2026-05-21,2026-05-22,6412.TW,95.6999969482422,95.75794088554429,0.0006054748082533,UP
2026-05-21,2026-05-22,6414.TW,345.5,350.96155628561974,0.0158076882362365,UP
2026-05-21,2026-05-22,6415.TW,557.0,588.8036451024934,0.0570981061086057,UP
2026-05-21,2026-05-22,6416.TW,91.1999969482422,91.35665345878468,0.001717724953778,UP
2026-05-21,2026-05-22,6417.TWO,127.5,127.7191659755772,0.0017189488280564,UP
2026-05-21,2026-05-22,6418.TWO,31.14999961853028,30.74033099611928,-0.0131514808163047,DOWN
2026-05-21,2026-05-22,6419.TWO,145.5,141.3094745920971,-0.0288008619099855,DOWN
2026-05-21,2026-05-22,6423.TWO,98.1999969482422,98.50016322050604,0.0030566831119359,UP
2026-05-21,2026-05-22,6425.TWO,90.0,90.19794754916802,0.002199417212978,UP
2026-05-21,2026-05-22,6426.TW,254.5,253.1394002866,-0.0053461678326129,DOWN
2026-05-21,2026-05-22,6431.TW,21.549999237060547,21.51922290942857,-0.0014281359035522,DOWN
2026-05-21,2026-05-22,6432.TWO,54.5,54.655494886566885,0.0028531171847134,UP
2026-05-21,2026-05-22,6435.TWO,235.0,234.78868851118025,-0.0008991978247649,DOWN
2026-05-21,2026-05-22,6438.TW,164.5,164.37941659858916,-0.0007330297958105,DOWN
2026-05-21,2026-05-22,6441.TWO,24.700000762939453,24.53741155998555,-0.006582558620721,DOWN
2026-05-21,2026-05-22,6442.TW,1785.0,1792.1672339527868,0.0040152571164071,UP
2026-05-21,2026-05-22,6443.TW,40.5,40.40752792311832,-0.0022832611575722,DOWN
2026-05-21,2026-05-22,6446.TW,790.0,792.7663648920134,0.0035017277114093,UP
2026-05-21,2026-05-22,6449.TW,293.5,300.2573953680694,0.0230234935879707,UP
2026-05-21,2026-05-22,6451.TW,514.0,513.2747964255977,-0.0014109018957242,DOWN
2026-05-21,2026-05-22,6456.TW,66.5,66.63688196369912,0.0020583753939718,UP
2026-05-21,2026-05-22,6461.TWO,16.350000381469727,16.361521076316006,0.0007046296377666,UP
2026-05-21,2026-05-22,6462.TWO,138.0,137.77015521749854,-0.0016655419021844,DOWN
2026-05-21,2026-05-22,6464.TW,78.0,77.76503793010488,-0.0030123342294245,DOWN
2026-05-21,2026-05-22,6465.TWO,52.70000076293945,52.87281006845762,0.0032791139092295,UP
2026-05-21,2026-05-22,6469.TWO,71.0,71.04031565261539,0.0005678260931745,UP
2026-05-21,2026-05-22,6470.TWO,47.79999923706055,47.80030364527798,6.368372851254317e-06,UP
2026-05-21,2026-05-22,6472.TW,381.0,381.4019885763992,0.0010550881270319,UP
2026-05-21,2026-05-22,6474.TWO,37.70000076293945,37.69859598435463,-3.726203067352528e-05,DOWN
2026-05-21,2026-05-22,6477.TW,34.25,34.194637136824895,-0.0016164339613169,DOWN
2026-05-21,2026-05-22,6482.TWO,30.549999237060547,30.17030581909372,-0.0124285900965332,DOWN
2026-05-21,2026-05-22,6485.TWO,109.0,108.08369684405623,-0.008406450971961,DOWN
2026-05-21,2026-05-22,6486.TWO,81.5,81.53378588301712,0.0004145507118664,UP
2026-05-21,2026-05-22,6488.TWO,701.0,706.351863198448,0.0076346122659742,UP
2026-05-21,2026-05-22,6491.TW,302.0,301.3174437941052,-0.0022601198870688,DOWN
2026-05-21,2026-05-22,6492.TWO,46.09999847412109,46.28161710691195,0.0039396667852997,UP
2026-05-21,2026-05-22,6494.TWO,54.79999923706055,54.77512942049352,-0.0004538287757896,DOWN
2026-05-21,2026-05-22,6498.TWO,106.5,106.61597550247096,0.0010889718541875,UP
2026-05-21,2026-05-22,6499.TWO,93.6999969482422,93.46870035514117,-0.0024684802629054,DOWN
2026-05-21,2026-05-22,6504.TW,38.900001525878906,38.88771959465365,-0.0003157308674418,DOWN
2026-05-21,2026-05-22,6505.TW,51.20000076293945,51.26919508679501,0.0013514516176656,UP
2026-05-21,2026-05-22,6506.TWO,19.100000381469727,19.10291340774563,0.0001525144616608,UP
2026-05-21,2026-05-22,6508.TWO,23.100000381469727,23.11381087564037,0.0005978568806313,UP
2026-05-21,2026-05-22,6509.TWO,49.59999847412109,49.67979924321546,0.0016088865231722,UP
2026-05-21,2026-05-22,6510.TWO,3400.0,3417.444567847997,0.0051307552494108,UP
2026-05-21,2026-05-22,6512.TWO,19.450000762939453,19.371559268092906,-0.0040329815819859,DOWN
2026-05-21,2026-05-22,6515.TW,9500.0,9577.773259021342,0.0081866588443517,UP
2026-05-21,2026-05-22,6516.TWO,57.20000076293945,57.24100758925759,0.0007169025484472,UP
2026-05-21,2026-05-22,6517.TWO,61.5,61.47043129258964,-0.0004807919904123,DOWN
2026-05-21,2026-05-22,6523.TWO,98.8000030517578,99.01706895539462,0.0021970232482999,UP
2026-05-21,2026-05-22,6525.TW,115.0,115.29830919229424,0.0025939929764717,UP
2026-05-21,2026-05-22,6526.TW,690.0,691.8856243486516,0.0027327889110893,UP
2026-05-21,2026-05-22,6530.TWO,106.5,105.89039387111552,-0.0057240012101829,DOWN
2026-05-21,2026-05-22,6531.TW,954.0,967.0487056765704,0.0136778885498642,UP
2026-05-21,2026-05-22,6532.TWO,99.9000015258789,98.58759662981709,-0.0131371859461069,DOWN
2026-05-21,2026-05-22,6533.TW,227.0,227.27301489957608,0.0012027088087052,UP
2026-05-21,2026-05-22,6534.TW,95.1999969482422,95.30406101245258,0.0010931099532172,UP
2026-05-21,2026-05-22,6535.TWO,128.5,129.33049646834843,0.0064630075357854,UP
2026-05-21,2026-05-22,6538.TWO,117.0,124.0655277745798,0.0603891262784598,UP
2026-05-21,2026-05-22,6541.TW,38.59999847412109,38.60380747902021,9.867888729785207e-05,UP
2026-05-21,2026-05-22,6542.TWO,46.20000076293945,46.28482561598446,0.0018360357498749,UP
2026-05-21,2026-05-22,6546.TWO,72.5,72.56896660590428,0.0009512635297141,UP
2026-05-21,2026-05-22,6547.TWO,49.09999847412109,49.02111523347648,-0.0016065833624451,DOWN
2026-05-21,2026-05-22,6548.TWO,51.0,50.85247613419779,-0.0028926248196512,DOWN
2026-05-21,2026-05-22,6550.TW,16.100000381469727,16.112297826895126,0.0007638164679519,UP
2026-05-21,2026-05-22,6552.TW,28.850000381469727,28.73939779997311,-0.0038337116129696,DOWN
2026-05-21,2026-05-22,6558.TW,31.799999237060547,31.716060023300685,-0.0026395979803055,DOWN
2026-05-21,2026-05-22,6560.TWO,37.59999847412109,37.60709358493642,0.0001886997633846,UP
2026-05-21,2026-05-22,6561.TWO,356.5,355.9392642676248,-0.0015728912549093,DOWN
2026-05-21,2026-05-22,6568.TWO,214.0,213.09897600952536,-0.0042103924788534,DOWN
2026-05-21,2026-05-22,6569.TWO,97.0999984741211,97.03790878638756,-0.0006394406664185,DOWN
2026-05-21,2026-05-22,6570.TWO,45.20000076293945,45.16132195691949,-0.0008557257824577,DOWN
2026-05-21,2026-05-22,6573.TW,13.199999809265137,13.131859373168282,-0.0051621543243528,DOWN
2026-05-21,2026-05-22,6574.TWO,115.5,117.41458947770298,0.0165765322744846,UP
2026-05-21,2026-05-22,6576.TWO,81.5999984741211,81.60277446676676,3.401951835265212e-05,UP
2026-05-21,2026-05-22,6577.TWO,79.0999984741211,79.19951555692936,0.0012581173796206,UP
2026-05-21,2026-05-22,6578.TWO,17.200000762939453,17.106696716096366,-0.0054246536456049,DOWN
2026-05-21,2026-05-22,6579.TW,153.0,153.91027742112055,0.0059495256282389,UP
2026-05-21,2026-05-22,6582.TW,30.700000762939453,30.67973398167216,-0.0006601557251997,DOWN
2026-05-21,2026-05-22,6584.TWO,680.0,684.3364615738392,0.0063771493732929,UP
2026-05-21,2026-05-22,6585.TW,95.0,95.05302465928251,0.0005581543082371,UP
2026-05-21,2026-05-22,6588.TWO,129.0,127.46363452356309,-0.0119098098948597,DOWN
2026-05-21,2026-05-22,6589.TW,43.70000076293945,43.88282818470829,0.0041836937889457,UP
2026-05-21,2026-05-22,6590.TWO,67.0,67.02495041670045,0.0003723942791111,UP
2026-05-21,2026-05-22,6591.TW,52.20000076293945,52.261732327978855,0.0011825970141216,UP
2026-05-21,2026-05-22,6592.TW,60.900001525878906,60.818959362555496,-0.0013307415647431,DOWN
2026-05-21,2026-05-22,6593.TWO,35.04999923706055,35.048654579657686,-3.8363978092153993e-05,DOWN
2026-05-21,2026-05-22,6596.TWO,96.6999969482422,96.64205943000344,-0.0005991470534354,DOWN
2026-05-21,2026-05-22,6597.TWO,74.0,74.01521216833498,0.0002055698423646,UP
2026-05-21,2026-05-22,6598.TW,24.350000381469727,24.324305399261902,-0.0010552353924139,DOWN
2026-05-21,2026-05-22,6603.TWO,22.25,22.15475960809272,-0.0042804670520126,DOWN
2026-05-21,2026-05-22,6605.TW,130.0,129.8048006684985,-0.0015015333192422,DOWN
2026-05-21,2026-05-22,6606.TW,24.299999237060547,24.30917725470496,0.0003776962112169,UP
2026-05-21,2026-05-22,6609.TWO,41.79999923706055,41.735274584049805,-0.0015484367031604,DOWN
2026-05-21,2026-05-22,6612.TWO,74.69999694824219,74.83359842309908,0.0017885070992634,UP
2026-05-21,2026-05-22,6613.TWO,253.5,253.9301918608253,0.0016970093129202,UP
2026-05-21,2026-05-22,6614.TW,39.75,39.746927196327306,-7.730323704890907e-05,DOWN
2026-05-21,2026-05-22,6615.TWO,32.45000076293945,32.47806822516356,0.0008649448864162,UP
2026-05-21,2026-05-22,6616.TWO,9.760000228881836,9.759009394266224,-0.0001015199377434,DOWN
2026-05-21,2026-05-22,6617.TWO,65.5,65.23271108535118,-0.0040807467885315,DOWN
2026-05-21,2026-05-22,6620.TWO,74.69999694824219,74.44456585110609,-0.003419425804168,DOWN
2026-05-21,2026-05-22,6625.TW,72.5,72.49050338563393,-0.0001309877843596,DOWN
2026-05-21,2026-05-22,6629.TWO,122.0,121.80452237115242,-0.0016022756462916,DOWN
2026-05-21,2026-05-22,6637.TWO,66.19999694824219,66.26316753171677,0.0009542384650557,UP
2026-05-21,2026-05-22,6640.TWO,1345.0,1368.7165458593518,0.017633119598031,UP
2026-05-21,2026-05-22,6641.TW,18.299999237060547,18.29918274856266,-4.46168596680892e-05,DOWN
2026-05-21,2026-05-22,6642.TWO,84.4000015258789,84.25032941260795,-0.0017733662389219,DOWN
2026-05-21,2026-05-22,6643.TWO,590.0,590.4776890669018,0.0008096424862742,UP
2026-05-21,2026-05-22,6649.TWO,40.79999923706055,40.598856274074535,-0.0049299746751785,DOWN
2026-05-21,2026-05-22,6651.TWO,126.0,125.64222410414368,-0.0028394912369549,DOWN
2026-05-21,2026-05-22,6654.TWO,97.0,96.92625912383664,-0.0007602152181789,DOWN
2026-05-21,2026-05-22,6657.TW,39.70000076293945,39.69022743453524,-0.0002461795520502,DOWN
2026-05-21,2026-05-22,6658.TW,174.0,168.7929401434958,-0.0299256313592195,DOWN
2026-05-21,2026-05-22,6662.TWO,29.0,29.041998450644314,0.0014482224360108,UP
2026-05-21,2026-05-22,6664.TWO,412.0,412.45516403904185,0.001104767085053,UP
2026-05-21,2026-05-22,6666.TW,40.20000076293945,40.19352190493592,-0.0001611656189197,DOWN
2026-05-21,2026-05-22,6667.TWO,252.5,252.4398042507892,-0.0002383990067755,DOWN
2026-05-21,2026-05-22,6668.TW,38.59999847412109,38.47389369150864,-0.0032669634092599,DOWN
2026-05-21,2026-05-22,6669.TW,5400.0,5507.340717315674,0.0198779106140136,UP
2026-05-21,2026-05-22,6670.TW,262.5,262.1431852807291,-0.0013592941686511,DOWN
2026-05-21,2026-05-22,6671.TW,28.600000381469727,28.638073514607058,0.0013312284136191,UP
2026-05-21,2026-05-22,6672.TW,181.5,181.0788751688088,-0.0023202470038086,DOWN
2026-05-21,2026-05-22,6674.TW,17.049999237060547,17.07151649398488,0.0012620092602445,UP
2026-05-21,2026-05-22,6679.TWO,330.0,331.67391657829285,0.0050724744796752,UP
2026-05-21,2026-05-22,6683.TWO,1835.0,1849.4883047556505,0.0078955339267849,UP
2026-05-21,2026-05-22,6684.TWO,46.09999847412109,46.11809821865507,0.0003926192002835,UP
2026-05-21,2026-05-22,6689.TW,65.9000015258789,65.87753474968561,-0.0003409222408663,DOWN
2026-05-21,2026-05-22,6690.TWO,167.5,167.4350732297171,-0.0003876225091516,DOWN
2026-05-21,2026-05-22,6691.TW,617.0,618.0083118790062,0.0016342169838026,UP
2026-05-21,2026-05-22,6692.TWO,28.5,28.53785442619119,0.0013282254803925,UP
2026-05-21,2026-05-22,6693.TWO,140.5,140.31270109879551,-0.0013330882648006,DOWN
2026-05-21,2026-05-22,6695.TW,50.5,50.45236373096122,-0.0009432924562133,DOWN
2026-05-21,2026-05-22,6697.TWO,40.95000076293945,40.930659302230005,-0.0004723189340438,DOWN
2026-05-21,2026-05-22,6698.TW,32.0,31.93791224434972,-0.0019402423640713,DOWN
2026-05-21,2026-05-22,6703.TWO,113.5,113.2838672279031,-0.001904253498651,DOWN
2026-05-21,2026-05-22,6706.TW,175.5,175.2221671238076,-0.0015830933116376,DOWN
2026-05-21,2026-05-22,6708.TWO,40.25,40.33097488246858,0.0020117983222007,UP
2026-05-21,2026-05-22,6712.TWO,135.5,135.4571948336525,-0.0003159052866976,DOWN
2026-05-21,2026-05-22,6715.TW,491.0,483.4943295940757,-0.0152864977717399,DOWN
2026-05-21,2026-05-22,6716.TWO,98.0,97.55827908031642,-0.0045073563233017,DOWN
2026-05-21,2026-05-22,6719.TW,232.5,231.4519071369432,-0.0045079262927174,DOWN
2026-05-21,2026-05-22,6720.TWO,156.5,156.78752885380527,0.0018372450722381,UP
2026-05-21,2026-05-22,6721.TWO,58.70000076293945,58.70950076583955,0.0001618399110157,UP
2026-05-21,2026-05-22,6722.TW,38.0,37.95702014211565,-0.0011310488916933,DOWN
2026-05-21,2026-05-22,6725.TWO,292.0,290.8131627757102,-0.0040645110420882,DOWN
2026-05-21,2026-05-22,6727.TWO,533.0,529.6009165900759,-0.0063772671855986,DOWN
2026-05-21,2026-05-22,6728.TWO,111.5,111.78120106540156,0.0025219826493412,UP
2026-05-21,2026-05-22,6730.TWO,37.0,37.00090550692039,2.447316001052968e-05,UP
2026-05-21,2026-05-22,6732.TWO,172.5,172.387874648266,-0.0006500020390376,DOWN
2026-05-21,2026-05-22,6733.TWO,28.14999961853028,28.16342964812202,0.0004770880914293,UP
2026-05-21,2026-05-22,6735.TWO,106.5,106.67709615669446,0.0016628747107461,UP
2026-05-21,2026-05-22,6739.TWO,1285.0,1287.53356687841,0.0019716473761945,UP
2026-05-21,2026-05-22,6741.TWO,62.5,62.58813188469503,0.0014101101551204,UP
2026-05-21,2026-05-22,6742.TW,56.29999923706055,56.22048782711563,-0.0014122808352113,DOWN
2026-05-21,2026-05-22,6743.TW,29.450000762939453,29.338522047956044,-0.0037853552494197,DOWN
2026-05-21,2026-05-22,6751.TWO,47.150001525878906,47.21982367896822,0.001480851555243,UP
2026-05-21,2026-05-22,6752.TWO,101.5,101.4952955440458,-4.634931974578649e-05,DOWN
2026-05-21,2026-05-22,6753.TW,127.0,127.8869828558527,0.006984116975218,UP
2026-05-21,2026-05-22,6754.TW,44.04999923706055,43.99479041931496,-0.001253321650438,DOWN
2026-05-21,2026-05-22,6756.TW,98.5,98.18017148179932,-0.003246990032494,DOWN
2026-05-21,2026-05-22,6757.TW,53.900001525878906,53.845118043205424,-0.001018246402964,DOWN
2026-05-21,2026-05-22,6761.TWO,194.5,195.32302801287733,0.0042315064929425,UP
2026-05-21,2026-05-22,6762.TWO,188.0,186.48924658447504,-0.0080359224230051,DOWN
2026-05-21,2026-05-22,6763.TWO,45.150001525878906,45.04191972519312,-0.0023938382510095,DOWN
2026-05-21,2026-05-22,6767.TWO,26.950000762939453,26.944419696865115,-0.0002070896443911,DOWN
2026-05-21,2026-05-22,6768.TW,85.19999694824219,85.06022483271141,-0.0016405178466811,DOWN
2026-05-21,2026-05-22,6770.TW,60.5,60.19151844806038,-0.0050988686271011,DOWN
2026-05-21,2026-05-22,6771.TW,42.150001525878906,42.16440330600785,0.0003416792314965,UP
2026-05-21,2026-05-22,6776.TW,57.70000076293945,57.60396519156548,-0.0016643946291879,DOWN
2026-05-21,2026-05-22,6781.TW,1150.0,1164.3426446709782,0.0124718649312853,UP
2026-05-21,2026-05-22,6782.TW,191.0,191.19406759471167,0.0010160607052966,UP
2026-05-21,2026-05-22,6785.TWO,125.5,127.0334871476516,0.0122190210968256,UP
2026-05-21,2026-05-22,6788.TWO,405.5,407.1928899474442,0.0041748210787773,UP
2026-05-21,2026-05-22,6789.TW,533.0,529.2578535848297,-0.0070209125988185,DOWN
2026-05-21,2026-05-22,6790.TW,39.45000076293945,39.43741312135784,-0.0003190783609171,DOWN
2026-05-21,2026-05-22,6791.TWO,114.0,113.9827835696633,-0.000151021318743,DOWN
2026-05-21,2026-05-22,6792.TW,66.5999984741211,66.56615426421173,-0.0005081713316031,DOWN
2026-05-21,2026-05-22,6794.TW,79.19999694824219,79.21682775226994,0.000212510160054,UP
2026-05-21,2026-05-22,6796.TW,61.79999923706055,62.117487171936304,0.0051373452879488,UP
2026-05-21,2026-05-22,6799.TW,95.4000015258789,95.41169735803932,0.000122597819427,UP
2026-05-21,2026-05-22,6803.TWO,287.0,286.79131015308667,-0.0007271423237398,DOWN
2026-05-21,2026-05-22,6804.TWO,15.399999618530272,15.389258317577829,-0.0006974870921112,DOWN
2026-05-21,2026-05-22,6805.TW,1790.0,1812.8457268234345,0.0127629758790135,UP
2026-05-21,2026-05-22,6806.TW,10.300000190734863,10.097938039882386,-0.0196176841855049,DOWN
2026-05-21,2026-05-22,6811.TWO,208.0,207.7025354821235,-0.0014301178744062,DOWN
2026-05-21,2026-05-22,6821.TWO,57.20000076293945,57.95715384226637,0.0132369417697191,UP
2026-05-21,2026-05-22,6823.TWO,79.80000305175781,79.63431385201064,-0.0020763056818395,DOWN
2026-05-21,2026-05-22,6829.TWO,184.0,185.61523550003767,0.0087784538045525,UP
2026-05-21,2026-05-22,6830.TW,695.0,684.344286955893,-0.0153319612145423,DOWN
2026-05-21,2026-05-22,6831.TW,744.0,728.3333644419909,-0.0210573058575391,DOWN
2026-05-21,2026-05-22,6834.TW,66.5999984741211,74.19071590869109,0.1139747388660907,UP
2026-05-21,2026-05-22,6835.TW,38.400001525878906,38.36049665800711,-0.0010287725599483,DOWN
2026-05-21,2026-05-22,6838.TW,25.89999961853028,25.91508901742531,0.0005826022825203,UP
2026-05-21,2026-05-22,6840.TWO,63.5,63.29704887676053,-0.0031960806809365,DOWN
2026-05-21,2026-05-22,6841.TWO,59.79999923706055,59.7770787635832,-0.0003832855145446,DOWN
2026-05-21,2026-05-22,6844.TWO,66.0,65.93083821167238,-0.0010479058837518,DOWN
2026-05-21,2026-05-22,6854.TW,150.5,149.87764808163047,-0.0041352286934852,DOWN
2026-05-21,2026-05-22,6855.TWO,102.0,102.10836408147588,0.0010623929556459,UP
2026-05-21,2026-05-22,6859.TWO,118.0,118.25998166762292,0.0022032344713807,UP
2026-05-21,2026-05-22,6861.TW,421.0,419.2414352041669,-0.0041771135292947,DOWN
2026-05-21,2026-05-22,6862.TW,182.5,189.0269193612039,0.0357639417052269,UP
2026-05-21,2026-05-22,6863.TW,109.5,109.56132666856864,0.0005600609001703,UP
2026-05-21,2026-05-22,6869.TW,81.5999984741211,81.61794826529417,0.000219972935156,UP
2026-05-21,2026-05-22,6870.TWO,224.0,234.5719495773315,0.0471962034702299,UP
2026-05-21,2026-05-22,6872.TWO,18.299999237060547,18.27857278929712,-0.0011708441888913,DOWN
2026-05-21,2026-05-22,6873.TW,85.69999694824219,85.9064424101323,0.0024089319631457,UP
2026-05-21,2026-05-22,6874.TWO,79.5,79.57661324332003,0.0009636885952204,UP
2026-05-21,2026-05-22,6875.TWO,38.79999923706055,38.70629394173477,-0.0024150849785656,DOWN
2026-05-21,2026-05-22,6877.TWO,153.5,153.0350027512759,-0.0030292980372905,DOWN
2026-05-21,2026-05-22,6881.TWO,271.5,271.36579485295806,-0.0004943099338561,DOWN
2026-05-21,2026-05-22,6885.TW,22.350000381469727,22.36392884514843,0.0006231974693946,UP
2026-05-21,2026-05-22,6887.TW,34.75,34.894840089953505,0.0041680601425468,UP
2026-05-21,2026-05-22,6890.TW,167.5,168.23053261381574,0.0043613887391984,UP
2026-05-21,2026-05-22,6894.TWO,352.0,352.5684965401888,0.0016150469891726,UP
2026-05-21,2026-05-22,6895.TWO,152.5,152.73127550288336,0.001516560674645,UP
2026-05-21,2026-05-22,6899.TWO,61.79999923706055,61.74519333219062,-0.000886826950591,DOWN
2026-05-21,2026-05-22,6901.TW,14.350000381469728,14.294423993829316,-0.003872918896377,DOWN
2026-05-21,2026-05-22,6902.TW,131.0,130.85336448333692,-0.0011193550890311,DOWN
2026-05-21,2026-05-22,6903.TWO,382.5,379.5819519844372,-0.0076288837008178,DOWN
2026-05-21,2026-05-22,6906.TW,76.69999694824219,79.2621559438656,0.0334049426019191,UP
2026-05-21,2026-05-22,6907.TWO,115.0,115.13152308762074,0.001143679022789,UP
2026-05-21,2026-05-22,6909.TW,51.59999847412109,51.51731231298804,-0.0016024450305849,DOWN
2026-05-21,2026-05-22,6910.TWO,27.450000762939453,27.445282252829024,-0.0001718947169137,DOWN
2026-05-21,2026-05-22,6913.TWO,136.0,135.52251929976046,-0.0035108875017613,DOWN
2026-05-21,2026-05-22,6914.TW,144.0,143.88707835506648,-0.0007841780898161,DOWN
2026-05-21,2026-05-22,6916.TW,17.0,17.080226646736264,0.0047192145138978,UP
2026-05-21,2026-05-22,6918.TW,74.0,73.99134441134811,-0.0001169674142147,DOWN
2026-05-21,2026-05-22,6919.TW,103.0,103.29788627801464,0.0028920997865498,UP
2026-05-21,2026-05-22,6921.TW,76.30000305175781,76.60745983478066,0.0040295775979757,UP
2026-05-21,2026-05-22,6922.TWO,186.5,187.06297262222503,0.0030186199583113,UP
2026-05-21,2026-05-22,6923.TW,77.30000305175781,77.3563807444611,0.0007293362286873,UP
2026-05-21,2026-05-22,6924.TW,163.5,160.3273333730176,-0.0194046888500452,DOWN
2026-05-21,2026-05-22,6928.TW,46.59999847412109,46.59099757180161,-0.0001931524166138,DOWN
2026-05-21,2026-05-22,6929.TWO,23.200000762939453,23.23691926738583,0.0015913147944956,UP
2026-05-21,2026-05-22,6931.TW,40.400001525878906,40.41745088266455,0.0004319147556088,UP
2026-05-21,2026-05-22,6933.TW,161.5,161.58492152983672,0.0005258299061097,UP
2026-05-21,2026-05-22,6934.TW,76.5999984741211,77.62205783197575,0.0133428117260335,UP
2026-05-21,2026-05-22,6936.TW,33.599998474121094,33.57540350845018,-0.0007319930591621,DOWN
2026-05-21,2026-05-22,6937.TW,293.0,291.8196294265799,-0.0040285685099661,DOWN
2026-05-21,2026-05-22,6944.TW,919.0,917.2242917903932,-0.0019322178559377,DOWN
2026-05-21,2026-05-22,6949.TW,688.0,690.1908606551588,0.0031843904871493,UP
2026-05-21,2026-05-22,6951.TW,81.30000305175781,81.18095960488026,-0.0014642489841208,DOWN
2026-05-21,2026-05-22,6952.TW,36.900001525878906,36.92065097336714,0.0005596055998466,UP
2026-05-21,2026-05-22,6953.TWO,257.0,256.2233446338214,-0.00302200531587,DOWN
2026-05-21,2026-05-22,6955.TW,152.0,152.23848843574524,0.0015690028667449,UP
2026-05-21,2026-05-22,6957.TW,162.0,161.8565758288605,-0.0008853343897499,DOWN
2026-05-21,2026-05-22,6958.TW,17.350000381469727,17.318431579081548,-0.0018195274751633,DOWN
2026-05-21,2026-05-22,6961.TWO,58.5,58.482656626962125,-0.0002964679151773,DOWN
2026-05-21,2026-05-22,6962.TW,39.84999847412109,39.860342979253325,0.0002595860860309,UP
2026-05-21,2026-05-22,6965.TW,75.19999694824219,75.20849087391271,0.0001129511438194,UP
2026-05-21,2026-05-22,6967.TWO,72.0,72.08413945510983,0.0011686035431921,UP
2026-05-21,2026-05-22,6968.TWO,46.0,45.95898537547328,-0.00089162227232,DOWN
2026-05-21,2026-05-22,6969.TW,28.049999237060547,28.05547060985516,0.0001950578589458,UP
2026-05-21,2026-05-22,6971.TWO,27.299999237060547,27.289296591307416,-0.0003920383169315,DOWN
2026-05-21,2026-05-22,6982.TWO,51.5,51.53396249416983,0.0006594659062102,UP
2026-05-21,2026-05-22,6988.TW,16.5,16.394917795434594,-0.0063686184585094,DOWN
2026-05-21,2026-05-22,6994.TW,52.400001525878906,52.718179734748354,0.0060721030458807,UP
2026-05-21,2026-05-22,6996.TWO,199.0,199.443149037892,0.0022268795873969,UP
2026-05-21,2026-05-22,7402.TWO,95.4000015258789,95.29115133879765,-0.0011409872677176,DOWN
2026-05-21,2026-05-22,7547.TWO,69.0999984741211,68.97630393368459,-0.0017900802195072,DOWN
2026-05-21,2026-05-22,7556.TWO,272.5,274.63063148316,0.0078188311308622,UP
2026-05-21,2026-05-22,7584.TWO,27.0,27.057728828396648,0.0021381047554314,UP
2026-05-21,2026-05-22,7610.TW,1230.0,1236.6214081831276,0.0053832586854696,UP
2026-05-21,2026-05-22,7642.TWO,67.5,67.46425686695147,-0.0005295278970152,DOWN
2026-05-21,2026-05-22,7703.TWO,208.0,207.9479859531857,-0.000250067532761,DOWN
2026-05-21,2026-05-22,7704.TWO,62.59999847412109,62.293358813622525,-0.0048983972519636,DOWN
2026-05-21,2026-05-22,7705.TW,31.549999237060547,31.54585950130683,-0.0001312119129579,DOWN
2026-05-21,2026-05-22,7708.TWO,92.0999984741211,92.07029892283046,-0.000322470703395,DOWN
2026-05-21,2026-05-22,7709.TWO,96.5,96.81101557717191,0.0032229593489319,UP
2026-05-21,2026-05-22,7711.TW,366.0,364.63842404214665,-0.0037201528903096,DOWN
2026-05-21,2026-05-22,7712.TWO,166.5,166.97008351399563,0.0028233244083821,UP
2026-05-21,2026-05-22,7713.TWO,67.19999694824219,67.24831183743112,0.0007189715979621,UP
2026-05-21,2026-05-22,7714.TWO,123.5,123.62734866322717,0.0010311632649973,UP
2026-05-21,2026-05-22,7715.TWO,29.600000381469727,29.592173812996315,-0.0002644110936671,DOWN
2026-05-21,2026-05-22,7717.TWO,681.0,678.922405711608,-0.00305079924874,DOWN
2026-05-21,2026-05-22,7721.TW,73.0999984741211,72.52497068372385,-0.0078663174062967,DOWN
2026-05-21,2026-05-22,7722.TW,256.0,258.2084684371948,0.0086268298327922,UP
2026-05-21,2026-05-22,7723.TWO,24.89999961853028,25.181998232715934,0.0113252457231283,UP
2026-05-21,2026-05-22,7728.TWO,711.0,716.1295569185168,0.0072145666927099,UP
2026-05-21,2026-05-22,7730.TW,227.0,226.56368642568123,-0.0019220862304791,DOWN
2026-05-21,2026-05-22,7732.TW,35.0,35.004948324130964,0.0001413806894561,UP
2026-05-21,2026-05-22,7734.TWO,3590.0,3653.2485415786505,0.0176179781556129,UP
2026-05-21,2026-05-22,7736.TW,71.5,71.51706839417602,0.0002387187996646,UP
2026-05-21,2026-05-22,7740.TW,176.0,179.8179307281971,0.0216927882283926,UP
2026-05-21,2026-05-22,7744.TWO,502.0,500.0433375388384,-0.0038977339863777,DOWN
2026-05-21,2026-05-22,7749.TW,506.0,509.0101760402322,0.0059489645063877,UP
2026-05-21,2026-05-22,7750.TW,2490.0,2469.352032300085,-0.00829235650599,DOWN
2026-05-21,2026-05-22,7751.TWO,1600.0,1603.5819109529257,0.0022386943455785,UP
2026-05-21,2026-05-22,7753.TWO,41.900001525878906,41.786907126780335,-0.002699150238186,DOWN
2026-05-21,2026-05-22,7757.TWO,105.0,104.75704663200304,-0.002313841599971,DOWN
2026-05-21,2026-05-22,7765.TW,245.0,244.72305280040013,-0.0011303967330604,DOWN
2026-05-21,2026-05-22,7767.TWO,43.70000076293945,43.71602763768501,0.000366747699445,UP
2026-05-21,2026-05-22,7769.TW,7655.0,7949.663572572172,0.0384929552674293,UP
2026-05-21,2026-05-22,7770.TWO,40.25,40.20180022518616,-0.001197509933263,DOWN
2026-05-21,2026-05-22,7777.TWO,33.400001525878906,33.27493976975347,-0.00374436378479,DOWN
2026-05-21,2026-05-22,7780.TW,18.5,18.47445523162605,-0.0013807982904836,DOWN
2026-05-21,2026-05-22,7782.TWO,26.64999961853028,26.645246271806187,-0.0001783619809429,DOWN
2026-05-21,2026-05-22,7786.TW,116.0,116.1795273963362,0.0015476499684154,UP
2026-05-21,2026-05-22,7788.TW,186.5,187.6978924118448,0.0064230156131088,UP
2026-05-21,2026-05-22,7791.TW,62.900001525878906,62.92814252534172,0.0004473926674109,UP
2026-05-21,2026-05-22,7792.TWO,268.0,271.1310595422983,0.0116830579936504,UP
2026-05-21,2026-05-22,7794.TWO,28.850000381469727,28.91590176700674,0.0022842767648399,UP
2026-05-21,2026-05-22,7795.TW,378.0,378.5431677815504,0.0014369518030434,UP
2026-05-21,2026-05-22,7799.TW,309.5,311.002922258107,0.0048559685237705,UP
2026-05-21,2026-05-22,7805.TWO,717.0,714.7455628872849,-0.0031442637555301,DOWN
2026-05-21,2026-05-22,7810.TWO,226.0,224.9021665686741,-0.0048576700501143,DOWN
2026-05-21,2026-05-22,7822.TW,1080.0,1087.8983382694423,0.0073132761754095,UP
2026-05-21,2026-05-22,7823.TW,109.0,109.16644745238592,0.0015270408475771,UP
2026-05-21,2026-05-22,8011.TW,18.049999237060547,18.08151473367556,0.0017460109665989,UP
2026-05-21,2026-05-22,8016.TW,298.5,301.0537449773401,0.0085552595555782,UP
2026-05-21,2026-05-22,8021.TW,385.0,380.3030266240239,-0.0121999308466911,DOWN
2026-05-21,2026-05-22,8024.TWO,12.399999618530272,12.39601237875801,-0.0003215516044293,DOWN
2026-05-21,2026-05-22,8027.TWO,258.5,255.10406126687303,-0.013137093745172,DOWN
2026-05-21,2026-05-22,8028.TW,269.0,269.1136686396494,0.0004225599986966,UP
2026-05-21,2026-05-22,8032.TWO,42.0,41.92083013057709,-0.0018849968910217,DOWN
2026-05-21,2026-05-22,8033.TW,134.5,134.52436177984055,0.0001811284746509,UP
2026-05-21,2026-05-22,8034.TWO,24.200000762939453,24.162689359962904,-0.0015417934628204,DOWN
2026-05-21,2026-05-22,8038.TWO,41.0,40.98075097153196,-0.0004694884992204,DOWN
2026-05-21,2026-05-22,8039.TW,132.5,132.95241934247315,0.0034144856035709,UP
2026-05-21,2026-05-22,8040.TWO,99.8000030517578,100.25852721245496,0.0045944303274154,UP
2026-05-21,2026-05-22,8042.TWO,128.0,137.27640142440796,0.0724718861281872,UP
2026-05-21,2026-05-22,8043.TWO,122.0,122.1234098621644,0.0010115562472492,UP
2026-05-21,2026-05-22,8044.TWO,28.549999237060547,29.00667900992208,0.0159957893192768,UP
2026-05-21,2026-05-22,8045.TW,72.80000305175781,72.56925772727833,-0.003169578500092,DOWN
2026-05-21,2026-05-22,8046.TW,901.0,917.3275516666472,0.0181215889751911,UP
2026-05-21,2026-05-22,8047.TWO,43.5,43.430372919130605,-0.0016006225487217,DOWN
2026-05-21,2026-05-22,8048.TWO,61.900001525878906,61.73224735312145,-0.0027100834995508,DOWN
2026-05-21,2026-05-22,8049.TWO,26.549999237060547,26.53342245345607,-0.0006243609823287,DOWN
2026-05-21,2026-05-22,8050.TWO,51.400001525878906,51.392962019175165,-0.0001369553792755,DOWN
2026-05-21,2026-05-22,8054.TWO,106.5,106.39964824088383,-0.0009422700386494,DOWN
2026-05-21,2026-05-22,8059.TWO,18.299999237060547,18.37086000256512,0.0038721731398255,UP
2026-05-21,2026-05-22,8064.TWO,128.0,128.7956726551056,0.0062161926180124,UP
2026-05-21,2026-05-22,8066.TWO,17.700000762939453,17.58576979177362,-0.0064537269063292,DOWN
2026-05-21,2026-05-22,8068.TWO,20.5,20.579889079672284,0.0038970282766968,UP
2026-05-21,2026-05-22,8069.TWO,229.0,228.03034114232287,-0.0042343181557953,DOWN
2026-05-21,2026-05-22,8070.TW,44.400001525878906,44.35042096401605,-0.0011166792828589,DOWN
2026-05-21,2026-05-22,8071.TWO,20.0,19.90623826161027,-0.0046880869194865,DOWN
2026-05-21,2026-05-22,8072.TW,27.549999237060547,27.531122661310988,-0.0006851751822978,DOWN
2026-05-21,2026-05-22,8074.TWO,74.5,74.16282850690186,-0.0045257918536663,DOWN
2026-05-21,2026-05-22,8076.TWO,24.0,24.01939885178581,0.0008082854910753,UP
2026-05-21,2026-05-22,8080.TWO,28.39999961853028,28.19379480925761,-0.0072607328183949,DOWN
2026-05-21,2026-05-22,8081.TW,277.5,277.86559998843586,0.0013174774358049,UP
2026-05-21,2026-05-22,8083.TWO,169.0,169.1853415274527,0.0010966954287141,UP
2026-05-21,2026-05-22,8084.TWO,43.650001525878906,43.664527728161126,0.0003327881277073,UP
2026-05-21,2026-05-22,8085.TWO,11.449999809265137,11.480250643190388,0.00264199427329,UP
2026-05-21,2026-05-22,8086.TWO,149.0,149.00582160897466,3.907120117219165e-05,UP
2026-05-21,2026-05-22,8087.TWO,34.54999923706055,34.58201440505243,0.0009266329579985,UP
2026-05-21,2026-05-22,8088.TWO,55.29999923706055,55.36059799129358,0.0010958183556795,UP
2026-05-21,2026-05-22,8089.TWO,20.200000762939453,20.21124345644465,0.0005565689643845,UP
2026-05-21,2026-05-22,8091.TWO,256.0,255.4924126267433,-0.0019827631767839,DOWN
2026-05-21,2026-05-22,8092.TWO,18.450000762939453,18.379421871822533,-0.0038254139944911,DOWN
2026-05-21,2026-05-22,8096.TWO,108.0,107.20009602047504,-0.0074065183289349,DOWN
2026-05-21,2026-05-22,8097.TWO,56.79999923706055,56.678898071634194,-0.0021320628002286,DOWN
2026-05-21,2026-05-22,8099.TWO,60.400001525878906,60.3497196745929,-0.0008324809605255,DOWN
2026-05-21,2026-05-22,8102.TWO,62.29999923706055,62.17699940473992,-0.0019743151497095,DOWN
2026-05-21,2026-05-22,8103.TW,105.5,106.1039202013053,0.0057243620976805,UP
2026-05-21,2026-05-22,8104.TW,34.29999923706055,34.24507703317723,-0.0016012304695322,DOWN
2026-05-21,2026-05-22,8105.TW,16.5,16.47450842958642,-0.0015449436614289,DOWN
2026-05-21,2026-05-22,8107.TWO,11.75,11.758302446338348,0.0007065911777317,UP
2026-05-21,2026-05-22,8109.TWO,128.5,128.71588658040855,0.001680051209405,UP
2026-05-21,2026-05-22,8110.TW,47.59999847412109,47.467802463611775,-0.0027772272005677,DOWN
2026-05-21,2026-05-22,8111.TWO,62.400001525878906,62.29241876730254,-0.0017240826273336,DOWN
2026-05-21,2026-05-22,8112.TW,85.30000305175781,85.38782072897163,0.0010295155225321,UP
2026-05-21,2026-05-22,8114.TW,240.0,240.6859011389315,0.0028579214122146,UP
2026-05-21,2026-05-22,8121.TWO,36.79999923706055,36.7527846284686,-0.0012830056948586,DOWN
2026-05-21,2026-05-22,8131.TW,62.09999847412109,62.29598523378765,0.0031559865456074,UP
2026-05-21,2026-05-22,8147.TWO,180.0,178.26047563925383,-0.0096640242263674,DOWN
2026-05-21,2026-05-22,8150.TW,77.69999694824219,75.93006227802718,-0.022779082879424,DOWN
2026-05-21,2026-05-22,8155.TWO,411.0,411.5916823541047,0.0014396164333447,UP
2026-05-21,2026-05-22,8162.TW,55.79999923706055,55.53630711582607,-0.004725665319711,DOWN
2026-05-21,2026-05-22,8163.TW,35.599998474121094,35.640519828195785,0.0011382403317839,UP
2026-05-21,2026-05-22,8171.TWO,23.700000762939453,23.673058283800465,-0.0011368134291843,DOWN
2026-05-21,2026-05-22,8176.TWO,10.0,10.017889423761517,0.0017889423761516,UP
2026-05-21,2026-05-22,8182.TWO,38.04999923706055,37.99028225863998,-0.0015694344183429,DOWN
2026-05-21,2026-05-22,8183.TWO,31.200000762939453,31.093186634402205,-0.003423529677093,DOWN
2026-05-21,2026-05-22,8201.TW,12.600000381469728,12.593667824619118,-0.0005025838618166,DOWN
2026-05-21,2026-05-22,8210.TW,1315.0,1347.2663936484605,0.024537181481719,UP
2026-05-21,2026-05-22,8213.TW,37.54999923706055,37.487182387920726,-0.0016728854971007,DOWN
2026-05-21,2026-05-22,8215.TW,27.850000381469727,27.822833222232703,-0.0009754814673214,DOWN
2026-05-21,2026-05-22,8222.TW,36.20000076293945,36.19788219193843,-5.852405956822576e-05,DOWN
2026-05-21,2026-05-22,8227.TWO,205.0,205.2527484291932,0.0012329191667959,UP
2026-05-21,2026-05-22,8234.TWO,67.0999984741211,66.84021267308226,-0.0038716215640306,DOWN
2026-05-21,2026-05-22,8240.TWO,63.5,63.31220619822852,-0.0029573827050626,DOWN
2026-05-21,2026-05-22,8249.TW,51.59999847412109,51.39746339379892,-0.0039250985719262,DOWN
2026-05-21,2026-05-22,8255.TWO,155.0,154.6745892590843,-0.0020994241349399,DOWN
2026-05-21,2026-05-22,8261.TW,147.0,147.07174991152715,0.0004880946362391,UP
2026-05-21,2026-05-22,8271.TW,221.0,218.7346573174,-0.0102504193782806,DOWN
2026-05-21,2026-05-22,8272.TWO,71.5999984741211,71.70994956096078,0.0015356297371909,UP
2026-05-21,2026-05-22,8277.TWO,6.690000057220459,6.736598008533893,0.0069653140380979,UP
2026-05-21,2026-05-22,8279.TWO,97.0999984741211,97.13280513683526,0.0003378647088538,UP
2026-05-21,2026-05-22,8289.TWO,59.70000076293945,60.09507307845276,0.0066176266409456,UP
2026-05-21,2026-05-22,8299.TWO,2350.0,2315.7596779055893,-0.0145703498274087,DOWN
2026-05-21,2026-05-22,8341.TW,75.80000305175781,75.70363582394467,-0.0012713354080915,DOWN
2026-05-21,2026-05-22,8342.TWO,89.19999694824219,89.43714077760319,0.0026585632003844,UP
2026-05-21,2026-05-22,8349.TWO,41.70000076293945,41.68053568909129,-0.0004667883331421,DOWN
2026-05-21,2026-05-22,8354.TWO,16.5,16.471106268872973,-0.0017511352198198,DOWN
2026-05-21,2026-05-22,8358.TWO,482.0,486.2088738805148,0.0087321034865452,UP
2026-05-21,2026-05-22,8367.TW,41.54999923706055,41.54234918002189,-0.0001841168996178,DOWN
2026-05-21,2026-05-22,8374.TW,99.0,99.51964728115126,0.0052489624358713,UP
2026-05-21,2026-05-22,8383.TWO,56.0,56.02957464335486,0.0005281186313368,UP
2026-05-21,2026-05-22,8390.TWO,114.5,113.7372780481819,-0.0066613270901143,DOWN
2026-05-21,2026-05-22,8401.TWO,22.89999961853028,22.922983419477383,0.0010036594467238,UP
2026-05-21,2026-05-22,8403.TWO,20.0,20.0048348022392,0.00024174011196,UP
2026-05-21,2026-05-22,8404.TW,16.450000762939453,16.474793427702654,0.0015071528032422,UP
2026-05-21,2026-05-22,8409.TWO,19.5,19.476231872860808,-0.0012188783148303,DOWN
2026-05-21,2026-05-22,8410.TWO,35.04999923706055,35.05611272671602,0.0001744219625834,UP
2026-05-21,2026-05-22,8411.TW,11.949999809265137,11.958629097820596,0.0007221162086353,UP
2026-05-21,2026-05-22,8415.TWO,36.09999847412109,36.01694479837957,-0.0023006559349595,DOWN
2026-05-21,2026-05-22,8416.TWO,172.0,172.00857938127592,4.988012369722128e-05,UP
2026-05-21,2026-05-22,8421.TWO,13.600000381469728,13.590696289129356,-0.000684124417603,DOWN
2026-05-21,2026-05-22,8422.TW,26.049999237060547,26.095654582885807,0.0017526044975965,UP
2026-05-21,2026-05-22,8423.TWO,17.75,17.75733158897492,0.0004130472661927,UP
2026-05-21,2026-05-22,8424.TWO,73.0999984741211,73.04637892336635,-0.0007335096015594,DOWN
2026-05-21,2026-05-22,8426.TWO,22.39999961853028,22.42080389263069,0.0009287622524424,UP
2026-05-21,2026-05-22,8429.TW,6.099999904632568,6.11463005980887,0.002398386131972,UP
2026-05-21,2026-05-22,8431.TWO,58.09999847412109,58.09044871382262,-0.0001643676514505,DOWN
2026-05-21,2026-05-22,8432.TWO,51.09999847412109,51.07733389364013,-0.0004435338778421,DOWN
2026-05-21,2026-05-22,8433.TWO,52.59999847412109,52.65662201371627,0.0010764931794255,UP
2026-05-21,2026-05-22,8435.TWO,55.79999923706055,55.77112900380636,-0.0005173876998015,DOWN
2026-05-21,2026-05-22,8436.TWO,120.5,120.43420262727886,-0.0005460362881422,DOWN
2026-05-21,2026-05-22,8437.TWO,12.0,11.95877808239311,-0.0034351598005741,DOWN
2026-05-21,2026-05-22,8438.TW,90.1999969482422,90.31174628135317,0.0012389061739668,UP
2026-05-21,2026-05-22,8440.TWO,22.850000381469727,22.78996661045715,-0.0026272984687239,DOWN
2026-05-21,2026-05-22,8442.TW,40.5,40.659548150142655,0.0039394604973495,UP
2026-05-21,2026-05-22,8443.TW,11.399999618530272,11.406501668439136,0.0005703552742488,UP
2026-05-21,2026-05-22,8444.TWO,6.800000190734863,6.740392825570671,-0.0087657887488603,DOWN
2026-05-21,2026-05-22,8446.TWO,86.0999984741211,86.02570664502676,-0.0008628551731817,DOWN
2026-05-21,2026-05-22,8450.TWO,16.100000381469727,16.090627621782755,-0.0005821589729749,DOWN
2026-05-21,2026-05-22,8454.TW,194.0,194.34346102830025,0.0017704176716506,UP
2026-05-21,2026-05-22,8455.TWO,42.84999847412109,42.81463811675973,-0.0008252125699073,DOWN
2026-05-21,2026-05-22,8462.TW,138.5,138.86527191090863,0.0026373423170298,UP
2026-05-21,2026-05-22,8463.TW,21.100000381469727,21.143482153927053,0.0020607474725693,UP
2026-05-21,2026-05-22,8464.TW,315.5,314.312768059317,-0.003763017244637,DOWN
2026-05-21,2026-05-22,8466.TW,14.100000381469728,14.131116522223609,0.0022068184334784,UP
2026-05-21,2026-05-22,8467.TW,126.5,126.82619576668368,0.0025786226615309,UP
2026-05-21,2026-05-22,8472.TWO,70.0,69.83697508228943,-0.0023289273958653,DOWN
2026-05-21,2026-05-22,8473.TW,39.20000076293945,39.16622631446848,-0.0008615930564701,DOWN
2026-05-21,2026-05-22,8476.TW,16.149999618530273,16.149706354530387,-1.8158762031768973e-05,DOWN
2026-05-21,2026-05-22,8477.TWO,15.449999809265137,15.460141817637426,0.0006564406794495,UP
2026-05-21,2026-05-22,8478.TW,152.0,152.31580631062388,0.0020776730962097,UP
2026-05-21,2026-05-22,8487.TW,79.0,78.80463603721,-0.0024729615543037,DOWN
2026-05-21,2026-05-22,8488.TW,9.699999809265137,9.700313315871991,3.232026938340996e-05,UP
2026-05-21,2026-05-22,8489.TWO,24.700000762939453,24.63275642250177,-0.0027224428486079,DOWN
2026-05-21,2026-05-22,8499.TW,288.5,288.2524238717742,-0.0008581494912505,DOWN
2026-05-21,2026-05-22,8905.TWO,29.200000762939453,29.25042388836352,0.0017268193187192,UP
2026-05-21,2026-05-22,8906.TWO,25.64999961853028,25.580226495770457,-0.0027201997581868,DOWN
2026-05-21,2026-05-22,8908.TWO,40.29999923706055,40.24940145679612,-0.0012555280700326,DOWN
2026-05-21,2026-05-22,8916.TWO,46.45000076293945,46.45126632378374,2.7245658202403192e-05,UP
2026-05-21,2026-05-22,8917.TWO,53.0,52.97946831927402,-0.0003873902023769,DOWN
2026-05-21,2026-05-22,8924.TWO,64.0,63.96566750481725,-0.0005364452372305,DOWN
2026-05-21,2026-05-22,8926.TW,60.0,59.9730087001808,-0.0004498549969866,DOWN
2026-05-21,2026-05-22,8927.TWO,19.600000381469727,19.62841172017505,0.0014495580689981,UP
2026-05-21,2026-05-22,8929.TWO,14.149999618530272,14.20387102434466,0.0038071665912866,UP
2026-05-21,2026-05-22,8930.TWO,28.5,28.51644139032578,0.0005768908886238,UP
2026-05-21,2026-05-22,8931.TWO,42.29999923706055,42.22006482705292,-0.00188970239833,DOWN
2026-05-21,2026-05-22,8932.TWO,100.5,100.43333322100808,-0.0006633510347455,DOWN
2026-05-21,2026-05-22,8933.TWO,4.329999923706055,4.344729380976717,0.0034017222933471,UP
2026-05-21,2026-05-22,8935.TWO,20.549999237060547,20.46491499912625,-0.0041403523646294,DOWN
2026-05-21,2026-05-22,8936.TWO,49.84999847412109,49.85519694220005,0.0001042822113959,UP
2026-05-21,2026-05-22,8937.TWO,32.29999923706055,32.321712648221805,0.0006722418474965,UP
2026-05-21,2026-05-22,8938.TWO,54.29999923706055,54.34656845624902,0.0008576283580624,UP
2026-05-21,2026-05-22,8940.TW,16.850000381469727,16.87758030528359,0.0016367906937375,UP
2026-05-21,2026-05-22,8942.TWO,41.59999847412109,41.57747237075788,-0.0005414928891696,DOWN
2026-05-21,2026-05-22,8996.TW,1030.0,1032.0741168409586,0.0020137056708335,UP
2026-05-21,2026-05-22,9103.TW,4.949999809265137,4.933392250199911,-0.0033550625666975,DOWN
2026-05-21,2026-05-22,9105.TW,5.880000114440918,5.837833399398999,-0.0071712099015712,DOWN
2026-05-21,2026-05-22,9110.TW,2.5799999237060547,2.620804821201009,0.0158158522099256,UP
2026-05-21,2026-05-22,9136.TW,10.949999809265137,10.885658940792435,-0.0058758785016835,DOWN
2026-05-21,2026-05-22,9802.TW,75.80000305175781,75.82679121065469,0.0003534057759679,UP
2026-05-21,2026-05-22,9902.TW,13.949999809265137,13.95047799685418,3.427868068689563e-05,UP
2026-05-21,2026-05-22,9904.TW,25.700000762939453,25.71970311396571,0.000766628421843,UP
2026-05-21,2026-05-22,9905.TW,20.549999237060547,20.558728726701936,0.0004247926990501,UP
2026-05-21,2026-05-22,9906.TW,33.400001525878906,33.50443663711003,0.003126799594611,UP
2026-05-21,2026-05-22,9907.TW,16.049999237060547,16.067871495726557,0.0011135364184156,UP
2026-05-21,2026-05-22,9908.TW,29.25,29.208006538072368,-0.0014356739120557,DOWN
2026-05-21,2026-05-22,9910.TW,69.5999984741211,69.57466139024723,-0.0003640385693871,DOWN
2026-05-21,2026-05-22,9911.TW,82.5999984741211,82.56212329061937,-0.0004585373389999,DOWN
2026-05-21,2026-05-22,9912.TW,12.600000381469728,12.559478459956791,-0.0032160254195332,DOWN
2026-05-21,2026-05-22,9914.TW,69.0,69.03736426244723,0.0005415110499598,UP
2026-05-21,2026-05-22,9917.TW,112.5,112.42236116158892,-0.0006901230080984,DOWN
2026-05-21,2026-05-22,9918.TW,42.95000076293945,43.02569221563166,0.0017623155144974,UP
2026-05-21,2026-05-22,9919.TW,14.350000381469728,14.33346404347382,-0.0011523580178618,DOWN
2026-05-21,2026-05-22,9921.TW,71.0,70.78813863522373,-0.0029839628841727,DOWN
2026-05-21,2026-05-22,9924.TW,42.20000076293945,42.20524378389111,0.0001242422003997,UP
2026-05-21,2026-05-22,9925.TW,40.20000076293945,40.1616693304329,-0.0009535182034596,DOWN
2026-05-21,2026-05-22,9926.TW,48.95000076293945,48.96182715964121,0.0002416015631752,UP
2026-05-21,2026-05-22,9927.TW,66.9000015258789,66.93078371848748,0.000460122450022,UP
2026-05-21,2026-05-22,9928.TW,17.600000381469727,17.6060821386441,0.0003455543774179,UP
2026-05-21,2026-05-22,9929.TW,11.399999618530272,11.37611053968624,-0.0020955333020537,DOWN
2026-05-21,2026-05-22,9930.TW,67.9000015258789,67.93945581778722,0.0005810646689496,UP
2026-05-21,2026-05-22,9931.TW,33.849998474121094,33.8449041184348,-0.0001504979591118,DOWN
2026-05-21,2026-05-22,9933.TW,39.29999923706055,39.30545740285624,0.0001388846285408,UP
2026-05-21,2026-05-22,9934.TW,9.75,9.727586701861584,-0.0022987998090684,DOWN
2026-05-21,2026-05-22,9935.TW,18.549999237060547,18.50761053346513,-0.0022851054091006,DOWN
2026-05-21,2026-05-22,9937.TW,55.79999923706055,55.79703748684162,-5.307796163831188e-05,DOWN
2026-05-21,2026-05-22,9938.TW,43.5,43.56987894728081,0.0016064125811681,UP
2026-05-21,2026-05-22,9939.TW,125.5,125.80425157223362,0.0024243153166025,UP
2026-05-21,2026-05-22,9940.TW,18.950000762939453,18.96330877916799,0.0007022699574008,UP
2026-05-21,2026-05-22,9941.TW,73.9000015258789,73.90093238491912,1.2596197848304196e-05,UP
2026-05-21,2026-05-22,9942.TW,117.5,117.50044899133854,3.821202881226782e-06,UP
2026-05-21,2026-05-22,9943.TW,55.29999923706055,55.30504102917068,9.117164881903566e-05,UP
2026-05-21,2026-05-22,9944.TW,16.850000381469727,16.867883177844067,0.0010612935293465,UP
2026-05-21,2026-05-22,9945.TW,23.39999961853028,23.39845275406745,-6.610532000192268e-05,DOWN
2026-05-21,2026-05-22,9946.TW,16.799999237060547,16.7700017905447,-0.0017855623736977,DOWN
2026-05-21,2026-05-22,9949.TWO,23.350000381469727,23.461008618164136,0.0047540999948978,UP
2026-05-21,2026-05-22,9950.TWO,11.0,10.949639301281422,-0.0045782453380525,DOWN
2026-05-21,2026-05-22,9951.TWO,53.09999847412109,53.09168257164305,-0.00015660833742,DOWN
2026-05-21,2026-05-22,9955.TW,28.200000762939453,28.24043348340742,0.0014337843749671,UP
2026-05-21,2026-05-22,9958.TW,102.5,102.82669702661224,0.0031872880645096,UP
2026-05-21,2026-05-22,9960.TWO,31.200000762939453,31.201463443460785,4.688078479373733e-05,UP
2026-05-21,2026-05-22,9962.TWO,9.479999542236328,9.48396338674308,0.0004181270778644,UP
2026-05-25,2026-05-26,2073.TWO,25.89999961853028,25.905667863039174,0.00021885114256286575,UP
2026-05-25,2026-05-26,2235.TWO,30.100000381469727,30.08670335626258,-0.0004417616291903439,DOWN
2026-05-25,2026-05-26,2724.TWO,14.100000381469728,14.116100954723281,0.0011418845970183294,UP
2026-05-25,2026-05-26,2937.TWO,47.5,47.451589987031184,-0.0010191581677645445,DOWN
2026-05-25,2026-05-26,4192.TWO,19.950000762939453,19.961070052893632,0.0005548516055569275,UP
2026-05-25,2026-05-26,4728.TWO,383.5,383.4698984863571,-7.849156099837273e-05,DOWN
2026-05-25,2026-05-26,5514.TWO,15.199999809265137,15.198078926071414,-0.00012637389590964816,DOWN
2026-05-25,2026-05-26,5520.TWO,82.19999694824219,82.08176047183885,-0.001438400009647055,DOWN
2026-05-25,2026-05-26,5906.TW,46.0,45.992428784811636,-0.00016459163452964276,DOWN
2026-05-25,2026-05-26,6212.TWO,27.600000381469727,27.59990712313409,-3.378925157473519e-06,DOWN
2026-05-25,2026-05-26,6721.TWO,59.0,58.94398504559649,-0.0009494060068391263,DOWN
2026-05-25,2026-05-26,6856.TWO,53.400001525878906,53.29635883087299,-0.001940874382853508,DOWN
2026-05-25,2026-05-26,8905.TWO,31.0,31.031427241745405,0.0010137819917872548,UP
2026-05-25,2026-05-26,8923.TWO,20.100000381469727,20.087001942177412,-0.0006466885097324406,DOWN
2026-05-26,2026-05-27,0050.TW,100.0999984741211,100.0208989812128,-0.0007902047364041476,DOWN
2026-05-26,2026-05-27,0051.TW,140.3000030517578,140.23740150178529,-0.0004461977805476794,DOWN
2026-05-26,2026-05-27,0052.TW,59.25,59.18991291039856,-0.0010141280945390463,DOWN
2026-05-26,2026-05-27,0053.TW,234.9499969482422,234.77556138470683,-0.0007424369687213965,DOWN
2026-05-26,2026-05-27,0055.TW,34.29999923706055,34.31586262234708,0.000462489377241627,UP
2026-05-26,2026-05-27,0056.TW,48.31999969482422,48.299338736748425,-0.00042758605559360647,DOWN
2026-05-26,2026-05-27,0057.TW,298.8999938964844,298.6961113359386,-0.000682109617628074,DOWN
2026-05-26,2026-05-27,0061.TW,24.959999084472656,24.977792795057596,0.000712889072019589,UP
2026-05-26,2026-05-27,1101.TW,23.950000762939453,23.976527868672132,0.0011076035443693029,UP
2026-05-26,2026-05-27,1102.TW,33.25,33.29169087833725,0.0012538610026240349,UP
2026-05-26,2026-05-27,1103.TW,13.25,13.25937124954362,0.000707264116499573,UP
2026-05-26,2026-05-27,1104.TW,27.350000381469727,27.372015346064302,0.0008049347088671693,UP
2026-05-26,2026-05-27,1108.TW,13.5,13.513001155341044,0.0009630485437810421,UP
2026-05-26,2026-05-27,1109.TW,14.5,14.510275813838234,0.0007086768164299428,UP
2026-05-26,2026-05-27,1110.TW,14.0,14.009785305242985,0.0006989503744989634,UP
2026-05-26,2026-05-27,1201.TW,12.300000190734863,12.302842766944801,0.0002311037533218075,UP
2026-05-26,2026-05-27,1203.TW,42.70000076293945,42.72986256478275,0.0006993396091274553,UP
2026-05-26,2026-05-27,1210.TW,52.09999847412109,52.11338696256067,0.00025697675300761206,UP
2026-05-26,2026-05-27,1213.TW,8.229999542236328,8.236063379256846,0.0007367967627942562,UP
2026-05-26,2026-05-27,1215.TW,142.5,142.527384270943,0.00019217032240703702,UP
2026-05-26,2026-05-27,1216.TW,70.80000305175781,70.8793091704794,0.0011201428715139127,UP
2026-05-26,2026-05-27,1217.TW,9.5600004196167,9.563988920001291,0.0004172071348875529,UP
2026-05-26,2026-05-27,1218.TW,18.5,18.505807179681142,0.00031390160438604653,UP
2026-05-26,2026-05-27,1219.TW,12.5,12.511374455789337,0.0009099564631469548,UP
2026-05-26,2026-05-27,1220.TW,11.850000381469728,11.855168335316304,0.0004361142346169471,UP
2026-05-26,2026-05-27,1225.TW,30.200000762939453,30.234331270732213,0.0011367717524990587,UP
2026-05-26,2026-05-27,1227.TW,28.25,28.2650696135388,0.0005334376473911107,UP
2026-05-26,2026-05-27,1229.TW,39.900001525878906,39.89422139938266,-0.00014486532018047322,DOWN
2026-05-26,2026-05-27,1231.TW,85.5999984741211,85.65525382342041,0.0006455064285546748,UP
2026-05-26,2026-05-27,1232.TW,147.5,147.6071687869262,0.0007265680469572544,UP
2026-05-26,2026-05-27,1233.TW,28.350000381469727,28.37115131938419,0.0007460648193954795,UP
2026-05-26,2026-05-27,1234.TW,34.25,34.26600848716771,0.00046740108518861234,UP
2026-05-26,2026-05-27,1235.TW,38.0,38.09861118439585,0.0025950311683118343,UP
2026-05-26,2026-05-27,1236.TW,24.200000762939453,24.195270586391448,-0.0001954618346644405,DOWN
2026-05-26,2026-05-27,1240.TWO,57.70000076293945,57.698513934816205,-2.5768251362018342e-05,DOWN
2026-05-26,2026-05-27,1256.TW,196.0,196.35126718925312,0.0017921795370057225,UP
2026-05-26,2026-05-27,1259.TWO,57.0,56.98389217501972,-0.00028259342070668936,DOWN
2026-05-26,2026-05-27,1264.TWO,271.0,270.9508811914711,-0.00018125021597370505,DOWN
2026-05-26,2026-05-27,1268.TWO,168.5,168.3531306135119,-0.000871628406457603,DOWN
2026-05-26,2026-05-27,1294.TWO,77.0,77.01225724174583,0.00015918495773803443,UP
2026-05-26,2026-05-27,1295.TWO,51.400001525878906,51.42096954426343,0.00040793808875599414,UP
2026-05-26,2026-05-27,1301.TW,44.75,44.76613268017536,0.00036050681956112385,UP
2026-05-26,2026-05-27,1303.TW,90.8000030517578,90.76799071726363,-0.000352558738086402,DOWN
2026-05-26,2026-05-27,1304.TW,12.100000381469728,12.108596109002574,0.0007103906827978147,UP
2026-05-26,2026-05-27,1305.TW,12.0,12.021307633258402,0.0017756361048668623,UP
2026-05-26,2026-05-27,1307.TW,30.850000381469727,30.862841416605974,0.0004162410041317416,UP
2026-05-26,2026-05-27,1308.TW,12.949999809265137,12.963622263525208,0.0010519269853830338,UP
2026-05-26,2026-05-27,1309.TW,15.199999809265137,15.22466133494649,0.001622468815185137,UP
2026-05-26,2026-05-27,1310.TW,7.849999904632568,7.858089463326126,0.0010305170435458563,UP
2026-05-26,2026-05-27,1312.TW,10.100000381469728,10.12141187041377,0.0021199493203311716,UP
2026-05-26,2026-05-27,1313.TW,10.449999809265137,10.459651167424374,0.0009235749603248973,UP
2026-05-26,2026-05-27,1314.TW,6.96999979019165,6.971471794154714,0.0002111913927364517,UP
2026-05-26,2026-05-27,1315.TW,60.70000076293945,60.71169691803228,0.00019268789037592867,UP
2026-05-26,2026-05-27,1316.TW,10.199999809265137,10.216874360280285,0.0016543677775189608,UP
2026-05-26,2026-05-27,1319.TW,80.0999984741211,80.07960534877924,-0.0002545958268456549,DOWN
2026-05-26,2026-05-27,1321.TW,29.0,29.008501220610924,0.0002931455383077264,UP
2026-05-26,2026-05-27,1323.TW,20.25,20.251819380437155,8.984594751382247e-05,UP
2026-05-26,2026-05-27,1324.TW,10.149999618530272,10.15382882189166,0.00037726142909375634,UP
2026-05-26,2026-05-27,1325.TW,27.049999237060547,27.049792535945436,-7.641446245515361e-06,DOWN
2026-05-26,2026-05-27,1326.TW,44.5,44.500939689378356,2.1116615243954584e-05,UP
2026-05-26,2026-05-27,1336.TWO,13.050000190734863,13.059487583490103,0.0007270032656379342,UP
2026-05-26,2026-05-27,1337.TW,4.739999771118164,4.744186320333216,0.0008832382736728064,UP
2026-05-26,2026-05-27,1338.TW,15.649999618530272,15.65561292807393,0.000358677934855166,UP
2026-05-26,2026-05-27,1339.TW,40.84999847412109,40.84935771885585,-1.5685563994416876e-05,DOWN
2026-05-26,2026-05-27,1340.TW,5.300000190734863,5.306617496202889,0.00124854815658184,UP
2026-05-26,2026-05-27,1341.TW,61.5,61.528424276053556,0.0004621833504643291,UP
2026-05-26,2026-05-27,1342.TW,92.6999969482422,92.70858945759336,9.269158181265128e-05,UP
2026-05-26,2026-05-27,1402.TW,26.049999237060547,26.081685502562724,0.0012163633946329696,UP
2026-05-26,2026-05-27,1409.TW,17.649999618530273,17.65990690586747,0.0005613194080069284,UP
2026-05-26,2026-05-27,1410.TW,26.200000762939453,26.206829232834053,0.0002606286143418444,UP
2026-05-26,2026-05-27,1413.TW,9.420000076293944,9.426748712238563,0.000716415699571277,UP
2026-05-26,2026-05-27,1414.TW,14.399999618530272,14.449240146763044,0.003419481217861176,UP
2026-05-26,2026-05-27,1416.TW,11.149999618530272,11.153798372821893,0.0003406954638193646,UP
2026-05-26,2026-05-27,1417.TW,8.180000305175781,8.184205020187363,0.0005140238208697331,UP
2026-05-26,2026-05-27,1418.TW,17.100000381469727,17.134010729673,0.0019889092072845546,UP
2026-05-26,2026-05-27,1419.TW,66.80000305175781,66.86562969416309,0.0009824347216635411,UP
2026-05-26,2026-05-27,1423.TW,40.84999847412109,40.89171075371165,0.0010211084736511766,UP
2026-05-26,2026-05-27,1432.TW,16.25,16.256721870304318,0.0004136535571888089,UP
2026-05-26,2026-05-27,1434.TW,15.0,15.020111100166105,0.001340740011073649,UP
2026-05-26,2026-05-27,1436.TW,44.75,44.77730396717379,0.0006101445178501308,UP
2026-05-26,2026-05-27,1437.TW,28.299999237060547,28.310808626797726,0.0003819572448264925,UP
2026-05-26,2026-05-27,1438.TW,20.450000762939453,20.455967431174898,0.00029176860698498243,UP
2026-05-26,2026-05-27,1439.TW,26.0,25.99382938875351,-0.00023733120178803802,DOWN
2026-05-26,2026-05-27,1440.TW,11.699999809265137,11.699441459468297,-4.7722205636111696e-05,DOWN
2026-05-26,2026-05-27,1441.TW,9.289999961853027,9.295882615771554,0.0006332243210636976,UP
2026-05-26,2026-05-27,1442.TW,25.700000762939453,25.704898069634375,0.00019055667507931538,UP
2026-05-26,2026-05-27,1443.TW,25.450000762939453,25.483180794870034,0.0013037340249866596,UP
2026-05-26,2026-05-27,1444.TW,5.849999904632568,5.856042390346277,0.0010329035576433514,UP
2026-05-26,2026-05-27,1445.TW,11.550000190734863,11.5571679031525,0.000620581151451978,UP
2026-05-26,2026-05-27,1446.TW,15.649999618530272,15.651024268495654,6.547284283437724e-05,UP
2026-05-26,2026-05-27,1447.TW,5.510000228881836,5.5452147275960595,0.006391015835106373,UP
2026-05-26,2026-05-27,1449.TW,12.199999809265137,12.209996171814568,0.000819373992271694,UP
2026-05-26,2026-05-27,1451.TW,16.5,16.509956713649444,0.000603437190875411,UP
2026-05-26,2026-05-27,1452.TW,10.399999618530272,10.417882431760141,0.0017195013351737603,UP
2026-05-26,2026-05-27,1453.TW,11.350000381469728,11.361585515492445,0.0010207166196779002,UP
2026-05-26,2026-05-27,1454.TW,12.649999618530272,12.667328282505185,0.0013698549009858862,UP
2026-05-26,2026-05-27,1455.TW,8.020000457763672,8.027872218175265,0.0009815162047743797,UP
2026-05-26,2026-05-27,1456.TW,13.0,13.017441344447434,0.0013416418805718422,UP
2026-05-26,2026-05-27,1457.TW,13.949999809265137,13.960840462646074,0.0007771077798679869,UP
2026-05-26,2026-05-27,1459.TW,11.649999618530272,11.666040401368889,0.0013768912758677818,UP
2026-05-26,2026-05-27,1460.TW,6.949999809265137,6.9577038124534125,0.0011084896977990547,UP
2026-05-26,2026-05-27,1463.TW,17.700000762939453,17.704450588862247,0.0002514025836717149,UP
2026-05-26,2026-05-27,1464.TW,10.100000381469728,10.097166168387687,-0.00028061514603908123,DOWN
2026-05-26,2026-05-27,1465.TW,12.25,12.256139630524558,0.0005011943285353482,UP
2026-05-26,2026-05-27,1466.TW,14.449999809265137,14.468969768792054,0.001312799984589173,UP
2026-05-26,2026-05-27,1467.TW,6.949999809265137,6.9550644397160575,0.0007287238258868776,UP
2026-05-26,2026-05-27,1468.TW,12.0,12.014884096104652,0.0012403413420543075,UP
2026-05-26,2026-05-27,1470.TW,21.700000762939453,21.704055858307363,0.00018687074771147876,UP
2026-05-26,2026-05-27,1471.TW,10.350000381469728,10.356040733472023,0.0005836088676005171,UP
2026-05-26,2026-05-27,1472.TW,89.9000015258789,89.82573674599085,-0.0008260820759460824,DOWN
2026-05-26,2026-05-27,1473.TW,20.14999961853028,20.161199107609434,0.000555805920157653,UP
2026-05-26,2026-05-27,1474.TW,9.850000381469728,9.856963553415431,0.0007069209823384654,UP
2026-05-26,2026-05-27,1475.TW,25.0,25.021889504569117,0.0008755801827646792,UP
2026-05-26,2026-05-27,1476.TW,334.5,334.2327935632202,-0.0007988234283402562,DOWN
2026-05-26,2026-05-27,1477.TW,212.0,212.05420946679078,0.00025570503203198314,UP
2026-05-26,2026-05-27,1503.TW,203.0,203.2367733460851,0.001166371162980795,UP
2026-05-26,2026-05-27,1504.TW,72.5,72.52994338210556,0.0004130121669732034,UP
2026-05-26,2026-05-27,1506.TW,10.300000190734863,10.29348814648857,-0.0006322372937575737,DOWN
2026-05-26,2026-05-27,1512.TW,6.940000057220459,6.943553338452668,0.000512000173330307,UP
2026-05-26,2026-05-27,1513.TW,165.0,165.12585227843374,0.0007627410814166069,UP
2026-05-26,2026-05-27,1514.TW,124.0,124.08835991146043,0.0007125799311324954,UP
2026-05-26,2026-05-27,1515.TW,22.75,22.72959845639707,-0.0008967711473815143,DOWN
2026-05-26,2026-05-27,1516.TW,21.0,21.019360486243386,0.0009219279163517058,UP
2026-05-26,2026-05-27,1517.TW,10.050000190734863,10.05517277042012,0.0005146845360286479,UP
2026-05-26,2026-05-27,1519.TW,851.0,851.9905654003378,0.0011640016455203295,UP
2026-05-26,2026-05-27,1521.TW,24.850000381469727,24.84222334539803,-0.000312959193252036,DOWN
2026-05-26,2026-05-27,1522.TW,29.100000381469727,29.103155776297243,0.00010843281052069413,UP
2026-05-26,2026-05-27,1524.TW,29.049999237060547,29.051541670816242,5.309582775228825e-05,UP
2026-05-26,2026-05-27,1525.TW,71.80000305175781,71.85217303867073,0.0007266014581546435,UP
2026-05-26,2026-05-27,1526.TW,14.550000190734863,14.56098596492515,0.0007550360169261236,UP
2026-05-26,2026-05-27,1527.TW,32.95000076293945,32.960466607720484,0.000317628058837629,UP
2026-05-26,2026-05-27,1528.TW,25.950000762939453,25.93352999833475,-0.0006347115267999385,DOWN
2026-05-26,2026-05-27,1529.TW,21.549999237060547,21.558467488516147,0.0003929583181161691,UP
2026-05-26,2026-05-27,1530.TW,31.950000762939453,33.258920873557955,0.04096776461228725,UP
2026-05-26,2026-05-27,1531.TW,12.199999809265137,12.208933810750047,0.0007322952151298523,UP
2026-05-26,2026-05-27,1532.TW,20.64999961853028,20.650277414280858,1.3452578968950198e-05,UP
2026-05-26,2026-05-27,1533.TW,38.650001525878906,38.572502166419056,-0.002005157992243767,DOWN
2026-05-26,2026-05-27,1535.TW,49.54999923706055,49.56968985439548,0.0003973888524341903,UP
2026-05-26,2026-05-27,1536.TW,51.0,50.992784838803345,-0.000141473748954013,DOWN
2026-05-26,2026-05-27,1537.TW,125.5,125.50514494427443,4.099557190784253e-05,UP
2026-05-26,2026-05-27,1538.TW,11.75,11.773976395430509,0.002040544291958213,UP
2026-05-26,2026-05-27,1539.TW,16.0,15.976614592596889,-0.0014615879626944661,DOWN
2026-05-26,2026-05-27,1540.TW,21.25,21.260038181244454,0.00047238499973900616,UP
2026-05-26,2026-05-27,1541.TW,20.39999961853028,20.42011478165735,0.0009860374266280959,UP
2026-05-26,2026-05-27,1558.TW,91.5,91.53052199872036,0.00033357375650666654,UP
2026-05-26,2026-05-27,1560.TW,742.0,746.6912316437811,0.006322414614260197,UP
2026-05-26,2026-05-27,1563.TW,50.59999847412109,52.43309486106536,0.036227202415466425,UP
2026-05-26,2026-05-27,1565.TWO,93.5999984741211,93.63665694748826,0.0003916503628715778,UP
2026-05-26,2026-05-27,1568.TW,35.099998474121094,36.77981361226131,0.047857983224094035,UP
2026-05-26,2026-05-27,1569.TWO,52.0,51.97827001824044,-0.00041788426460698247,DOWN
2026-05-26,2026-05-27,1570.TWO,50.0,49.792477721348405,-0.004150445573031902,DOWN
2026-05-26,2026-05-27,1580.TWO,122.0,122.00372017661721,3.0493250960716978e-05,UP
2026-05-26,2026-05-27,1582.TW,111.5,111.75564657652285,0.002292794408276677,UP
2026-05-26,2026-05-27,1583.TW,49.84999847412109,49.87063705873715,0.00041401374619459496,UP
2026-05-26,2026-05-27,1584.TWO,19.75,19.76537922253192,0.0007786948117427528,UP
2026-05-26,2026-05-27,1586.TWO,22.299999237060547,22.30360627252841,0.00016175047494475055,UP
2026-05-26,2026-05-27,1587.TW,28.25,28.254557546937576,0.0001613290951354429,UP
2026-05-26,2026-05-27,1590.TW,1465.0,1469.227967618499,0.0028859847225248814,UP
2026-05-26,2026-05-27,1591.TWO,45.70000076293945,47.818108226329414,0.04634808376431465,UP
2026-05-26,2026-05-27,1593.TWO,31.14999961853028,31.148090073883687,-6.130159454185194e-05,DOWN
2026-05-26,2026-05-27,1595.TWO,100.5,100.64160347229335,0.0014089897740632296,UP
2026-05-26,2026-05-27,1597.TW,221.0,224.05826749373227,0.013838314451277256,UP
2026-05-26,2026-05-27,1598.TW,20.25,20.255757457714935,0.00028431889950297773,UP
2026-05-26,2026-05-27,1599.TWO,23.5,23.51362635169062,0.000579844752792269,UP
2026-05-26,2026-05-27,1603.TW,31.049999237060547,31.067939237271027,0.0005777777987532819,UP
2026-05-26,2026-05-27,1604.TW,23.350000381469727,23.361399368294183,0.0004881792992818411,UP
2026-05-26,2026-05-27,1605.TW,37.150001525878906,37.06200690380692,-0.002368630375713206,DOWN
2026-05-26,2026-05-27,1608.TW,33.45000076293945,33.43284032627567,-0.0005130175268276597,DOWN
2026-05-26,2026-05-27,1609.TW,36.04999923706055,36.064942443792354,0.0004145133716520384,UP
2026-05-26,2026-05-27,1611.TW,11.350000381469728,11.350862595801905,7.596601790289477e-05,UP
2026-05-26,2026-05-27,1612.TW,36.95000076293945,36.966847993506306,0.00045594669063581274,UP
2026-05-26,2026-05-27,1614.TW,30.799999237060547,30.81635562948879,0.0005310517153702316,UP
2026-05-26,2026-05-27,1615.TW,43.45000076293945,43.45297167082768,6.837532419010496e-05,UP
2026-05-26,2026-05-27,1616.TW,21.700000762939453,21.673341684607873,-0.0012285289121791107,DOWN
2026-05-26,2026-05-27,1617.TW,14.75,14.752140966997104,0.0001451503048883751,UP
2026-05-26,2026-05-27,1618.TW,42.29999923706055,42.36675157183292,0.001578069408424251,UP
2026-05-26,2026-05-27,1623.TW,229.0,229.1304952573846,0.0005698482855223119,UP
2026-05-26,2026-05-27,1626.TW,9.979999542236328,9.98769523308704,0.0007711113430559635,UP
2026-05-26,2026-05-27,1702.TW,33.04999923706055,33.06012453443309,0.00030636301380583834,UP
2026-05-26,2026-05-27,1707.TW,100.5,100.59363232183387,0.0009316648938693106,UP
2026-05-26,2026-05-27,1708.TW,38.29999923706055,38.35654411894787,0.0014763677027077179,UP
2026-05-26,2026-05-27,1709.TW,19.25,19.258294295417727,0.00043087248923256993,UP
2026-05-26,2026-05-27,1710.TW,12.699999809265137,12.675644102336616,-0.0019177722278981876,DOWN
2026-05-26,2026-05-27,1711.TW,50.70000076293945,50.60863654108137,-0.0018020556308328754,DOWN
2026-05-26,2026-05-27,1712.TW,39.20000076293945,39.23149729525504,0.0008034829515963566,UP
2026-05-26,2026-05-27,1713.TW,48.45000076293945,48.36837009668911,-0.001684843446128116,DOWN
2026-05-26,2026-05-27,1714.TW,9.510000228881836,9.51479060580667,0.0005037199589423718,UP
2026-05-26,2026-05-27,1717.TW,83.0,83.00972760945297,0.00011720011389115825,UP
2026-05-26,2026-05-27,1718.TW,6.389999866485596,6.394743716138598,0.0007423865026794765,UP
2026-05-26,2026-05-27,1720.TW,61.59999847412109,61.62329716573498,0.000378225522581524,UP
2026-05-26,2026-05-27,1721.TW,29.450000762939453,29.431372503089904,-0.0006325385184027481,DOWN
2026-05-26,2026-05-27,1722.TW,45.79999923706055,45.79643411251427,-7.784114859531474e-05,DOWN
2026-05-26,2026-05-27,1723.TW,82.0,81.96906977018807,-0.00037719792453572154,DOWN
2026-05-26,2026-05-27,1725.TW,30.850000381469727,30.854970471095633,0.00016110501019287368,UP
2026-05-26,2026-05-27,1726.TW,77.0,77.01150839311595,0.00014945965085644275,UP
2026-05-26,2026-05-27,1727.TW,97.0,96.70826315321028,-0.0030075963586568832,DOWN
2026-05-26,2026-05-27,1730.TW,52.5,52.52667693828698,0.0005081321578472853,UP
2026-05-26,2026-05-27,1731.TW,21.5,21.505830064736074,0.00027116580167785287,UP
2026-05-26,2026-05-27,1732.TW,26.39999961853028,26.406832628179334,0.00025882612681014217,UP
2026-05-26,2026-05-27,1733.TW,30.049999237060547,30.062694967778945,0.00042248688987455893,UP
2026-05-26,2026-05-27,1734.TW,30.5,30.50559714945848,0.000183513096999377,UP
2026-05-26,2026-05-27,1735.TW,25.950000762939453,25.897567707435016,-0.0020205415785312653,DOWN
2026-05-26,2026-05-27,1736.TW,119.0,119.09492930170381,0.0007977252244018018,UP
2026-05-26,2026-05-27,1737.TW,31.549999237060547,31.561782129432242,0.0003734672791324204,UP
2026-05-26,2026-05-27,1742.TWO,15.0,15.005595864640782,0.00037305764271877706,UP
2026-05-26,2026-05-27,1752.TW,32.5,32.513673132198164,0.00042071175994351506,UP
2026-05-26,2026-05-27,1760.TW,60.59999847412109,60.59676683268104,-5.33274178451599e-05,DOWN
2026-05-26,2026-05-27,1762.TW,39.59999847412109,39.451751150594596,-0.0037436194252222334,DOWN
2026-05-26,2026-05-27,1773.TW,187.5,187.32182410531095,-0.0009502714383415878,DOWN
2026-05-26,2026-05-27,1776.TW,18.299999237060547,18.27762168060451,-0.001222817343659626,DOWN
2026-05-26,2026-05-27,1777.TWO,71.30000305175781,71.30296141666952,4.149179221715086e-05,UP
2026-05-26,2026-05-27,1781.TWO,10.850000381469728,10.822353139723452,-0.0025481327902526067,DOWN
2026-05-26,2026-05-27,1783.TW,38.150001525878906,38.17824007668846,0.0007401978946291492,UP
2026-05-26,2026-05-27,1784.TWO,67.4000015258789,67.40774350777858,0.00011486619769136985,UP
2026-05-26,2026-05-27,1785.TWO,148.0,147.71509107667953,-0.0019250602927058935,DOWN
2026-05-26,2026-05-27,1786.TW,53.59999847412109,53.730200912822106,0.0024291500449180607,UP
2026-05-26,2026-05-27,1788.TWO,135.0,135.01427387065633,0.00010573237523203716,UP
2026-05-26,2026-05-27,1789.TW,19.049999237060547,19.050144005058815,7.599370292183483e-06,UP
2026-05-26,2026-05-27,1795.TW,193.0,193.07231869542738,0.0003747082664631307,UP
2026-05-26,2026-05-27,1796.TWO,36.5,36.55224448797526,0.0014313558349385858,UP
2026-05-26,2026-05-27,1799.TWO,33.79999923706055,33.83866012796106,0.0011438133660703108,UP
2026-05-26,2026-05-27,1802.TW,72.19999694824219,72.04618925827609,-0.0021303005050867306,DOWN
2026-05-26,2026-05-27,1805.TW,10.0,10.009977989830077,0.0009977989830076694,UP
2026-05-26,2026-05-27,1806.TW,8.020000457763672,8.020956814913678,0.00011924652062584112,UP
2026-05-26,2026-05-27,1808.TW,28.950000762939453,28.94537036926725,-0.0001599445095052425,DOWN
2026-05-26,2026-05-27,1809.TW,49.29999923706055,49.209833747461204,-0.0018289146246388284,DOWN
2026-05-26,2026-05-27,1810.TW,18.75,18.74836515617062,-8.719167090021074e-05,DOWN
2026-05-26,2026-05-27,1813.TWO,12.050000190734863,12.05787014436152,0.0006531081744469472,UP
2026-05-26,2026-05-27,1815.TWO,108.0,107.87535040453076,-0.001154162921011448,DOWN
2026-05-26,2026-05-27,1817.TW,39.20000076293945,39.20071970609659,1.8340386304756305e-05,UP
2026-05-26,2026-05-27,1903.TW,49.900001525878906,49.84667581722524,-0.0010686514433473704,DOWN
2026-05-26,2026-05-27,1904.TW,18.89999961853028,18.903605856676567,0.00019080625497741021,UP
2026-05-26,2026-05-27,1905.TW,12.0,12.006239218404517,0.0005199348670430481,UP
2026-05-26,2026-05-27,1906.TW,10.350000381469728,10.361977899160944,0.0011572480434551618,UP
2026-05-26,2026-05-27,1907.TW,24.5,24.508979115154943,0.00036649449612013996,UP
2026-05-26,2026-05-27,1909.TW,8.90999984741211,8.916139652662304,0.0006890915101393559,UP
2026-05-26,2026-05-27,2002.TW,19.5,19.48041743785143,-0.001004233956336975,DOWN
2026-05-26,2026-05-27,2006.TW,65.19999694824219,65.23786121636819,0.000580740335863179,UP
2026-05-26,2026-05-27,2007.TW,7.599999904632568,7.582288209757434,-0.002330486197024613,DOWN
2026-05-26,2026-05-27,2008.TW,27.75,27.77197563946538,0.0007919149356894195,UP
2026-05-26,2026-05-27,2009.TW,39.54999923706055,39.52629201579878,-0.0005994240636938163,DOWN
2026-05-26,2026-05-27,2010.TW,22.700000762939453,22.70040586425218,1.7845872207517846e-05,UP
2026-05-26,2026-05-27,2012.TW,14.649999618530272,14.665943957019326,0.0010883507784455713,UP
2026-05-26,2026-05-27,2013.TW,42.5,42.51980132255994,0.00046591347199864686,UP
2026-05-26,2026-05-27,2014.TW,18.100000381469727,18.07964801715168,-0.001124439993873312,DOWN
2026-05-26,2026-05-27,2015.TW,61.59999847412109,61.67306291773605,0.001186111127026336,UP
2026-05-26,2026-05-27,2017.TW,8.829999923706055,8.829524225296227,-5.387298006089602e-05,DOWN
2026-05-26,2026-05-27,2020.TW,21.549999237060547,21.539642180271006,-0.0004806059005203815,DOWN
2026-05-26,2026-05-27,2022.TW,7.849999904632568,7.8551604539023785,0.0006573948194272852,UP
2026-05-26,2026-05-27,2023.TW,13.550000190734863,13.574550706540297,0.0018118461593986212,UP
2026-05-26,2026-05-27,2024.TW,14.0,13.987527961842716,-0.0008908598683774471,DOWN
2026-05-26,2026-05-27,2025.TW,12.100000381469728,12.087272027921054,-0.0010519300121813644,DOWN
2026-05-26,2026-05-27,2027.TW,41.34999847412109,41.361573774679655,0.00027993472758682734,UP
2026-05-26,2026-05-27,2028.TW,17.450000762939453,17.45545580878955,0.00031261006370176625,UP
2026-05-26,2026-05-27,2029.TW,20.600000381469727,20.60373531378213,0.0001813073904486144,UP
2026-05-26,2026-05-27,2030.TW,17.950000762939453,17.937150933457712,-0.0007158679072745021,DOWN
2026-05-26,2026-05-27,2031.TW,38.84999847412109,38.843572439836045,-0.00016540629439978672,DOWN
2026-05-26,2026-05-27,2032.TW,17.75,17.713217847573105,-0.0020722339395433664,DOWN
2026-05-26,2026-05-27,2033.TW,15.399999618530272,15.403862490444217,0.0002508358447812714,UP
2026-05-26,2026-05-27,2034.TW,20.200000762939453,20.209281799798028,0.0004594572528730913,UP
2026-05-26,2026-05-27,2035.TWO,28.14999961853028,28.122984472641228,-0.0009596854797564247,DOWN
2026-05-26,2026-05-27,2038.TW,14.050000190734863,14.025980557681645,-0.0017095824005082486,DOWN
2026-05-26,2026-05-27,2049.TW,409.5,411.0418865972897,0.0037652908358722925,UP
2026-05-26,2026-05-27,2059.TW,5035.0,5052.003046635073,0.0033769705332815647,UP
2026-05-26,2026-05-27,2061.TWO,32.20000076293945,33.04925789762842,0.026374444551765984,UP
2026-05-26,2026-05-27,2062.TW,18.299999237060547,18.319407931569657,0.0010605844436214103,UP
2026-05-26,2026-05-27,2063.TWO,25.39999961853028,25.39616891015254,-0.0001508152927272677,DOWN
2026-05-26,2026-05-27,2064.TWO,13.399999618530272,13.388868677455688,-0.0008306672680192277,DOWN
2026-05-26,2026-05-27,2065.TWO,35.5,35.52998616499826,0.0008446807041764259,UP
2026-05-26,2026-05-27,2066.TWO,57.70000076293945,57.648665081036654,-0.0008896998479031526,DOWN
2026-05-26,2026-05-27,2067.TWO,6.699999809265137,6.705618203964095,0.0008385663968510346,UP
2026-05-26,2026-05-27,2069.TW,19.39999961853028,19.401365422779854,7.040228229019497e-05,UP
2026-05-26,2026-05-27,2070.TWO,75.4000015258789,76.4683221046012,0.01416870765388012,UP
2026-05-26,2026-05-27,2101.TW,30.39999961853028,30.41625523081141,0.0005347240949049079,UP
2026-05-26,2026-05-27,2102.TW,18.100000381469727,18.10736552893456,0.00040691421600053156,UP
2026-05-26,2026-05-27,2103.TW,19.25,19.285039349866565,0.0018202259670943022,UP
2026-05-26,2026-05-27,2104.TW,9.920000076293944,9.924191522462863,0.00042252481216563663,UP
2026-05-26,2026-05-27,2105.TW,31.600000381469727,31.623841852819577,0.0007544769323430569,UP
2026-05-26,2026-05-27,2106.TW,16.700000762939453,16.709694627288748,0.0005804708926006354,UP
2026-05-26,2026-05-27,2107.TW,24.799999237060547,24.806800194946444,0.0002742321812548191,UP
2026-05-26,2026-05-27,2108.TW,27.39999961853028,27.391876235088745,-0.0002964738523588151,DOWN
2026-05-26,2026-05-27,2109.TW,14.100000381469728,14.10297723860763,0.00021112461399749296,UP
2026-05-26,2026-05-27,2114.TW,91.1999969482422,91.22479305459102,0.00027188714011567916,UP
2026-05-26,2026-05-27,2115.TW,20.75,20.75124046623114,5.978150511509739e-05,UP
2026-05-26,2026-05-27,2201.TW,26.799999237060547,26.825501511823823,0.0009515774436295695,UP
2026-05-26,2026-05-27,2204.TW,53.20000076293945,53.18606925812594,-0.00026187038747597517,DOWN
2026-05-26,2026-05-27,2206.TW,59.400001525878906,59.40419778674852,7.06441205693278e-05,UP
2026-05-26,2026-05-27,2207.TW,462.0,462.2427375895204,0.0005254060379229486,UP
2026-05-26,2026-05-27,2208.TW,18.25,18.263879793696105,0.0007605366408824921,UP
2026-05-26,2026-05-27,2211.TW,92.1999969482422,92.19815883768288,-1.9936123862901117e-05,DOWN
2026-05-26,2026-05-27,2221.TWO,43.400001525878906,43.31750327978339,-0.0019008811796083843,DOWN
2026-05-26,2026-05-27,2227.TW,48.95000076293945,48.96995268016573,0.00040759789408186176,UP
2026-05-26,2026-05-27,2228.TW,82.69999694824219,82.66164047942826,-0.0004638025420718647,DOWN
2026-05-26,2026-05-27,2230.TWO,29.450000762939453,29.466725427441624,0.0005679003079421742,UP
2026-05-26,2026-05-27,2231.TW,106.5,106.54175918184046,0.0003921049938071519,UP
2026-05-26,2026-05-27,2233.TW,377.0,377.2860116258962,0.0007586515275761485,UP
2026-05-26,2026-05-27,2236.TW,142.5,142.3768512258539,-0.0008642019238322973,DOWN
2026-05-26,2026-05-27,2239.TW,22.25,22.233212001097854,-0.0007545168045908213,DOWN
2026-05-26,2026-05-27,2241.TW,36.95000076293945,36.85395832500252,-0.0025992540176957126,DOWN
2026-05-26,2026-05-27,2243.TW,23.5,23.460699914838187,-0.0016723440494388342,DOWN
2026-05-26,2026-05-27,2247.TW,205.0,205.00619362830548,3.021282100235112e-05,UP
2026-05-26,2026-05-27,2248.TW,54.5,54.49992744696692,-1.3312483133631758e-06,DOWN
2026-05-26,2026-05-27,2250.TW,61.0,61.02846786932787,0.00046668638242408633,UP
2026-05-26,2026-05-27,2254.TW,59.20000076293945,59.24537569678192,0.0007664684671908467,UP
2026-05-26,2026-05-27,2258.TW,29.049999237060547,29.01735975197672,-0.001123562338762031,DOWN
2026-05-26,2026-05-27,2301.TW,239.5,239.56383419243502,0.00026653107488527894,UP
2026-05-26,2026-05-27,2302.TW,33.95000076293945,34.6055828796387,0.019310223916545462,UP
2026-05-26,2026-05-27,2303.TW,130.5,130.67155791283585,0.0013146200217306614,UP
2026-05-26,2026-05-27,2305.TW,20.799999237060547,20.752603823567416,-0.002278625732287722,DOWN
2026-05-26,2026-05-27,2308.TW,2350.0,2357.2880779393017,0.003101309761404991,UP
2026-05-26,2026-05-27,2312.TW,40.0,40.401549600064754,0.010038740001618862,UP
2026-05-26,2026-05-27,2313.TW,284.5,284.6346624681173,0.00047333029215224087,UP
2026-05-26,2026-05-27,2314.TW,16.350000381469727,16.276230361523957,-0.004511927720159347,DOWN
2026-05-26,2026-05-27,2316.TW,171.5,171.48567016621018,-8.35558821563609e-05,DOWN
2026-05-26,2026-05-27,2317.TW,259.0,258.7563951071352,-0.0009405594319105148,DOWN
2026-05-26,2026-05-27,2321.TW,14.300000190734863,14.73918785759239,0.030712423846125603,UP
2026-05-26,2026-05-27,2323.TW,10.199999809265137,10.1985134050528,-0.00014572590589523315,DOWN
2026-05-26,2026-05-27,2324.TW,33.599998474121094,33.49248336334028,-0.0031998546328395076,DOWN
2026-05-26,2026-05-27,2327.TW,661.0,654.4432769995183,-0.00991939939558506,DOWN
2026-05-26,2026-05-27,2328.TW,54.5,54.396521330985706,-0.0018986911745741963,DOWN
2026-05-26,2026-05-27,2329.TW,58.400001525878906,58.40491389742849,8.41159489937659e-05,UP
2026-05-26,2026-05-27,2330.TW,2270.0,2272.029215886141,0.0008939277031458914,UP
2026-05-26,2026-05-27,2331.TW,21.14999961853028,21.09596605475195,-0.00255477847531442,DOWN
2026-05-26,2026-05-27,2332.TW,15.5,15.473480821005069,-0.0017109147738665342,DOWN
2026-05-26,2026-05-27,2337.TW,160.5,160.69496244139737,0.0012147192610427737,UP
2026-05-26,2026-05-27,2338.TW,55.400001525878906,55.333364806700764,-0.0012028288329019982,DOWN
2026-05-26,2026-05-27,2340.TW,39.0,38.87264464376494,-0.0032655219547450542,DOWN
2026-05-26,2026-05-27,2342.TW,43.34999847412109,43.29898012344792,-0.0011768939439207727,DOWN
2026-05-26,2026-05-27,2344.TW,141.0,142.45346322935075,0.010308249853551388,UP
2026-05-26,2026-05-27,2345.TW,2620.0,2630.9054148755968,0.004162372089922428,UP
2026-05-26,2026-05-27,2347.TW,84.4000015258789,84.43734763679092,0.00044248945778230003,UP
2026-05-26,2026-05-27,2348.TW,67.80000305175781,67.81980769000451,0.00029210379580039736,UP
2026-05-26,2026-05-27,2349.TW,13.5,13.485002658795565,-0.0011109141632914543,DOWN
2026-05-26,2026-05-27,2351.TW,216.0,225.9751646026969,0.04618131760507827,UP
2026-05-26,2026-05-27,2352.TW,28.100000381469727,28.08315582410848,-0.000599450431764189,DOWN
2026-05-26,2026-05-27,2353.TW,31.89999961853028,31.834149726732196,-0.0020642599556594666,DOWN
2026-05-26,2026-05-27,2354.TW,60.5,60.45406149310293,-0.0007593141635879874,DOWN
2026-05-26,2026-05-27,2355.TW,65.0999984741211,64.85733147869567,-0.003727603703737259,DOWN
2026-05-26,2026-05-27,2356.TW,62.59999847412109,62.425320352867026,-0.0027903853915631207,DOWN
2026-05-26,2026-05-27,2357.TW,699.0,700.1177322955336,0.0015990447718650103,UP
2026-05-26,2026-05-27,2359.TW,144.0,144.26912413537502,0.0018689176067709923,UP
2026-05-26,2026-05-27,2360.TW,2500.0,2504.555010527838,0.0018220042111352086,UP
2026-05-26,2026-05-27,2362.TW,41.70000076293945,41.67194035176537,-0.0006729115266352679,DOWN
2026-05-26,2026-05-27,2363.TW,67.5999984741211,67.5347441000692,-0.0009653014130890895,DOWN
2026-05-26,2026-05-27,2364.TW,68.5999984741211,68.53960158930158,-0.000880421081092228,DOWN
2026-05-26,2026-05-27,2365.TW,38.150001525878906,38.09604168178758,-0.0014144126325845718,DOWN
2026-05-26,2026-05-27,2367.TW,66.69999694824219,66.6634875184273,-0.0005473677883855865,DOWN
2026-05-26,2026-05-27,2368.TW,1445.0,1449.1628304251935,0.0028808515053242445,UP
2026-05-26,2026-05-27,2369.TW,37.70000076293945,38.18265861448635,0.012802595272660255,UP
2026-05-26,2026-05-27,2371.TW,29.850000381469727,29.821971226183592,-0.0009390001650899202,DOWN
2026-05-26,2026-05-27,2373.TW,57.20000076293945,57.19956589276228,-7.6026253736522606e-06,DOWN
2026-05-26,2026-05-27,2374.TW,82.4000015258789,82.33023399250841,-0.0008466933504677609,DOWN
2026-05-26,2026-05-27,2375.TW,134.0,134.01624687298317,0.0001212453207699582,UP
2026-05-26,2026-05-27,2376.TW,336.0,336.1415763502009,0.0004213581851217896,UP
2026-05-26,2026-05-27,2377.TW,126.0,125.79121670359746,-0.0016570102889090776,DOWN
2026-05-26,2026-05-27,2379.TW,590.0,591.0889131843578,0.0018456155667081475,UP
2026-05-26,2026-05-27,2380.TW,5.739999771118164,5.74262033167032,0.0004565436684060358,UP
2026-05-26,2026-05-27,2382.TW,316.5,316.5942451142182,0.0002977728727273643,UP
2026-05-26,2026-05-27,2383.TW,5290.0,5287.222428632085,-0.0005250607500784099,DOWN
2026-05-26,2026-05-27,2385.TW,133.0,133.08951339754276,0.0006730330642312765,UP
2026-05-26,2026-05-27,2387.TW,41.400001525878906,41.43113794262262,0.0007520873332395935,UP
2026-05-26,2026-05-27,2388.TW,78.0,77.82270731963217,-0.002272983081638813,DOWN
2026-05-26,2026-05-27,2390.TW,10.5,10.496132355139707,-0.0003683471295516938,DOWN
2026-05-26,2026-05-27,2392.TW,38.70000076293945,38.71829330569864,0.0004726755141747085,UP
2026-05-26,2026-05-27,2393.TW,64.5999984741211,64.60598095895678,9.260812657883535e-05,UP
2026-05-26,2026-05-27,2395.TW,510.0,512.0430900435895,0.004006058908998966,UP
2026-05-26,2026-05-27,2397.TW,63.900001525878906,63.863329389112515,-0.0005738988402299096,DOWN
2026-05-26,2026-05-27,2399.TW,50.5,50.539364629396005,0.0007794976118020713,UP
2026-05-26,2026-05-27,2401.TW,30.100000381469727,30.109059793686754,0.00030097714625294553,UP
2026-05-26,2026-05-27,2402.TW,70.0999984741211,70.16525030597687,0.000930839276406895,UP
2026-05-26,2026-05-27,2404.TW,1265.0,1269.3179114244413,0.0034133687149733305,UP
2026-05-26,2026-05-27,2405.TW,16.649999618530273,16.627399785583577,-0.0013573473552242056,DOWN
2026-05-26,2026-05-27,2406.TW,34.5,34.492402607887925,-0.00022021426411811262,DOWN
2026-05-26,2026-05-27,2408.TW,303.5,303.57399292712216,0.0002437987714074552,UP
2026-05-26,2026-05-27,2409.TW,22.0,21.775076946243644,-0.010223775170743465,DOWN
2026-05-26,2026-05-27,2412.TW,136.0,136.11438868194818,0.0008410932496190071,UP
2026-05-26,2026-05-27,2413.TW,51.5,51.479560967723955,-0.0003968744131270796,DOWN
2026-05-26,2026-05-27,2414.TW,50.5,50.51355709131167,0.00026845725369639695,UP
2026-05-26,2026-05-27,2415.TW,26.75,26.750168577617387,6.301967005128972e-06,UP
2026-05-26,2026-05-27,2417.TW,51.0,50.883977180114016,-0.002274957252666354,DOWN
2026-05-26,2026-05-27,2419.TW,31.049999237060547,31.024592920315616,-0.000818238884676255,DOWN
2026-05-26,2026-05-27,2420.TW,62.70000076293945,62.66447448951503,-0.0005666072247549679,DOWN
2026-05-26,2026-05-27,2421.TW,165.0,165.21707907202654,0.0013156307395547628,UP
2026-05-26,2026-05-27,2423.TW,81.0,80.97672211535973,-0.0002873812918551266,DOWN
2026-05-26,2026-05-27,2424.TW,12.350000381469728,12.496394403842562,0.011853766627609728,UP
2026-05-26,2026-05-27,2425.TW,34.900001525878906,34.849987350487666,-0.0014330708654598165,DOWN
2026-05-26,2026-05-27,2426.TW,78.30000305175781,78.1104007849612,-0.0024214847944677782,DOWN
2026-05-26,2026-05-27,2427.TW,20.5,20.49724980442261,-0.00013415588182397187,DOWN
2026-05-26,2026-05-27,2428.TW,256.0,257.23696529865265,0.00483189569786191,UP
2026-05-26,2026-05-27,2429.TW,51.20000076293945,52.083226598549274,0.017250504344701767,UP
2026-05-26,2026-05-27,2430.TW,18.799999237060547,18.811749769247115,0.0006250283331609908,UP
2026-05-26,2026-05-27,2431.TW,10.300000190734863,10.302560051348083,0.00024853015202098945,UP
2026-05-26,2026-05-27,2432.TW,26.200000762939453,26.22495625390931,0.0009524996276013638,UP
2026-05-26,2026-05-27,2433.TW,43.79999923706055,43.851874938751344,0.0011843767715617507,UP
2026-05-26,2026-05-27,2434.TW,30.200000762939453,30.217124513491985,0.000567011593375377,UP
2026-05-26,2026-05-27,2436.TW,79.5999984741211,79.5453104772378,-0.0006870351498947328,DOWN
2026-05-26,2026-05-27,2438.TW,23.0,23.01220906461822,0.0005308288964442909,UP
2026-05-26,2026-05-27,2439.TW,92.3000030517578,92.3272473941601,0.00029517163056886014,UP
2026-05-26,2026-05-27,2440.TW,17.799999237060547,17.790426464451535,-0.0005377962370403236,DOWN
2026-05-26,2026-05-27,2441.TW,136.0,135.29841071367264,-0.005158744752407074,DOWN
2026-05-26,2026-05-27,2442.TW,18.5,18.50252716581599,0.00013660355762112886,UP
2026-05-26,2026-05-27,2444.TW,12.449999809265137,12.469556757030816,0.0015708392020315467,UP
2026-05-26,2026-05-27,2449.TW,338.5,338.2820143690624,-0.0006439752760343254,DOWN
2026-05-26,2026-05-27,2450.TW,29.14999961853028,29.15284828490896,9.772440535017308e-05,UP
2026-05-26,2026-05-27,2451.TW,316.5,316.72151117541944,0.0006998773314990103,UP
2026-05-26,2026-05-27,2453.TW,61.59999847412109,61.69508982502931,0.0015436907997354722,UP
2026-05-26,2026-05-27,2454.TW,4265.0,4216.819071089849,-0.011296818032860756,DOWN
2026-05-26,2026-05-27,2455.TW,423.5,423.1950589681219,-0.0007200496620498598,DOWN
2026-05-26,2026-05-27,2457.TW,25.950000762939453,25.91933667630724,-0.0011816603364423431,DOWN
2026-05-26,2026-05-27,2458.TW,166.0,166.18903249967843,0.001138749998062849,UP
2026-05-26,2026-05-27,2459.TW,67.0,67.02471762112691,0.0003689197183120996,UP
2026-05-26,2026-05-27,2460.TW,32.54999923706055,32.49658128423676,-0.001641104579903199,DOWN
2026-05-26,2026-05-27,2461.TW,16.100000381469727,16.107313941988224,0.0004542584065348737,UP
2026-05-26,2026-05-27,2462.TW,20.850000381469727,20.82493319147155,-0.0012022632872685044,DOWN
2026-05-26,2026-05-27,2464.TW,173.5,180.33032698961904,0.03936787890270339,UP
2026-05-26,2026-05-27,2465.TW,87.19999694824219,87.12319751413163,-0.0008807274862192877,DOWN
2026-05-26,2026-05-27,2466.TW,48.650001525878906,48.59174549193759,-0.0011974518420175267,DOWN
2026-05-26,2026-05-27,2467.TW,668.0,670.6327036973089,0.0039411731995642185,UP
2026-05-26,2026-05-27,2468.TW,34.099998474121094,34.10172754267053,5.0705824833087326e-05,UP
2026-05-26,2026-05-27,2471.TW,50.900001525878906,50.9198317308452,0.00038959144148973865,UP
2026-05-26,2026-05-27,2472.TW,307.0,321.0893337778747,0.04589359536766999,UP
2026-05-26,2026-05-27,2474.TW,195.0,195.0094698362227,4.856326268054545e-05,UP
2026-05-26,2026-05-27,2476.TW,131.0,131.16690850816667,0.0012741107493638992,UP
2026-05-26,2026-05-27,2477.TW,20.89999961853028,20.894194563546357,-0.0002777538320515968,DOWN
2026-05-26,2026-05-27,2478.TW,119.0,118.64636563067324,-0.0029717173893004656,DOWN
2026-05-26,2026-05-27,2480.TW,148.0,148.03767188207712,0.000254539743764326,UP
2026-05-26,2026-05-27,2481.TW,147.0,148.84240955673158,0.0125333983451128,UP
2026-05-26,2026-05-27,2482.TW,16.700000762939453,16.68314607814952,-0.0010092625161633162,DOWN
2026-05-26,2026-05-27,2483.TW,25.799999237060547,25.80861224944379,0.0003338376991450098,UP
2026-05-26,2026-05-27,2484.TW,56.0,55.23025394231081,-0.013745465315878391,DOWN
2026-05-26,2026-05-27,2485.TW,74.5999984741211,74.47118170706474,-0.0017267663497478008,DOWN
2026-05-26,2026-05-27,2486.TW,289.0,288.83041366009274,-0.0005868039443157613,DOWN
2026-05-26,2026-05-27,2488.TW,53.20000076293945,53.17793874352731,-0.00041469960706308067,DOWN
2026-05-26,2026-05-27,2489.TW,51.70000076293945,51.508177830707766,-0.0037103081122040063,DOWN
2026-05-26,2026-05-27,2491.TW,22.350000381469727,22.271450418208673,-0.0035145396832377313,DOWN
2026-05-26,2026-05-27,2492.TW,328.5,325.72130480222404,-0.008458737283945084,DOWN
2026-05-26,2026-05-27,2493.TW,163.5,164.0316590348957,0.003251737216487527,UP
2026-05-26,2026-05-27,2495.TW,46.04999923706055,45.840689857256116,-0.0045452634803950405,DOWN
2026-05-26,2026-05-27,2496.TW,64.80000305175781,64.78604593760727,-0.00021538755390790345,DOWN
2026-05-26,2026-05-27,2497.TW,59.0,58.9383743054932,-0.001044503296725452,DOWN
2026-05-26,2026-05-27,2498.TW,44.34999847412109,44.38018749755026,0.0006806995370425786,UP
2026-05-26,2026-05-27,2501.TW,21.700000762939453,21.720502025080098,0.000944758590776545,UP
2026-05-26,2026-05-27,2504.TW,35.099998474121094,35.0853629024397,-0.00041696787229738495,DOWN
2026-05-26,2026-05-27,2505.TW,17.75,17.756474105051893,0.00036473831278271973,UP
2026-05-26,2026-05-27,2506.TW,8.619999885559082,8.623904873834652,0.0004530148871709531,UP
2026-05-26,2026-05-27,2509.TW,12.399999618530272,12.41559232104098,0.0012574760476127447,UP
2026-05-26,2026-05-27,2511.TW,7.619999885559082,7.623556626759953,0.00046676394413227174,UP
2026-05-26,2026-05-27,2514.TW,12.949999809265137,12.960962528894076,0.0008465420687570567,UP
2026-05-26,2026-05-27,2515.TW,12.850000381469728,12.852136469828224,0.0001662325521465434,UP
2026-05-26,2026-05-27,2516.TW,12.850000381469728,12.826965208622388,-0.00179262040182955,DOWN
2026-05-26,2026-05-27,2520.TW,30.14999961853028,30.16140114970312,0.00037816024268977886,UP
2026-05-26,2026-05-27,2524.TW,33.25,33.2562542221458,0.00018809690664056689,UP
2026-05-26,2026-05-27,2527.TW,35.150001525878906,35.165924259202434,0.0004529938159975586,UP
2026-05-26,2026-05-27,2528.TW,22.0,22.00480466274894,0.00021839376131538302,UP
2026-05-26,2026-05-27,2530.TW,19.0,19.099805959500372,0.005252945236861706,UP
2026-05-26,2026-05-27,2534.TW,17.75,17.764630632591434,0.0008242609910666943,UP
2026-05-26,2026-05-27,2535.TW,75.9000015258789,75.84587582420244,-0.0007131185848265652,DOWN
2026-05-26,2026-05-27,2536.TW,19.549999237060547,19.565827346487676,0.0008096219971776009,UP
2026-05-26,2026-05-27,2537.TW,9.579999923706056,9.590598503306389,0.0011063235579058294,UP
2026-05-26,2026-05-27,2538.TW,9.3100004196167,9.323622126932467,0.001463126391172409,UP
2026-05-26,2026-05-27,2539.TW,34.650001525878906,34.79217659078785,0.004103176295757294,UP
2026-05-26,2026-05-27,2540.TW,54.20000076293945,54.17986499700524,-0.0003715085913427133,DOWN
2026-05-26,2026-05-27,2542.TW,42.400001525878906,42.41131427917829,0.0002668102097232471,UP
2026-05-26,2026-05-27,2543.TW,40.79999923706055,40.768484308228615,-0.0007724247407167932,DOWN
2026-05-26,2026-05-27,2545.TW,36.29999923706055,36.34559518925009,0.0012560868635774637,UP
2026-05-26,2026-05-27,2546.TW,86.69999694824219,86.72017107711729,0.00023268892255142216,UP
2026-05-26,2026-05-27,2547.TW,9.989999771118164,9.996098310605714,0.0006104644271545224,UP
2026-05-26,2026-05-27,2548.TW,121.0,121.14183013828006,0.0011721499031409621,UP
2026-05-26,2026-05-27,2596.TWO,27.39999961853028,27.43561553521323,0.0012998509919271437,UP
2026-05-26,2026-05-27,2597.TW,157.5,157.69921057886677,0.0012648290721699595,UP
2026-05-26,2026-05-27,2601.TW,5.050000190734863,5.049388627086776,-0.0001211017079186409,DOWN
2026-05-26,2026-05-27,2603.TW,211.5,211.34815446237917,-0.0007179458043538034,DOWN
2026-05-26,2026-05-27,2605.TW,31.25,31.23747658719367,-0.00040074920980259776,DOWN
2026-05-26,2026-05-27,2606.TW,70.0,70.06477611372247,0.0009253730531781912,UP
2026-05-26,2026-05-27,2607.TW,48.0,48.019841455388814,0.0004133636539336294,UP
2026-05-26,2026-05-27,2608.TW,28.75,28.757507226036978,0.0002611209056340158,UP
2026-05-26,2026-05-27,2609.TW,52.0,51.987694335577544,-0.00023664739273954183,DOWN
2026-05-26,2026-05-27,2610.TW,18.64999961853028,18.649496268692225,-2.6989268008104244e-05,DOWN
2026-05-26,2026-05-27,2611.TW,12.899999618530272,12.909520474173075,0.0007380508468486112,UP
2026-05-26,2026-05-27,2612.TW,56.900001525878906,56.896316947000884,-6.475533882625382e-05,DOWN
2026-05-26,2026-05-27,2613.TW,21.850000381469727,21.852262513781373,0.00010353008110537659,UP
2026-05-26,2026-05-27,2614.TW,18.14999961853028,18.15932263015617,0.0005136645631865276,UP
2026-05-26,2026-05-27,2615.TW,81.5,81.52809386164881,0.00034470995888113976,UP
2026-05-26,2026-05-27,2616.TW,13.350000381469728,13.360355073398864,0.0007756323320790625,UP
2026-05-26,2026-05-27,2617.TW,29.0,29.018202267121524,0.0006276643835008144,UP
2026-05-26,2026-05-27,2618.TW,35.20000076293945,35.19149204967728,-0.0002417248033452369,DOWN
2026-05-26,2026-05-27,2630.TW,42.0,42.01652439997997,0.0003934380947612226,UP
2026-05-26,2026-05-27,2633.TW,25.049999237060547,25.063964143482327,0.0005574813112616539,UP
2026-05-26,2026-05-27,2634.TW,45.900001525878906,45.89115579818451,-0.00019271737255619525,DOWN
2026-05-26,2026-05-27,2636.TW,67.0,66.94020243076375,-0.0008925010333769023,DOWN
2026-05-26,2026-05-27,2637.TW,74.80000305175781,74.6993107268018,-0.001346154022030461,DOWN
2026-05-26,2026-05-27,2640.TWO,162.5,162.49144177904782,-5.266597509034909e-05,DOWN
2026-05-26,2026-05-27,2641.TWO,17.850000381469727,17.84333468808779,-0.0003734281926882424,DOWN
2026-05-26,2026-05-27,2642.TW,20.14999961853028,20.155629553112902,0.0002794012252707171,UP
2026-05-26,2026-05-27,2643.TWO,66.30000305175781,66.35637416326658,0.000850242970045723,UP
2026-05-26,2026-05-27,2645.TW,158.5,158.24176594038727,-0.001629236969165504,DOWN
2026-05-26,2026-05-27,2646.TW,20.200000762939453,20.20480981950069,0.00023807209800004653,UP
2026-05-26,2026-05-27,2701.TW,10.25,10.263940025004558,0.001360002439469099,UP
2026-05-26,2026-05-27,2702.TW,12.899999618530272,12.919480478280637,0.0015101442113518717,UP
2026-05-26,2026-05-27,2704.TW,42.04999923706055,42.04547178098939,-0.0001076683984138758,DOWN
2026-05-26,2026-05-27,2705.TW,15.050000190734863,15.063130771133519,0.0008724638028070699,UP
2026-05-26,2026-05-27,2706.TW,11.949999809265137,11.956127880517721,0.000512809318024707,UP
2026-05-26,2026-05-27,2707.TW,173.0,173.0182048478091,0.0001052303341566585,UP
2026-05-26,2026-05-27,2712.TW,14.949999809265137,14.963337386075095,0.000892145617399413,UP
2026-05-26,2026-05-27,2718.TWO,45.09999847412109,45.103579732660336,7.940706564112514e-05,UP
2026-05-26,2026-05-27,2719.TWO,26.100000381469727,26.107673268024612,0.0002939803234766765,UP
2026-05-26,2026-05-27,2722.TW,22.39999961853028,22.4158619704749,0.0007081407238729346,UP
2026-05-26,2026-05-27,2723.TW,60.79999923706055,60.834726578306494,0.0005711733829229924,UP
2026-05-26,2026-05-27,2726.TWO,9.90999984741211,9.893077844675647,-0.0017075684154406639,DOWN
2026-05-26,2026-05-27,2727.TW,229.5,229.7146995527437,0.0009355100337415934,UP
2026-05-26,2026-05-27,2729.TWO,160.0,160.00653395138215,4.08371961384546e-05,UP
2026-05-26,2026-05-27,2731.TW,168.0,168.0719481711276,0.00042826292337849736,UP
2026-05-26,2026-05-27,2732.TWO,64.0,64.00759050436318,0.00011860163067467511,UP
2026-05-26,2026-05-27,2734.TWO,15.199999809265137,15.20826027136175,0.0005434514605439797,UP
2026-05-26,2026-05-27,2736.TWO,12.199999809265137,12.199835960029501,-1.3430265425975622e-05,DOWN
2026-05-26,2026-05-27,2739.TW,34.79999923706055,34.811925644119505,0.0003427128540352625,UP
2026-05-26,2026-05-27,2740.TWO,35.849998474121094,35.872799799752954,0.0006360202678479873,UP
2026-05-26,2026-05-27,2743.TWO,67.69999694824219,67.72373632405451,0.0003506554930936742,UP
2026-05-26,2026-05-27,2745.TWO,103.5,103.5244962704237,0.00023667894129175693,UP
2026-05-26,2026-05-27,2748.TW,39.20000076293945,39.22690579706082,0.0006863528979011277,UP
2026-05-26,2026-05-27,2751.TWO,51.79999923706055,51.807051528991174,0.00013614463387060186,UP
2026-05-26,2026-05-27,2752.TWO,173.0,173.09098735416774,0.0005259384633973241,UP
2026-05-26,2026-05-27,2753.TW,174.5,174.57643125695176,0.00043800147250294685,UP
2026-05-26,2026-05-27,2754.TWO,70.30000305175781,70.38440501878189,0.0012005969183520242,UP
2026-05-26,2026-05-27,2755.TWO,132.0,131.95960333978292,-0.0003060353046748787,DOWN
2026-05-26,2026-05-27,2756.TWO,60.59999847412109,60.604465740375886,7.371726678685087e-05,UP
2026-05-26,2026-05-27,2762.TW,81.80000305175781,81.7205299155241,-0.0009715541964397051,DOWN
2026-05-26,2026-05-27,2801.TW,20.14999961853028,20.17036498882089,0.0010106883710251026,UP
2026-05-26,2026-05-27,2812.TW,18.850000381469727,18.86323576863224,0.00070214254083116,UP
2026-05-26,2026-05-27,2816.TW,31.700000762939453,31.70379816386893,0.000119791824545257,UP
2026-05-26,2026-05-27,2820.TW,16.799999237060547,16.8057044326298,0.0003395949897822984,UP
2026-05-26,2026-05-27,2832.TW,53.0,52.99187659143354,-0.0001532718597445637,DOWN
2026-05-26,2026-05-27,2834.TW,16.0,16.005470867734402,0.00034192923340015113,UP
2026-05-26,2026-05-27,2836.TW,11.850000381469728,11.852507016031382,0.00021153033594606944,UP
2026-05-26,2026-05-27,2838.TW,20.25,20.255717998792534,0.00028237031074240804,UP
2026-05-26,2026-05-27,2845.TW,12.0,12.012467713560909,0.0010389761300757527,UP
2026-05-26,2026-05-27,2849.TW,13.449999809265137,13.45847601279878,0.0006302010151557252,UP
2026-05-26,2026-05-27,2850.TW,139.0,139.10031903802883,0.0007217196980491281,UP
2026-05-26,2026-05-27,2851.TW,35.150001525878906,35.159477334624796,0.0002695820294321594,UP
2026-05-26,2026-05-27,2852.TW,26.75,26.750863418877998,3.2277341233566403e-05,UP
2026-05-26,2026-05-27,2855.TW,42.0,41.94647213257849,-0.0012744730338454247,DOWN
2026-05-26,2026-05-27,2867.TW,7.579999923706055,7.587739856146603,0.0010210992768406868,UP
2026-05-26,2026-05-27,2880.TW,30.14999961853028,30.180535746090033,0.001012806897051669,UP
2026-05-26,2026-05-27,2881.TW,103.5,103.63698836567346,0.0013235590886324644,UP
2026-05-26,2026-05-27,2882.TW,83.0999984741211,83.18245904669092,0.0009923053439707206,UP
2026-05-26,2026-05-27,2883.TW,21.549999237060547,21.5694503517629,0.0009026039624586907,UP
2026-05-26,2026-05-27,2884.TW,31.14999961853028,31.174071328472095,0.0007727675838395595,UP
2026-05-26,2026-05-27,2885.TW,57.29999923706055,57.343792088846826,0.0007642731652595607,UP
2026-05-26,2026-05-27,2886.TW,39.400001525878906,39.43633443367282,0.0009221549844369518,UP
2026-05-26,2026-05-27,2887.TW,23.600000381469727,23.6107868451506,0.0004570535384118933,UP
2026-05-26,2026-05-27,2889.TW,14.600000381469728,14.604998425420114,0.00034233176847917534,UP
2026-05-26,2026-05-27,2890.TW,29.549999237060547,29.567351725590015,0.0005872246692888364,UP
2026-05-26,2026-05-27,2891.TW,57.59999847412109,57.63609211162974,0.0006266256677918676,UP
2026-05-26,2026-05-27,2892.TW,27.700000762939453,27.73905975438434,0.001410071854479659,UP
2026-05-26,2026-05-27,2897.TW,9.979999542236328,9.985948447420506,0.0005960827111265886,UP
2026-05-26,2026-05-27,2901.TW,22.64999961853028,22.675121309365576,0.0011091254418716518,UP
2026-05-26,2026-05-27,2903.TW,22.100000381469727,22.097711828605465,-0.00010355442645964831,DOWN
2026-05-26,2026-05-27,2904.TW,14.199999809265137,14.21425888649593,0.001004160381853643,UP
2026-05-26,2026-05-27,2905.TW,13.649999618530272,13.651097573508615,8.04362643975968e-05,UP
2026-05-26,2026-05-27,2906.TW,12.350000381469728,12.368547711576236,0.001501808059401864,UP
2026-05-26,2026-05-27,2908.TW,21.350000381469727,21.362078164922853,0.0005657041328958803,UP
2026-05-26,2026-05-27,2910.TW,21.600000381469727,21.604934193874765,0.00022841723694001805,UP
2026-05-26,2026-05-27,2911.TW,9.550000190734863,9.21118229938116,-0.03547831252217293,DOWN
2026-05-26,2026-05-27,2912.TW,209.5,209.7435555307893,0.0011625562328845263,UP
2026-05-26,2026-05-27,2913.TW,10.800000190734863,10.80536577038164,0.0004968129214830234,UP
2026-05-26,2026-05-27,2915.TW,44.20000076293945,44.20168723800162,3.8155543734268015e-05,UP
2026-05-26,2026-05-27,2916.TWO,47.54999923706055,47.56202884188295,0.0002529885387048779,UP
2026-05-26,2026-05-27,2923.TW,23.0,23.011156955210026,0.0004850850091315806,UP
2026-05-26,2026-05-27,2924.TWO,15.199999809265137,15.201121339572024,7.378488953690885e-05,UP
2026-05-26,2026-05-27,2926.TWO,35.900001525878906,35.9072482356302,0.000201858201762717,UP
2026-05-26,2026-05-27,2929.TW,6.050000190734863,6.316922247815544,0.044119346886873245,UP
2026-05-26,2026-05-27,2939.TW,22.600000381469727,22.61288440829004,0.000570089672692071,UP
2026-05-26,2026-05-27,2941.TWO,31.799999237060547,31.77559151338997,-0.0007675384986214829,DOWN
2026-05-26,2026-05-27,2945.TW,41.20000076293945,41.1571927248955,-0.0010390300303697586,DOWN
2026-05-26,2026-05-27,2947.TWO,77.69999694824219,77.77042607786002,0.0009064238402061965,UP
2026-05-26,2026-05-27,2948.TWO,36.0,36.07721496373415,0.002144860103726387,UP
2026-05-26,2026-05-27,2949.TWO,62.900001525878906,62.85592772304265,-0.0007006963714957237,DOWN
2026-05-26,2026-05-27,3002.TW,17.100000381469727,17.096619852622354,-0.00019769174105026485,DOWN
2026-05-26,2026-05-27,3003.TW,62.70000076293945,62.75381636439415,0.0008583030430599835,UP
2026-05-26,2026-05-27,3004.TW,137.5,137.23122271767352,-0.0019547438714653254,DOWN
2026-05-26,2026-05-27,3005.TW,104.0,104.06024627853185,0.000579291139729321,UP
2026-05-26,2026-05-27,3006.TW,231.5,231.67940416408237,0.0007749639917165041,UP
2026-05-26,2026-05-27,3008.TW,3665.0,3679.9367030500434,0.004075498785823584,UP
2026-05-26,2026-05-27,3010.TW,141.0,141.09129279479384,0.000647466629743576,UP
2026-05-26,2026-05-27,3011.TW,13.050000190734863,13.052782302947806,0.00021318867220538432,UP
2026-05-26,2026-05-27,3013.TW,124.0,124.17650627857074,0.001423437730409205,UP
2026-05-26,2026-05-27,3014.TW,151.0,151.1528803318506,0.0010124525288119912,UP
2026-05-26,2026-05-27,3015.TW,52.20000076293945,52.22066691123701,0.0003959032183047405,UP
2026-05-26,2026-05-27,3016.TW,126.0,125.66058398410678,-0.0026937779039144516,DOWN
2026-05-26,2026-05-27,3017.TW,2725.0,2726.514645999123,0.0005558333941735327,UP
2026-05-26,2026-05-27,3018.TW,9.529999732971191,9.544518512993294,0.0015234816819429398,UP
2026-05-26,2026-05-27,3019.TW,153.5,153.49687536051897,-2.0355957531137392e-05,DOWN
2026-05-26,2026-05-27,3021.TW,22.700000762939453,24.349104747709852,0.07264775019139048,UP
2026-05-26,2026-05-27,3022.TW,75.0,75.09411929058842,0.0012549238745123148,UP
2026-05-26,2026-05-27,3023.TW,316.0,316.3749882467091,0.0011866716668009758,UP
2026-05-26,2026-05-27,3024.TW,16.100000381469727,16.11898073959898,0.0011789042036980666,UP
2026-05-26,2026-05-27,3025.TW,78.80000305175781,78.12890614615127,-0.008516457863152027,DOWN
2026-05-26,2026-05-27,3026.TW,570.0,570.776143457042,0.001361655187793076,UP
2026-05-26,2026-05-27,3027.TW,19.0,19.00495553246583,0.00026081749820150435,UP
2026-05-26,2026-05-27,3028.TW,81.5999984741211,81.58512441241056,-0.0001822801714297357,DOWN
2026-05-26,2026-05-27,3029.TW,96.5999984741211,96.59099223530758,-9.323228732684833e-05,DOWN
2026-05-26,2026-05-27,3030.TW,409.5,410.5354318282334,0.0025285270530730486,UP
2026-05-26,2026-05-27,3031.TW,31.850000381469727,31.753554560823535,-0.0030281262006610216,DOWN
2026-05-26,2026-05-27,3032.TW,90.0,89.83372885733843,-0.0018474571406841278,DOWN
2026-05-26,2026-05-27,3033.TW,50.29999923706055,50.23572951932132,-0.0012777280062437057,DOWN
2026-05-26,2026-05-27,3034.TW,491.5,492.3953454180155,0.0018216590397059917,UP
2026-05-26,2026-05-27,3035.TW,208.0,207.33973924070597,-0.003174330573529005,DOWN
2026-05-26,2026-05-27,3036.TW,293.5,293.30121749656973,-0.0006772828055545688,DOWN
2026-05-26,2026-05-27,3037.TW,1085.0,1087.757677207701,0.0025416379794478416,UP
2026-05-26,2026-05-27,3038.TW,23.450000762939453,23.424317924529593,-0.0010952169541269161,DOWN
2026-05-26,2026-05-27,3040.TW,41.150001525878906,41.136801618660165,-0.000320775376167116,DOWN
2026-05-26,2026-05-27,3041.TW,26.39999961853028,26.35294063392108,-0.0017825373215600423,DOWN
2026-05-26,2026-05-27,3042.TW,203.0,199.60377686098218,-0.016730163246393204,DOWN
2026-05-26,2026-05-27,3043.TW,20.700000762939453,20.671524427398623,-0.0013756683329120064,DOWN
2026-05-26,2026-05-27,3044.TW,510.0,511.20620703790337,0.0023651118390262127,UP
2026-05-26,2026-05-27,3045.TW,110.5,110.60494490669225,0.0009497276623733342,UP
2026-05-26,2026-05-27,3046.TW,53.79999923706055,53.76484356341912,-0.000653451192192758,DOWN
2026-05-26,2026-05-27,3047.TW,15.100000381469728,15.083855666848423,-0.0010691863717511736,DOWN
2026-05-26,2026-05-27,3048.TW,73.0,73.1083616426913,0.0014844060642644763,UP
2026-05-26,2026-05-27,3049.TW,12.149999618530272,12.147782226538897,-0.0001825014041969667,DOWN
2026-05-26,2026-05-27,3050.TW,12.350000381469728,12.349033965554536,-7.825229840819466e-05,DOWN
2026-05-26,2026-05-27,3051.TW,28.200000762939453,28.195252308720544,-0.00016838489682416394,DOWN
2026-05-26,2026-05-27,3052.TW,10.449999809265137,10.455692212028373,0.0005447275470942046,UP
2026-05-26,2026-05-27,3054.TW,68.30000305175781,68.23013887601965,-0.0010229015024379676,DOWN
2026-05-26,2026-05-27,3055.TW,119.0,119.45255559729412,0.003802988212555647,UP
2026-05-26,2026-05-27,3056.TW,13.399999618530272,13.406080114330756,0.00045376835623753574,UP
2026-05-26,2026-05-27,3057.TW,20.0,19.99340470705647,-0.00032976464717648923,DOWN
2026-05-26,2026-05-27,3058.TW,8.199999809265137,8.20525681141876,0.0006410978385247628,UP
2026-05-26,2026-05-27,3059.TW,42.45000076293945,42.41703528433697,-0.0007765719201415149,DOWN
2026-05-26,2026-05-27,3060.TW,28.350000381469727,28.310656901862533,-0.0013877770397812599,DOWN
2026-05-26,2026-05-27,3062.TW,30.049999237060547,30.026916437742663,-0.0007681464194320363,DOWN
2026-05-26,2026-05-27,3064.TWO,18.350000381469727,18.38297234473143,0.001796837197616672,UP
2026-05-26,2026-05-27,3066.TWO,20.850000381469727,20.80719472804021,-0.002053028903901662,DOWN
2026-05-26,2026-05-27,3067.TWO,18.14999961853028,18.128427991677842,-0.0011885194107891103,DOWN
2026-05-26,2026-05-27,3071.TWO,33.54999923706055,33.54153073876563,-0.0002524142619223197,DOWN
2026-05-26,2026-05-27,3073.TWO,20.200000762939453,20.21552224777822,0.0007683903095313186,UP
2026-05-26,2026-05-27,3078.TWO,58.0,58.04445441486314,0.0007664554286748171,UP
2026-05-26,2026-05-27,3081.TWO,3160.0,3164.831183105707,0.001528855413198471,UP
2026-05-26,2026-05-27,3083.TWO,26.950000762939453,26.953989709908058,0.00014801287034061836,UP
2026-05-26,2026-05-27,3085.TWO,12.300000190734863,12.29779308190552,-0.00017943973944053958,DOWN
2026-05-26,2026-05-27,3086.TWO,35.04999923706055,35.080906716783176,0.0008818111382424325,UP
2026-05-26,2026-05-27,3088.TWO,142.0,142.41318995226175,0.0029097883962094784,UP
2026-05-26,2026-05-27,3090.TW,232.0,227.43839044868946,-0.01966211013495922,DOWN
2026-05-26,2026-05-27,3092.TW,30.299999237060547,30.279886545834618,-0.0006637852056883496,DOWN
2026-05-26,2026-05-27,3093.TWO,58.400001525878906,58.352774903667225,-0.0008086750167421464,DOWN
2026-05-26,2026-05-27,3094.TW,34.95000076293945,34.796844510790095,-0.004382153041660684,DOWN
2026-05-26,2026-05-27,3095.TWO,45.20000076293945,45.15858741234935,-0.0009162245551124116,DOWN
2026-05-26,2026-05-27,3105.TWO,562.0,563.640413289424,0.0029188848566263914,UP
2026-05-26,2026-05-27,3114.TWO,27.89999961853028,27.90569700829288,0.00020420752116479172,UP
2026-05-26,2026-05-27,3115.TWO,7.920000076293945,7.941103391589858,0.0026645599864423275,UP
2026-05-26,2026-05-27,3118.TWO,33.650001525878906,33.65697002368491,0.00020708759257105899,UP
2026-05-26,2026-05-27,3122.TWO,34.5,34.51747631892795,0.0005065599689260125,UP
2026-05-26,2026-05-27,3128.TWO,23.850000381469727,23.80582205077869,-0.0018523408798500616,DOWN
2026-05-26,2026-05-27,3130.TW,221.5,221.53543485479895,0.00015997677110135555,UP
2026-05-26,2026-05-27,3131.TWO,3115.0,3118.1267157557886,0.001003761077299714,UP
2026-05-26,2026-05-27,3135.TW,225.0,225.4222433490213,0.0018766371067613363,UP
2026-05-26,2026-05-27,3138.TW,172.5,172.37129270346486,-0.0007461292552761734,DOWN
2026-05-26,2026-05-27,3141.TWO,79.19999694824219,79.10033224087535,-0.0012583928182721138,DOWN
2026-05-26,2026-05-27,3147.TWO,184.0,184.02001222746912,0.00010876210581045598,UP
2026-05-26,2026-05-27,3149.TW,68.0,67.96396331163123,-0.0005299512995406985,DOWN
2026-05-26,2026-05-27,3150.TW,19.450000762939453,19.41475890235456,-0.0018119207816199153,DOWN
2026-05-26,2026-05-27,3152.TWO,202.5,202.78976009285543,0.0014309140387922525,UP
2026-05-26,2026-05-27,3158.TWO,85.4000015258789,85.39481716758942,-6.070677045494251e-05,DOWN
2026-05-26,2026-05-27,3162.TWO,90.0999984741211,90.03072431107606,-0.0007688586483709465,DOWN
2026-05-26,2026-05-27,3163.TWO,1220.0,1217.004881738685,-0.002455014968290925,DOWN
2026-05-26,2026-05-27,3164.TW,16.450000762939453,16.465702242576562,0.0009544971981085163,UP
2026-05-26,2026-05-27,3167.TW,831.0,825.2930358932354,-0.0068675861693918705,DOWN
2026-05-26,2026-05-27,3168.TW,52.09999847412109,51.97330767173233,-0.0024316853377968415,DOWN
2026-05-26,2026-05-27,3169.TWO,120.0,119.78245129343122,-0.0018129058880731463,DOWN
2026-05-26,2026-05-27,3171.TWO,70.5,70.34904182120226,-0.0021412507630884647,DOWN
2026-05-26,2026-05-27,3176.TWO,36.150001525878906,36.13411529831676,-0.00043945302604693346,DOWN
2026-05-26,2026-05-27,3178.TWO,74.30000305175781,74.39265082696079,0.0012469417415560248,UP
2026-05-26,2026-05-27,3188.TWO,22.950000762939453,22.97760116233043,0.0012026317417621613,UP
2026-05-26,2026-05-27,3189.TW,696.0,686.3578086644411,-0.013853723183274269,DOWN
2026-05-26,2026-05-27,3191.TWO,19.950000762939453,20.352140063990753,0.020157357677817345,UP
2026-05-26,2026-05-27,3205.TWO,53.29999923706055,53.31537212252265,0.000288421870209285,UP
2026-05-26,2026-05-27,3206.TWO,36.84999847412109,36.88004704107436,0.0008154292590915194,UP
2026-05-26,2026-05-27,3207.TWO,63.0,62.98603899285081,-0.00022160328808240592,DOWN
2026-05-26,2026-05-27,3209.TW,80.4000015258789,81.01452316578738,0.007643303833901971,UP
2026-05-26,2026-05-27,3211.TWO,469.0,488.2573447701521,0.04106043661013238,UP
2026-05-26,2026-05-27,3213.TWO,121.0,120.92525575176114,-0.0006177210598252714,DOWN
2026-05-26,2026-05-27,3217.TWO,193.0,192.93536337531987,-0.0003349047910887748,DOWN
2026-05-26,2026-05-27,3218.TWO,128.5,128.51255538332043,9.770726319402456e-05,UP
2026-05-26,2026-05-27,3219.TWO,89.5999984741211,89.27913616250008,-0.0035810526460409164,DOWN
2026-05-26,2026-05-27,3221.TWO,59.29999923706055,59.01326922803282,-0.0048352447338402575,DOWN
2026-05-26,2026-05-27,3224.TWO,40.84999847412109,40.862518479333986,0.0003064872871618447,UP
2026-05-26,2026-05-27,3226.TWO,40.0,40.05341201554984,0.0013353003887459636,UP
2026-05-26,2026-05-27,3227.TWO,236.0,236.3098134608008,0.0013127689016982913,UP
2026-05-26,2026-05-27,3228.TWO,220.0,218.74971526674926,-0.005683112423866987,DOWN
2026-05-26,2026-05-27,3229.TW,47.900001525878906,49.03431717343517,0.0236809104681015,UP
2026-05-26,2026-05-27,3230.TWO,31.450000762939453,31.491863628531974,0.0013310926733538086,UP
2026-05-26,2026-05-27,3231.TW,146.0,145.87506944919005,-0.0008556887041777372,DOWN
2026-05-26,2026-05-27,3232.TWO,21.200000762939453,21.207489741211184,0.0003532536793499766,UP
2026-05-26,2026-05-27,3234.TWO,110.5,110.5148181194163,0.00013410062820184976,UP
2026-05-26,2026-05-27,3236.TWO,58.20000076293945,57.1593594805825,-0.017880434170365334,DOWN
2026-05-26,2026-05-27,3252.TWO,18.25,18.234679012588458,-0.0008395061595365405,DOWN
2026-05-26,2026-05-27,3257.TW,59.79999923706055,60.84549084909057,0.017483137547969818,UP
2026-05-26,2026-05-27,3259.TWO,16.0,16.017566569149494,0.0010979105718433857,UP
2026-05-26,2026-05-27,3260.TWO,410.0,410.46345989219844,0.0011303899809718132,UP
2026-05-26,2026-05-27,3264.TWO,231.0,231.09904600432492,0.00042877058149315417,UP
2026-05-26,2026-05-27,3265.TWO,191.5,191.72544953919714,0.0011772821890190244,UP
2026-05-26,2026-05-27,3266.TW,12.800000190734863,12.7930298558329,-0.0005445574061013194,DOWN
2026-05-26,2026-05-27,3268.TWO,17.700000762939453,17.699155904008112,-4.773214095617371e-05,DOWN
2026-05-26,2026-05-27,3272.TWO,16.75,16.77189856491168,0.001307377009652555,UP
2026-05-26,2026-05-27,3276.TWO,14.0,14.003378389112186,0.00024131350801326334,UP
2026-05-26,2026-05-27,3284.TWO,16.200000762939453,16.182167877534617,-0.0011007953435182571,DOWN
2026-05-26,2026-05-27,3285.TWO,29.350000381469727,29.35916844239238,0.00031237004441208194,UP
2026-05-26,2026-05-27,3287.TWO,33.0,33.0156528489897,0.00047432875726372004,UP
2026-05-26,2026-05-27,3288.TWO,14.899999618530272,14.91244929612871,0.0008355488535016478,UP
2026-05-26,2026-05-27,3289.TWO,172.5,172.38747294511995,-0.00065233075292781,DOWN
2026-05-26,2026-05-27,3290.TWO,48.45000076293945,48.47154104290834,0.0004445878148543915,UP
2026-05-26,2026-05-27,3293.TWO,735.0,735.0528382389166,7.188876043073833e-05,UP
2026-05-26,2026-05-27,3294.TWO,40.5,40.43875799851958,-0.0015121481847018003,DOWN
2026-05-26,2026-05-27,3296.TW,19.89999961853028,19.90478885052859,0.00024066492915153495,UP
2026-05-26,2026-05-27,3297.TWO,30.100000381469727,30.104889133120853,0.00016241699631791654,UP
2026-05-26,2026-05-27,3303.TWO,49.20000076293945,49.17528441023404,-0.0005023648845962865,DOWN
2026-05-26,2026-05-27,3305.TW,163.5,163.7471397643676,0.0015115581918507814,UP
2026-05-26,2026-05-27,3306.TWO,46.54999923706055,46.51175660143595,-0.0008215389098041475,DOWN
2026-05-26,2026-05-27,3308.TW,20.299999237060547,20.291699554032466,-0.0004088513960596119,DOWN
2026-05-26,2026-05-27,3310.TWO,72.69999694824219,72.59122931607065,-0.0014961160486563795,DOWN
2026-05-26,2026-05-27,3311.TW,35.5,35.52071508549852,0.000583523535169661,UP
2026-05-26,2026-05-27,3312.TW,52.79999923706055,52.862394227303504,0.0011817233171314506,UP
2026-05-26,2026-05-27,3313.TWO,11.199999809265137,11.205149693792528,0.00045981112634760644,UP
2026-05-26,2026-05-27,3317.TWO,83.69999694824219,83.57018254569931,-0.0015509487129748715,DOWN
2026-05-26,2026-05-27,3321.TW,18.200000762939453,18.67747682099386,0.0262349471449852,UP
2026-05-26,2026-05-27,3322.TWO,12.75,12.737918377591996,-0.0009475782280787826,DOWN
2026-05-26,2026-05-27,3323.TWO,37.09999847412109,37.05669873619888,-0.0011671088868752363,DOWN
2026-05-26,2026-05-27,3324.TWO,1040.0,1041.2284042034298,0.0011811578879132867,UP
2026-05-26,2026-05-27,3325.TWO,12.149999618530272,12.154194087764337,0.00034522381611172044,UP
2026-05-26,2026-05-27,3332.TWO,63.20000076293945,63.278933463546565,0.0012489351211115508,UP
2026-05-26,2026-05-27,3338.TW,78.4000015258789,78.44187847541193,0.0005341447540558592,UP
2026-05-26,2026-05-27,3339.TWO,50.79999923706055,50.77776955142242,-0.00043759224354291,DOWN
2026-05-26,2026-05-27,3346.TW,16.149999618530273,16.155941655675342,0.0003679280052892795,UP
2026-05-26,2026-05-27,3349.TWO,18.100000381469727,18.12301609578621,0.001271586399525453,UP
2026-05-26,2026-05-27,3354.TWO,34.20000076293945,34.186988151813445,-0.00038048569695089816,DOWN
2026-05-26,2026-05-27,3356.TW,65.30000305175781,65.29305945438391,-0.00010633379861255296,DOWN
2026-05-26,2026-05-27,3357.TWO,269.5,269.8698754403158,0.0013724506134167314,UP
2026-05-26,2026-05-27,3360.TWO,14.399999618530272,14.400831096021083,5.774149394706742e-05,UP
2026-05-26,2026-05-27,3362.TWO,115.0,114.90065729012713,-0.000863849651068449,DOWN
2026-05-26,2026-05-27,3363.TWO,885.0,889.5305722416379,0.005119290668517351,UP
2026-05-26,2026-05-27,3372.TWO,22.049999237060547,22.047498444083192,-0.00011341465142326103,DOWN
2026-05-26,2026-05-27,3373.TWO,16.75,16.75843368921778,0.0005035038338974118,UP
2026-05-26,2026-05-27,3374.TWO,255.5,255.43461562442826,-0.0002559075364843011,DOWN
2026-05-26,2026-05-27,3376.TW,219.0,218.65230568649713,-0.001587645267136395,DOWN
2026-05-26,2026-05-27,3379.TWO,41.25,41.25442450496848,0.00010726072650868446,UP
2026-05-26,2026-05-27,3380.TW,35.400001525878906,35.36252769319398,-0.00105858279857782,DOWN
2026-05-26,2026-05-27,3388.TWO,100.5,100.25985432229936,-0.002389509230852127,DOWN
2026-05-26,2026-05-27,3390.TWO,28.75,28.7418301625803,-0.0002841682580765337,DOWN
2026-05-26,2026-05-27,3402.TWO,154.0,154.0347564354597,0.0002256911393487826,UP
2026-05-26,2026-05-27,3406.TW,588.0,588.9370008786209,0.0015935389092192054,UP
2026-05-26,2026-05-27,3413.TW,346.0,345.95058404671727,-0.00014282067422755063,DOWN
2026-05-26,2026-05-27,3416.TW,188.0,187.88483312446624,-0.0006125897634774446,DOWN
2026-05-26,2026-05-27,3419.TW,13.850000381469728,13.856894698119858,0.0004977845819667462,UP
2026-05-26,2026-05-27,3426.TWO,47.75,47.74905622512915,-1.9764918761211447e-05,DOWN
2026-05-26,2026-05-27,3430.TWO,169.0,168.2078208103776,-0.00468745082616806,DOWN
2026-05-26,2026-05-27,3432.TW,19.350000381469727,19.314392834327894,-0.0018401832785456683,DOWN
2026-05-26,2026-05-27,3434.TWO,29.200000762939453,29.181321366621138,-0.0006397053366527113,DOWN
2026-05-26,2026-05-27,3437.TW,24.64999961853028,24.628926038521044,-0.0008549119811504897,DOWN
2026-05-26,2026-05-27,3438.TWO,69.0,68.7275598035194,-0.003948408644646406,DOWN
2026-05-26,2026-05-27,3441.TWO,55.900001525878906,55.614500642923744,-0.005107350181788269,DOWN
2026-05-26,2026-05-27,3443.TW,5285.0,5288.421211121313,0.0006473436369560659,UP
2026-05-26,2026-05-27,3444.TWO,107.0,107.05234973755432,0.000489249883685261,UP
2026-05-26,2026-05-27,3447.TW,37.29999923706055,37.261934328392144,-0.0010205069556833265,DOWN
2026-05-26,2026-05-27,3450.TW,530.0,526.1696999520063,-0.007226981222629547,DOWN
2026-05-26,2026-05-27,3455.TWO,271.5,270.6682668495923,-0.0030634738504886627,DOWN
2026-05-26,2026-05-27,3465.TWO,27.39999961853028,27.389692840403022,-0.00037615979090336216,DOWN
2026-05-26,2026-05-27,3466.TWO,33.650001525878906,33.734874292167284,0.002522221766412258,UP
2026-05-26,2026-05-27,3467.TWO,73.30000305175781,74.7693041481856,0.02004503458738327,UP
2026-05-26,2026-05-27,3479.TWO,134.0,133.66980108153075,-0.0024641710333526134,DOWN
2026-05-26,2026-05-27,3481.TW,45.70000076293945,45.51368196267646,-0.004076997749507505,DOWN
2026-05-26,2026-05-27,3483.TWO,98.4000015258789,98.2637164631214,-0.0013850107789039612,DOWN
2026-05-26,2026-05-27,3484.TWO,43.650001525878906,43.66731391525374,0.0003966182994191367,UP
2026-05-26,2026-05-27,3485.TWO,320.5,328.62829410657287,0.02536129206418991,UP
2026-05-26,2026-05-27,3489.TWO,21.89999961853028,21.910195001971392,0.00046554263099094417,UP
2026-05-26,2026-05-27,3490.TWO,41.70000076293945,41.68397668260518,-0.00038427050458275316,DOWN
2026-05-26,2026-05-27,3491.TWO,2075.0,2073.213392191974,-0.0008610158110968769,DOWN
2026-05-26,2026-05-27,3492.TWO,22.89999961853028,22.910027611385466,0.0004379036254250045,UP
2026-05-26,2026-05-27,3494.TW,8.119999885559082,8.12405226002091,0.0004990609013474589,UP
2026-05-26,2026-05-27,3498.TWO,155.0,154.95039026180166,-0.00032006282708607614,DOWN
2026-05-26,2026-05-27,3499.TWO,14.899999618530272,14.909748123319133,0.0006542620831169561,UP
2026-05-26,2026-05-27,3501.TW,40.20000076293945,40.23648977887917,0.000907686946447878,UP
2026-05-26,2026-05-27,3504.TW,80.30000305175781,80.16908688465618,-0.001630338258110009,DOWN
2026-05-26,2026-05-27,3508.TWO,21.350000381469727,22.063594309324685,0.03342360258102417,UP
2026-05-26,2026-05-27,3511.TWO,20.75,20.710859957704088,-0.0018862670985981822,DOWN
2026-05-26,2026-05-27,3512.TWO,20.450000762939453,20.4595303912317,0.00046599647612314746,UP
2026-05-26,2026-05-27,3515.TW,245.0,245.08555219857953,0.0003491926472634077,UP
2026-05-26,2026-05-27,3516.TWO,23.950000762939453,23.96907648853315,0.0007964812102726943,UP
2026-05-26,2026-05-27,3518.TW,36.0,35.83208680897951,-0.004664255306124687,DOWN
2026-05-26,2026-05-27,3520.TWO,14.949999809265137,14.964151402359025,0.0009465948678553401,UP
2026-05-26,2026-05-27,3521.TWO,12.550000190734863,12.576005923514609,0.002072169911116397,UP
2026-05-26,2026-05-27,3522.TWO,12.149999618530272,12.16011017271937,0.0008321444038302073,UP
2026-05-26,2026-05-27,3523.TWO,12.0,12.181507017463446,0.015125584788620472,UP
2026-05-26,2026-05-27,3526.TWO,377.0,377.86192766274326,0.002286280272528529,UP
2026-05-26,2026-05-27,3527.TWO,59.400001525878906,59.30472505117956,-0.0016039810143411758,DOWN
2026-05-26,2026-05-27,3528.TW,94.4000015258789,94.37612262464646,-0.0002529544581194112,DOWN
2026-05-26,2026-05-27,3529.TWO,3485.0,3491.420833581942,0.0018424199661239982,UP
2026-05-26,2026-05-27,3530.TW,70.69999694824219,70.66068975929223,-0.000555971579160579,DOWN
2026-05-26,2026-05-27,3531.TWO,22.75,22.784221938811243,0.0015042610466480255,UP
2026-05-26,2026-05-27,3532.TW,300.0,310.0597900338471,0.03353263344615698,UP
2026-05-26,2026-05-27,3533.TW,2640.0,2641.538095995784,0.000582612119615078,UP
2026-05-26,2026-05-27,3535.TW,128.5,128.61137977137696,0.0008667686488479376,UP
2026-05-26,2026-05-27,3537.TWO,69.0999984741211,67.58714817321909,-0.021893637254834175,DOWN
2026-05-26,2026-05-27,3540.TWO,26.450000762939453,26.43138702436851,-0.0007037330069578764,DOWN
2026-05-26,2026-05-27,3541.TWO,22.350000381469727,22.369636246108435,0.0008785621612332613,UP
2026-05-26,2026-05-27,3543.TW,35.75,35.75101995586465,2.853023397619836e-05,UP
2026-05-26,2026-05-27,3545.TW,60.900001525878906,60.84280245478607,-0.0009392293868585983,DOWN
2026-05-26,2026-05-27,3546.TWO,80.5999984741211,80.57437375906355,-0.0003179245104548444,DOWN
2026-05-26,2026-05-27,3548.TWO,99.5999984741211,99.51268675197964,-0.0008766237297095582,DOWN
2026-05-26,2026-05-27,3550.TW,20.39999961853028,20.368098319313056,-0.001563789206557008,DOWN
2026-05-26,2026-05-27,3551.TWO,202.5,202.50554516010197,2.738350667641498e-05,UP
2026-05-26,2026-05-27,3552.TWO,52.70000076293945,52.68357218868996,-0.00031173764728004643,DOWN
2026-05-26,2026-05-27,3555.TWO,242.5,242.38979020839906,-0.00045447336742654443,DOWN
2026-05-26,2026-05-27,3556.TWO,56.29999923706055,56.25461107080144,-0.0008061841363086745,DOWN
2026-05-26,2026-05-27,3557.TW,25.14999961853028,25.160217727625422,0.00040628665010449,UP
2026-05-26,2026-05-27,3558.TWO,135.0,134.72172884037718,-0.002061267849057913,DOWN
2026-05-26,2026-05-27,3563.TW,890.0,890.6075156730367,0.0006826018798165023,UP
2026-05-26,2026-05-27,3564.TWO,46.79999923706055,46.813409968852305,0.00028655410278593277,UP
2026-05-26,2026-05-27,3567.TWO,29.5,29.423613492050208,-0.0025893731508404016,DOWN
2026-05-26,2026-05-27,3570.TWO,172.0,172.0334823676385,0.0001946649281308055,UP
2026-05-26,2026-05-27,3576.TW,18.89999961853028,18.905359750391884,0.00028360486612648457,UP
2026-05-26,2026-05-27,3577.TWO,153.5,153.22556197928498,-0.0017878698417916894,DOWN
2026-05-26,2026-05-27,3580.TWO,113.0,113.5631058877334,0.004983237944543362,UP
2026-05-26,2026-05-27,3581.TWO,280.0,278.8097137399018,-0.004251022357493639,DOWN
2026-05-26,2026-05-27,3583.TW,908.0,909.3945157499984,0.0015358102973550558,UP
2026-05-26,2026-05-27,3587.TWO,338.0,338.09828719391953,0.0002907905145548284,UP
2026-05-26,2026-05-27,3588.TW,65.0999984741211,65.15190212427403,0.0007972911116667706,UP
2026-05-26,2026-05-27,3591.TW,25.89999961853028,25.8944528399896,-0.0002141613367712671,DOWN
2026-05-26,2026-05-27,3592.TW,284.5,284.81706497934647,0.0011144638992846012,UP
2026-05-26,2026-05-27,3593.TW,17.399999618530273,17.427746973160488,0.001594675588421562,UP
2026-05-26,2026-05-27,3594.TWO,52.900001525878906,52.91386501752539,0.0002620697778184429,UP
2026-05-26,2026-05-27,3596.TW,191.5,191.737051540229,0.0012378670508041978,UP
2026-05-26,2026-05-27,3597.TWO,28.25,28.259403107120306,0.000332853349391371,UP
2026-05-26,2026-05-27,3605.TW,81.69999694824219,81.70515889250746,6.31816947133804e-05,UP
2026-05-26,2026-05-27,3607.TW,15.149999618530272,15.152499866344058,0.00016503286315127475,UP
2026-05-26,2026-05-27,3609.TWO,29.600000381469727,29.628042965138377,0.0009473845711909422,UP
2026-05-26,2026-05-27,3611.TWO,188.0,188.04253044055076,0.00022622574761044234,UP
2026-05-26,2026-05-27,3615.TWO,51.0,50.92032480065245,-0.001562258810736239,DOWN
2026-05-26,2026-05-27,3617.TW,206.5,206.76424378727097,0.0012796309310942888,UP
2026-05-26,2026-05-27,3622.TW,58.5,58.55035486794077,0.0008607669733464718,UP
2026-05-26,2026-05-27,3623.TWO,23.5,23.495849571227154,-0.0001766139903338626,DOWN
2026-05-26,2026-05-27,3624.TWO,93.5,93.79774671490304,0.003184456843882799,UP
2026-05-26,2026-05-27,3625.TWO,14.5,14.4894242870796,-0.0007293595117516816,DOWN
2026-05-26,2026-05-27,3628.TWO,66.0999984741211,66.09524321344861,-7.194040517782837e-05,DOWN
2026-05-26,2026-05-27,3629.TWO,17.399999618530273,17.374740029051544,-0.0014517005765809715,DOWN
2026-05-26,2026-05-27,3630.TWO,27.0,26.97312191769015,-0.0009954845299944282,DOWN
2026-05-26,2026-05-27,3631.TWO,37.150001525878906,37.17541899578561,0.0006841848953626691,UP
2026-05-26,2026-05-27,3632.TWO,7.949999809265137,7.972032325151302,0.0027713857125490626,UP
2026-05-26,2026-05-27,3645.TW,117.5,117.48851905289484,-9.771018812898546e-05,DOWN
2026-05-26,2026-05-27,3646.TWO,23.39999961853028,23.40426391342805,0.00018223482766181322,UP
2026-05-26,2026-05-27,3652.TW,32.79999923706055,32.81772002024335,0.0005402677925303172,UP
2026-05-26,2026-05-27,3653.TW,3670.0,3697.307865321636,0.007440835237503052,UP
2026-05-26,2026-05-27,3661.TW,4640.0,4633.599650319666,-0.0013793857069686055,DOWN
2026-05-26,2026-05-27,3663.TWO,91.4000015258789,91.32941737980325,-0.0007722554146312032,DOWN
2026-05-26,2026-05-27,3664.TWO,8.239999771118164,8.20238345023423,-0.004565087612718451,DOWN
2026-05-26,2026-05-27,3665.TW,2265.0,2280.8472482766956,0.006996577605605125,UP
2026-05-26,2026-05-27,3666.TWO,28.799999237060547,28.815207378535916,0.0005280604818836008,UP
2026-05-26,2026-05-27,3669.TW,38.84999847412109,38.79616257203895,-0.0013857375597581042,DOWN
2026-05-26,2026-05-27,3672.TWO,11.0,11.004085958062205,0.0003714507329277694,UP
2026-05-26,2026-05-27,3673.TW,87.4000015258789,92.07633996742089,0.05350501555949441,UP
2026-05-26,2026-05-27,3675.TWO,334.0,334.2285252594156,0.0006842073635198176,UP
2026-05-26,2026-05-27,3679.TW,121.0,121.05302047671285,0.0004381857579573989,UP
2026-05-26,2026-05-27,3680.TWO,589.0,589.43342745275,0.0007358700386248529,UP
2026-05-26,2026-05-27,3684.TWO,60.09999847412109,60.16108670466081,0.0010164431296288377,UP
2026-05-26,2026-05-27,3685.TWO,28.5,28.47037209343398,-0.0010395756689831614,DOWN
2026-05-26,2026-05-27,3686.TW,17.5,17.490674974542344,-0.0005328585975803435,DOWN
2026-05-26,2026-05-27,3687.TWO,67.19999694824219,67.2027631204716,4.116327909277483e-05,UP
2026-05-26,2026-05-27,3689.TWO,124.5,124.4207820831507,-0.0006362884887494147,DOWN
2026-05-26,2026-05-27,3691.TWO,157.0,157.98507053544745,0.006274334620684385,UP
2026-05-26,2026-05-27,3693.TWO,603.0,603.5648974741925,0.0009368117316626012,UP
2026-05-26,2026-05-27,3694.TW,70.19999694824219,70.0783779598325,-0.001732464297674571,DOWN
2026-05-26,2026-05-27,3701.TW,57.09999847412109,57.03266402127413,-0.0011792373843490457,DOWN
2026-05-26,2026-05-27,3702.TW,121.5,121.29502873134334,-0.001687006326392293,DOWN
2026-05-26,2026-05-27,3703.TW,20.39999961853028,20.40821906716793,0.0004029141564387092,UP
2026-05-26,2026-05-27,3704.TW,45.25,45.31130806935835,0.0013548744609579444,UP
2026-05-26,2026-05-27,3705.TW,55.70000076293945,55.731628624887826,0.0005678251618519984,UP
2026-05-26,2026-05-27,3706.TW,87.4000015258789,87.41928269807151,0.00022060837363826788,UP
2026-05-26,2026-05-27,3707.TWO,82.9000015258789,82.6825941628574,-0.0026225254405289676,DOWN
2026-05-26,2026-05-27,3708.TW,131.5,131.53317532979418,0.0002522838767617941,UP
2026-05-26,2026-05-27,3709.TWO,89.4000015258789,89.25105488954141,-0.0016660697292536697,DOWN
2026-05-26,2026-05-27,3710.TWO,6.099999904632568,6.109398278714838,0.001540717086754803,UP
2026-05-26,2026-05-27,3711.TW,611.0,613.5117304441519,0.004110851790755987,UP
2026-05-26,2026-05-27,3712.TW,16.149999618530273,16.17710955649375,0.0016786339692770884,UP
2026-05-26,2026-05-27,3713.TWO,14.199999809265137,14.292829072253003,0.006537272129207881,UP
2026-05-26,2026-05-27,3714.TW,79.4000015258789,79.14216087807857,-0.003247363260015778,DOWN
2026-05-26,2026-05-27,3715.TW,186.0,186.2020439626649,0.0010862578637897968,UP
2026-05-26,2026-05-27,3716.TW,34.29999923706055,34.32327000316625,0.0006784480065107346,UP
2026-05-26,2026-05-27,3717.TW,22.450000762939453,22.450771718644145,3.434101017779214e-05,UP
2026-05-26,2026-05-27,4102.TWO,17.149999618530273,17.1743639839516,0.00142066273838292,UP
2026-05-26,2026-05-27,4104.TW,70.0,69.96779760956997,-0.00046003414900042117,DOWN
2026-05-26,2026-05-27,4105.TWO,73.9000015258789,73.92125040933534,0.00028753562946809576,UP
2026-05-26,2026-05-27,4106.TW,23.450000762939453,23.455593585663944,0.00023849989520384915,UP
2026-05-26,2026-05-27,4107.TWO,115.0,115.10240520728985,0.0008904800633899868,UP
2026-05-26,2026-05-27,4108.TW,12.25,12.234533334558364,-0.0012625849340111017,DOWN
2026-05-26,2026-05-27,4109.TWO,11.25,11.259607892716303,0.0008540349081158638,UP
2026-05-26,2026-05-27,4111.TWO,29.799999237060547,29.819413435660586,0.0006514831911772191,UP
2026-05-26,2026-05-27,4113.TWO,14.649999618530272,14.656134043890388,0.00041873211739590116,UP
2026-05-26,2026-05-27,4114.TWO,30.350000381469727,30.377348052891048,0.0009010764770210082,UP
2026-05-26,2026-05-27,4116.TWO,38.04999923706055,38.056457443062406,0.00016972946468732532,UP
2026-05-26,2026-05-27,4119.TW,41.29999923706055,41.31630531129049,0.0003948202065658335,UP
2026-05-26,2026-05-27,4120.TWO,44.79999923706055,44.82367462102983,0.0005284684011712769,UP
2026-05-26,2026-05-27,4121.TWO,14.399999618530272,14.38771731522806,-0.0008529377519153291,DOWN
2026-05-26,2026-05-27,4123.TWO,37.70000076293945,37.69147184141677,-0.00022623133554592684,DOWN
2026-05-26,2026-05-27,4126.TWO,79.0,78.97563343474758,-0.0003084375348407775,DOWN
2026-05-26,2026-05-27,4127.TWO,68.0999984741211,67.84782252913996,-0.003703024238348007,DOWN
2026-05-26,2026-05-27,4128.TWO,14.5,14.521339908707887,0.0014717178419232368,UP
2026-05-26,2026-05-27,4129.TWO,90.3000030517578,90.3191247893513,0.0002117578842444567,UP
2026-05-26,2026-05-27,4130.TWO,25.799999237060547,25.832447266154656,0.0012576755834743897,UP
2026-05-26,2026-05-27,4131.TWO,34.400001525878906,34.42870173977402,0.0008343085064552337,UP
2026-05-26,2026-05-27,4133.TW,20.850000381469727,20.87352389025001,0.0011282258201390292,UP
2026-05-26,2026-05-27,4137.TW,103.0,103.02610452956287,0.00025344203459098935,UP
2026-05-26,2026-05-27,4138.TWO,50.59999847412109,50.59205492957933,-0.00015698705101390104,DOWN
2026-05-26,2026-05-27,4139.TWO,23.89999961853028,23.857395210447876,-0.0017826112452893885,DOWN
2026-05-26,2026-05-27,4142.TW,17.200000762939453,17.206667788296507,0.00038761773612352806,UP
2026-05-26,2026-05-27,4147.TWO,48.75,48.760160770580114,0.00020842606318183243,UP
2026-05-26,2026-05-27,4148.TW,32.04999923706055,32.107144705167144,0.001783009967766799,UP
2026-05-26,2026-05-27,4153.TWO,30.600000381469727,30.594240571053025,-0.0001882290962385077,DOWN
2026-05-26,2026-05-27,4154.TWO,13.600000381469728,13.618244514008493,0.0013414802961052115,UP
2026-05-26,2026-05-27,4155.TW,14.899999618530272,14.905144491409711,0.00034529349068177493,UP
2026-05-26,2026-05-27,4157.TWO,9.029999732971191,9.040514193345928,0.0011643921025096878,UP
2026-05-26,2026-05-27,4160.TWO,40.70000076293945,40.705739103413244,0.00014099116378925782,UP
2026-05-26,2026-05-27,4161.TWO,23.200000762939453,23.19664714387067,-0.00014455254131455966,DOWN
2026-05-26,2026-05-27,4162.TWO,54.79999923706055,54.84792747400564,0.0008746028761379381,UP
2026-05-26,2026-05-27,4163.TWO,105.5,105.65820043196436,0.0014995301607996225,UP
2026-05-26,2026-05-27,4164.TW,28.049999237060547,28.042021908376928,-0.0002843967522494416,DOWN
2026-05-26,2026-05-27,4166.TWO,23.75,23.790108019748004,0.0016887587262317538,UP
2026-05-26,2026-05-27,4167.TWO,18.850000381469727,18.854229338566526,0.00022434785205398286,UP
2026-05-26,2026-05-27,4168.TWO,28.299999237060547,28.318388006614008,0.0006497798603958832,UP
2026-05-26,2026-05-27,4171.TWO,18.14999961853028,18.1507431877086,4.096799966648421e-05,UP
2026-05-26,2026-05-27,4173.TWO,18.25,18.25653260218678,0.00035795080475509167,UP
2026-05-26,2026-05-27,4174.TWO,29.450000762939453,29.548862980958088,0.0033569512888789177,UP
2026-05-26,2026-05-27,4175.TWO,53.29999923706055,53.309177733574636,0.00017220443987749388,UP
2026-05-26,2026-05-27,4178.TW,18.89999961853028,18.89054197020477,-0.0005004046834074605,DOWN
2026-05-26,2026-05-27,4183.TWO,13.100000381469728,13.104748836452233,0.0003624774690252009,UP
2026-05-26,2026-05-27,4188.TWO,11.199999809265137,11.207629616242352,0.000681232777424127,UP
2026-05-26,2026-05-27,4190.TW,24.75,24.761442760536738,0.0004623337590601295,UP
2026-05-26,2026-05-27,4198.TWO,39.900001525878906,39.81055771277957,-0.002241699490696103,DOWN
2026-05-26,2026-05-27,4205.TWO,72.5999984741211,72.60537357087941,7.403714698740879e-05,UP
2026-05-26,2026-05-27,4207.TWO,19.350000381469727,19.35178801327379,9.238407074014305e-05,UP
2026-05-26,2026-05-27,4303.TWO,49.400001525878906,49.408435711594976,0.00017073249910024992,UP
2026-05-26,2026-05-27,4304.TWO,27.14999961853028,27.273649193308838,0.004554312210530009,UP
2026-05-26,2026-05-27,4305.TWO,44.0,44.00426586865797,9.695156040834263e-05,UP
2026-05-26,2026-05-27,4306.TW,13.649999618530272,13.670286222870928,0.0014861981617286316,UP
2026-05-26,2026-05-27,4401.TWO,13.75,13.764920339453965,0.001085115596652031,UP
2026-05-26,2026-05-27,4402.TWO,11.699999809265137,11.709938126972212,0.0008494288777000491,UP
2026-05-26,2026-05-27,4406.TWO,10.0,10.004568877920974,0.0004568877920974046,UP
2026-05-26,2026-05-27,4413.TWO,17.0,17.034899346064776,0.0020529027096927166,UP
2026-05-26,2026-05-27,4414.TW,7.860000133514404,7.882352299418008,0.0028437869623303977,UP
2026-05-26,2026-05-27,4416.TWO,11.100000381469728,10.954344597016622,-0.013122142292559145,DOWN
2026-05-26,2026-05-27,4417.TWO,44.900001525878906,44.90664897663845,0.00014805012324360504,UP
2026-05-26,2026-05-27,4419.TWO,45.25,45.263809729563945,0.00030518739367835224,UP
2026-05-26,2026-05-27,4420.TWO,38.79999923706055,38.83223757531432,0.0008308850228786469,UP
2026-05-26,2026-05-27,4426.TW,7.539999961853027,7.548138984181719,0.001079445937648445,UP
2026-05-26,2026-05-27,4430.TWO,16.799999237060547,16.80889394508328,0.0005294469301588966,UP
2026-05-26,2026-05-27,4432.TWO,17.100000381469727,17.099520604359924,-2.805714029822669e-05,DOWN
2026-05-26,2026-05-27,4433.TWO,20.799999237060547,20.806063246970226,0.00029153894865890717,UP
2026-05-26,2026-05-27,4438.TW,58.20000076293945,58.20570295016277,9.797572420213179e-05,UP
2026-05-26,2026-05-27,4439.TW,92.5999984741211,92.6457706515469,0.0004942999803460606,UP
2026-05-26,2026-05-27,4440.TW,18.0,18.01046517805662,0.0005813987809233367,UP
2026-05-26,2026-05-27,4441.TW,203.0,203.09573154101963,0.000471583945909515,UP
2026-05-26,2026-05-27,4442.TWO,51.0,51.00362378019781,7.105451368261129e-05,UP
2026-05-26,2026-05-27,4502.TWO,15.800000190734863,15.802720174811205,0.00017215088882949642,UP
2026-05-26,2026-05-27,4503.TWO,41.75,41.85893392824801,0.002609195886179805,UP
2026-05-26,2026-05-27,4506.TWO,118.0,118.01059011358302,8.974672527983785e-05,UP
2026-05-26,2026-05-27,4510.TWO,51.900001525878906,51.93398911997018,0.0006548669189214706,UP
2026-05-26,2026-05-27,4513.TWO,14.199999809265137,14.216151681534992,0.0011374558089301224,UP
2026-05-26,2026-05-27,4523.TWO,28.700000762939453,28.676441783652447,-0.0008208703366108781,DOWN
2026-05-26,2026-05-27,4526.TW,44.34999847412109,45.389278003299985,0.02343358658254147,UP
2026-05-26,2026-05-27,4527.TWO,44.20000076293945,44.23076897536661,0.0006961133913136366,UP
2026-05-26,2026-05-27,4528.TWO,15.5,15.524671324936207,0.0015916983829811215,UP
2026-05-26,2026-05-27,4529.TWO,5.079999923706055,5.1387898680306545,0.011572823859751225,UP
2026-05-26,2026-05-27,4530.TWO,25.5,25.50613965636876,0.0002407708379905671,UP
2026-05-26,2026-05-27,4532.TW,23.64999961853028,23.654313931322662,0.00018242337682749482,UP
2026-05-26,2026-05-27,4533.TWO,34.25,34.271779487651656,0.000635897449683398,UP
2026-05-26,2026-05-27,4534.TWO,26.600000381469727,26.374329363112345,-0.008483872748911315,DOWN
2026-05-26,2026-05-27,4535.TWO,27.299999237060547,27.30476672721043,0.00017463334370399603,UP
2026-05-26,2026-05-27,4536.TW,159.5,159.47286722565332,-0.00017011143791023642,DOWN
2026-05-26,2026-05-27,4538.TWO,18.64999961853028,18.65717680909165,0.00038483596290462597,UP
2026-05-26,2026-05-27,4540.TW,71.80000305175781,71.7051775785837,-0.0013206889852881432,DOWN
2026-05-26,2026-05-27,4541.TWO,43.75,43.74410471837109,-0.00013474929437506944,DOWN
2026-05-26,2026-05-27,4542.TWO,276.0,275.4699915256351,-0.0019203205592930317,DOWN
2026-05-26,2026-05-27,4543.TWO,39.20000076293945,39.20576682519913,0.00014709342212884866,UP
2026-05-26,2026-05-27,4545.TW,33.20000076293945,33.21188041950169,0.00035782097256748104,UP
2026-05-26,2026-05-27,4549.TWO,107.0,107.1265647864202,0.0011828484712168574,UP
2026-05-26,2026-05-27,4550.TWO,24.700000762939453,24.702472287126092,0.00010006170487035836,UP
2026-05-26,2026-05-27,4551.TW,156.0,155.78024632064626,-0.001408677431754768,DOWN
2026-05-26,2026-05-27,4552.TW,20.0,20.011222733883187,0.0005611366941593587,UP
2026-05-26,2026-05-27,4554.TWO,30.89999961853028,30.881873195399795,-0.0005866156425327492,DOWN
2026-05-26,2026-05-27,4555.TW,56.20000076293945,55.68905116985751,-0.009091629646718564,DOWN
2026-05-26,2026-05-27,4556.TWO,39.79999923706055,39.77897094657675,-0.0005283490172587056,DOWN
2026-05-26,2026-05-27,4557.TW,44.650001525878906,44.73089178429168,0.0018116518622264466,UP
2026-05-26,2026-05-27,4558.TWO,20.0,20.01034021610394,0.0005170108051970601,UP
2026-05-26,2026-05-27,4560.TW,32.5,32.51928793586558,0.0005934749497100711,UP
2026-05-26,2026-05-27,4561.TWO,50.0,49.84509435016662,-0.0030981129966676235,DOWN
2026-05-26,2026-05-27,4562.TW,42.900001525878906,42.95371774097577,0.0012521261814981285,UP
2026-05-26,2026-05-27,4563.TWO,50.20000076293945,50.11584233960755,-0.0016764625906944275,DOWN
2026-05-26,2026-05-27,4564.TW,15.649999618530272,15.673211009310323,0.001483155996538713,UP
2026-05-26,2026-05-27,4566.TW,63.5,63.40430999774253,-0.001506929169408977,DOWN
2026-05-26,2026-05-27,4568.TWO,40.400001525878906,40.4256389059729,0.0006345885922200868,UP
2026-05-26,2026-05-27,4569.TW,187.5,187.22480192809599,-0.0014677230501547456,DOWN
2026-05-26,2026-05-27,4571.TW,224.0,224.25131168588996,0.0011219271691516042,UP
2026-05-26,2026-05-27,4572.TW,143.0,143.0317144327273,0.00022177924984134734,UP
2026-05-26,2026-05-27,4576.TW,284.5,285.51172434713226,0.003556148847565055,UP
2026-05-26,2026-05-27,4577.TWO,136.5,136.348526385671,-0.00110969680827111,DOWN
2026-05-26,2026-05-27,4580.TWO,82.9000015258789,82.9030029434692,3.620527786553481e-05,UP
2026-05-26,2026-05-27,4581.TW,50.09999847412109,50.11638866761489,0.0003271495806985224,UP
2026-05-26,2026-05-27,4583.TW,725.0,725.2165201767639,0.00029864851967431605,UP
2026-05-26,2026-05-27,4584.TWO,43.09999847412109,43.07114923033203,-0.0006693560280837635,DOWN
2026-05-26,2026-05-27,4585.TW,360.5,361.3026506744791,0.0022264928556978703,UP
2026-05-26,2026-05-27,4588.TW,55.29999923706055,55.315847143318024,0.000286580587271621,UP
2026-05-26,2026-05-27,4590.TW,72.4000015258789,72.40848404291734,0.00011716183507811936,UP
2026-05-26,2026-05-27,4609.TWO,5.75,5.716972867725417,-0.005743849091231823,DOWN
2026-05-26,2026-05-27,4702.TWO,9.850000381469728,9.855102182720698,0.0005179493455215611,UP
2026-05-26,2026-05-27,4706.TWO,31.0,31.02078910113778,0.0006706161657348275,UP
2026-05-26,2026-05-27,4707.TWO,14.649999618530272,14.657746058384342,0.0005287672393023362,UP
2026-05-26,2026-05-27,4711.TWO,16.950000762939453,16.959539419888525,0.0005627525970339775,UP
2026-05-26,2026-05-27,4714.TWO,14.300000190734863,14.279694944791677,-0.0014199472498148836,DOWN
2026-05-26,2026-05-27,4716.TWO,15.050000190734863,15.049439775335296,-3.723690315381587e-05,DOWN
2026-05-26,2026-05-27,4720.TW,24.799999237060547,24.78758871193039,-0.0005004244158044636,DOWN
2026-05-26,2026-05-27,4721.TWO,92.0999984741211,92.16778733394489,0.0007360354065895081,UP
2026-05-26,2026-05-27,4722.TW,275.5,274.97895548690576,-0.0018912686500698328,DOWN
2026-05-26,2026-05-27,4726.TWO,27.450000762939453,27.467465607396406,0.0006362420390360139,UP
2026-05-26,2026-05-27,4729.TWO,23.950000762939453,23.98096423442158,0.0012928380165248738,UP
2026-05-26,2026-05-27,4735.TWO,31.0,31.012147606699727,0.0003918582806363702,UP
2026-05-26,2026-05-27,4736.TW,122.5,122.53670859172416,0.00029966197325848043,UP
2026-05-26,2026-05-27,4737.TW,58.5,58.49844930254949,-2.6507648726692423e-05,DOWN
2026-05-26,2026-05-27,4739.TW,105.0,104.81617964745965,-0.0017506700241938233,DOWN
2026-05-26,2026-05-27,4741.TWO,63.5,63.28166888223495,-0.003438285319134593,DOWN
2026-05-26,2026-05-27,4743.TWO,50.70000076293945,50.66013586034497,-0.0007862899801694076,DOWN
2026-05-26,2026-05-27,4744.TWO,34.5,34.486144210532075,-0.00040161708602681756,DOWN
2026-05-26,2026-05-27,4745.TWO,16.399999618530273,16.424385526861016,0.0014869456645102122,UP
2026-05-26,2026-05-27,4746.TW,51.20000076293945,51.19597662308776,-7.859648030722022e-05,DOWN
2026-05-26,2026-05-27,4747.TWO,56.79999923706055,56.80071492312039,1.2600106856593687e-05,UP
2026-05-26,2026-05-27,4749.TWO,1140.0,1141.7932819621637,0.001573054352775216,UP
2026-05-26,2026-05-27,4754.TWO,38.0,38.01688911247766,0.00044445032835938036,UP
2026-05-26,2026-05-27,4755.TW,155.5,155.6481579710089,0.000952784379478544,UP
2026-05-26,2026-05-27,4760.TWO,395.5,396.7222266859608,0.0030903329607099295,UP
2026-05-26,2026-05-27,4763.TW,41.900001525878906,41.89280078140698,-0.00017185547039839325,DOWN
2026-05-26,2026-05-27,4764.TW,338.0,336.8451106813736,-0.0034168323036283255,DOWN
2026-05-26,2026-05-27,4766.TW,375.0,374.8886433277221,-0.0002969511260744184,DOWN
2026-05-26,2026-05-27,4767.TWO,26.64999961853028,26.645247772625222,-0.00017830566503102544,DOWN
2026-05-26,2026-05-27,4768.TWO,496.5,498.0529771253932,0.003127849195152521,UP
2026-05-26,2026-05-27,4770.TW,266.0,265.7582201840123,-0.0009089466766454279,DOWN
2026-05-26,2026-05-27,4771.TW,199.5,199.64544939270127,0.0007290696376003325,UP
2026-05-26,2026-05-27,4772.TWO,303.0,302.80107088998193,-0.0006565317162312567,DOWN
2026-05-26,2026-05-27,4806.TWO,9.979999542236328,9.988771189793937,0.0008789226412773132,UP
2026-05-26,2026-05-27,4807.TW,23.350000381469727,23.277800173529872,-0.0030920859426259995,DOWN
2026-05-26,2026-05-27,4903.TWO,46.75,46.71597537936759,-0.0007277993718162179,DOWN
2026-05-26,2026-05-27,4904.TW,94.0,94.04672845068853,0.0004971111775375903,UP
2026-05-26,2026-05-27,4905.TWO,81.0999984741211,81.1912696455313,0.0011254152050241717,UP
2026-05-26,2026-05-27,4906.TW,42.84999847412109,42.78522953482017,-0.0015115272253751757,DOWN
2026-05-26,2026-05-27,4907.TWO,37.0,37.02129294711631,0.0005754850571975112,UP
2026-05-26,2026-05-27,4908.TWO,286.5,285.91603451035917,-0.002038273960351944,DOWN
2026-05-26,2026-05-27,4909.TWO,55.400001525878906,55.287807787379236,-0.0020251576788722827,DOWN
2026-05-26,2026-05-27,4911.TWO,31.799999237060547,31.8001452235721,4.590770913644008e-06,UP
2026-05-26,2026-05-27,4912.TW,106.5,106.34173509600805,-0.0014860554365441203,DOWN
2026-05-26,2026-05-27,4915.TW,72.4000015258789,72.4032604707757,4.501305011208857e-05,UP
2026-05-26,2026-05-27,4916.TW,100.5,100.53855107567506,0.0003835927927866578,UP
2026-05-26,2026-05-27,4919.TW,211.0,206.16688710078597,-0.022905748337507248,DOWN
2026-05-26,2026-05-27,4923.TWO,45.150001525878906,47.501174875385324,0.05207471251487735,UP
2026-05-26,2026-05-27,4924.TWO,12.300000190734863,12.269147334095358,-0.002508362289518154,DOWN
2026-05-26,2026-05-27,4927.TW,61.20000076293945,60.66746328405259,-0.008701592683792114,DOWN
2026-05-26,2026-05-27,4930.TW,18.200000762939453,18.18668632599358,-0.0007315624388865272,DOWN
2026-05-26,2026-05-27,4931.TWO,215.0,214.68720638251398,-0.001454854034818709,DOWN
2026-05-26,2026-05-27,4933.TWO,73.80000305175781,73.74222428442171,-0.0007829100941307722,DOWN
2026-05-26,2026-05-27,4934.TW,17.649999618530273,17.6580429412738,0.00045571234659294634,UP
2026-05-26,2026-05-27,4935.TW,37.150001525878906,37.1360307397578,-0.0003760642139240382,DOWN
2026-05-26,2026-05-27,4938.TW,81.4000015258789,81.40551041065186,6.76767158437872e-05,UP
2026-05-26,2026-05-27,4939.TWO,43.59999847412109,44.88038451809964,0.029366653412580494,UP
2026-05-26,2026-05-27,4942.TW,38.04999923706055,38.01480604418164,-0.0009249196737073536,DOWN
2026-05-26,2026-05-27,4943.TW,8.9399995803833,8.944476050226385,0.0005007237195968628,UP
2026-05-26,2026-05-27,4946.TWO,103.0,103.09962237655418,0.0009672075393609703,UP
2026-05-26,2026-05-27,4949.TW,105.0,104.73707672674209,-0.0025040311738848686,DOWN
2026-05-26,2026-05-27,4950.TWO,17.0,16.992975820612628,-0.0004131870227865875,DOWN
2026-05-26,2026-05-27,4951.TWO,134.5,134.55163654810167,0.000383914855774492,UP
2026-05-26,2026-05-27,4952.TW,55.0,55.06610440148506,0.0012018982088193297,UP
2026-05-26,2026-05-27,4953.TWO,122.0,121.98848715651548,-9.436756954528391e-05,DOWN
2026-05-26,2026-05-27,4956.TW,49.95000076293945,49.810938169254754,-0.002784035867080039,DOWN
2026-05-26,2026-05-27,4958.TW,540.0,534.441340751946,-0.010293813422322273,DOWN
2026-05-26,2026-05-27,4960.TW,34.25,34.24182248907164,-0.00023875944316387177,DOWN
2026-05-26,2026-05-27,4961.TW,174.5,174.27763315994525,-0.0012743085389956832,DOWN
2026-05-26,2026-05-27,4966.TWO,807.0,808.138036871329,0.0014102067798376083,UP
2026-05-26,2026-05-27,4967.TW,271.0,270.9180669823254,-0.0003023358585778624,DOWN
2026-05-26,2026-05-27,4968.TW,119.0,118.82328322494868,-0.0014850149163976312,DOWN
2026-05-26,2026-05-27,4971.TWO,765.0,770.0189551035874,0.006560725625604391,UP
2026-05-26,2026-05-27,4972.TWO,16.399999618530273,16.41850151730506,0.0011281645856797153,UP
2026-05-26,2026-05-27,4973.TWO,126.5,126.70353620621609,0.0016089818673208356,UP
2026-05-26,2026-05-27,4974.TWO,76.5,76.5318325135595,0.0004161112883593887,UP
2026-05-26,2026-05-27,4976.TW,32.20000076293945,32.16544022771599,-0.0010733085218817824,DOWN
2026-05-26,2026-05-27,4977.TW,235.5,236.09127207670826,0.0025107094552367926,UP
2026-05-26,2026-05-27,4979.TWO,680.0,682.469714526087,0.0036319331265985966,UP
2026-05-26,2026-05-27,4989.TW,102.0,101.96661723271245,-0.00032728203223086894,DOWN
2026-05-26,2026-05-27,4991.TWO,870.0,873.0846610525623,0.0035455874167382717,UP
2026-05-26,2026-05-27,4994.TW,91.9000015258789,91.97510902159406,0.0008172741509042149,UP
2026-05-26,2026-05-27,4995.TWO,47.650001525878906,47.64556513619736,-9.310366294814508e-05,DOWN
2026-05-26,2026-05-27,4999.TW,19.64999961853028,19.657652125527843,0.00038944056723267957,UP
2026-05-26,2026-05-27,5007.TW,57.0,57.0236637534108,0.000415153568610549,UP
2026-05-26,2026-05-27,5009.TWO,35.79999923706055,35.7987367989779,-3.526363434502932e-05,DOWN
2026-05-26,2026-05-27,5011.TWO,19.450000762939453,20.051556414357826,0.03092830991372468,UP
2026-05-26,2026-05-27,5013.TWO,28.450000762939453,28.35966561941789,-0.0031752246432006984,DOWN
2026-05-26,2026-05-27,5014.TWO,10.949999809265137,10.933472090234627,-0.0015093807596713508,DOWN
2026-05-26,2026-05-27,5015.TWO,24.75,24.703781129268464,-0.001867429120466113,DOWN
2026-05-26,2026-05-27,5016.TWO,26.850000381469727,26.78355972778419,-0.0024745122063904836,DOWN
2026-05-26,2026-05-27,5201.TWO,28.39999961853028,28.422146253991496,0.0007798111182637237,UP
2026-05-26,2026-05-27,5202.TWO,11.649999618530272,11.661637997094827,0.0009990024846046784,UP
2026-05-26,2026-05-27,5203.TW,65.69999694824219,65.70403918041625,6.152560672479618e-05,UP
2026-05-26,2026-05-27,5205.TWO,23.850000381469727,23.83333097423715,-0.0006989269168116292,DOWN
2026-05-26,2026-05-27,5206.TWO,21.950000762939453,21.979377671770173,0.0013383557088672306,UP
2026-05-26,2026-05-27,5209.TWO,169.0,168.9604584575718,-0.0002339736238354817,DOWN
2026-05-26,2026-05-27,5210.TWO,26.64999961853028,26.66151221827569,0.0004319924919399884,UP
2026-05-26,2026-05-27,5211.TWO,18.0,18.01437064516358,0.0007983691757544875,UP
2026-05-26,2026-05-27,5212.TWO,46.150001525878906,46.160789411299795,0.0002337569894735492,UP
2026-05-26,2026-05-27,5213.TWO,26.14999961853028,26.15053679915108,2.0542280253763587e-05,UP
2026-05-26,2026-05-27,5215.TW,47.25,47.29081954181311,0.0008639056468382478,UP
2026-05-26,2026-05-27,5220.TWO,23.5,23.465611605439335,-0.0014633359387516975,DOWN
2026-05-26,2026-05-27,5222.TW,125.0,124.93527207698207,-0.0005178233841434121,DOWN
2026-05-26,2026-05-27,5223.TWO,26.049999237060547,25.980941928221526,-0.002650952432304689,DOWN
2026-05-26,2026-05-27,5225.TW,71.30000305175781,71.30891337162915,0.00012496941781145547,UP
2026-05-26,2026-05-27,5227.TWO,24.600000381469727,24.60105417088959,4.283696762286352e-05,UP
2026-05-26,2026-05-27,5228.TWO,54.900001525878906,54.91580131698541,0.00028779217973345006,UP
2026-05-26,2026-05-27,5230.TWO,16.899999618530273,16.905276971819898,0.00031226943247017615,UP
2026-05-26,2026-05-27,5234.TW,439.0,438.71418344957056,-0.000651062757242471,DOWN
2026-05-26,2026-05-27,5236.TWO,185.5,185.43689641995297,-0.00034018102451227605,DOWN
2026-05-26,2026-05-27,5243.TW,132.0,131.72811689972878,-0.002059720456600189,DOWN
2026-05-26,2026-05-27,5244.TW,40.20000076293945,40.12765428770866,-0.0017996635288000107,DOWN
2026-05-26,2026-05-27,5245.TWO,26.299999237060547,26.287761921097918,-0.0004652971983887002,DOWN
2026-05-26,2026-05-27,5251.TWO,27.5,27.50279476680589,0.00010162788385059685,UP
2026-05-26,2026-05-27,5258.TW,57.0,57.03591575450264,0.0006301009561866522,UP
2026-05-26,2026-05-27,5263.TWO,108.0,107.99087186384713,-8.451977919321507e-05,DOWN
2026-05-26,2026-05-27,5269.TW,1545.0,1550.9031331061851,0.0038207981269806623,UP
2026-05-26,2026-05-27,5272.TWO,22.549999237060547,22.548869831421158,-5.008450898451419e-05,DOWN
2026-05-26,2026-05-27,5274.TWO,17240.0,17238.566963133926,-8.312278805533424e-05,DOWN
2026-05-26,2026-05-27,5276.TWO,19.64999961853028,19.619861804900665,-0.0015337310032919609,DOWN
2026-05-26,2026-05-27,5278.TWO,22.850000381469727,22.89214481480812,0.0018443953013046895,UP
2026-05-26,2026-05-27,5283.TW,52.20000076293945,52.22993084572461,0.0005733732250518714,UP
2026-05-26,2026-05-27,5284.TW,402.0,402.20021937950514,0.0004980581579729915,UP
2026-05-26,2026-05-27,5285.TW,89.5999984741211,91.33986853974427,0.01941819302737713,UP
2026-05-26,2026-05-27,5287.TWO,149.5,149.48351628991077,-0.00011025893036276102,DOWN
2026-05-26,2026-05-27,5288.TW,153.5,153.49077366895472,-6.010639117448591e-05,DOWN
2026-05-26,2026-05-27,5289.TWO,1690.0,1695.9037154610269,0.0034933227580040693,UP
2026-05-26,2026-05-27,5291.TWO,74.69999694824219,74.57369755369403,-0.0016907550161704183,DOWN
2026-05-26,2026-05-27,5292.TW,223.0,223.09343603701564,0.0004189956816844642,UP
2026-05-26,2026-05-27,5299.TWO,127.5,129.70408122986555,0.017286911606788635,UP
2026-05-26,2026-05-27,5301.TWO,6.730000019073486,6.748702740654735,0.002779007656499694,UP
2026-05-26,2026-05-27,5302.TWO,10.199999809265137,10.2092972974417,0.0009115184657275241,UP
2026-05-26,2026-05-27,5306.TW,82.9000015258789,82.87574546422576,-0.00029259422444733894,DOWN
2026-05-26,2026-05-27,5309.TWO,68.0,67.94297564052977,-0.0008385935216210783,DOWN
2026-05-26,2026-05-27,5310.TWO,23.600000381469727,23.604246469067824,0.0001799189631128907,UP
2026-05-26,2026-05-27,5312.TWO,94.5999984741211,94.62353604978286,0.0002488115860615137,UP
2026-05-26,2026-05-27,5314.TWO,63.0,63.03830577316694,0.000608028145506978,UP
2026-05-26,2026-05-27,5315.TWO,22.100000381469727,22.076145647229048,-0.0010793997207656403,DOWN
2026-05-26,2026-05-27,5321.TWO,47.0,49.81017985399812,0.05979106072336429,UP
2026-05-26,2026-05-27,5324.TWO,11.949999809265137,11.958604629348875,0.000720068637747285,UP
2026-05-26,2026-05-27,5328.TWO,35.29999923706055,35.16112867302517,-0.003934010397642801,DOWN
2026-05-26,2026-05-27,5340.TWO,108.0,108.0525993645424,0.0004870311531703919,UP
2026-05-26,2026-05-27,5344.TWO,15.600000381469728,15.606063253371223,0.0003886456252075945,UP
2026-05-26,2026-05-27,5345.TWO,18.950000762939453,19.01170560316413,0.00325619196519265,UP
2026-05-26,2026-05-27,5347.TWO,165.0,164.57771172747016,-0.002559322863817215,DOWN
2026-05-26,2026-05-27,5348.TWO,16.0,16.066317677497864,0.004144854843616486,UP
2026-05-26,2026-05-27,5351.TWO,82.19999694824219,82.25028043766088,0.0006117213051765725,UP
2026-05-26,2026-05-27,5353.TWO,26.5,26.46600579720689,-0.0012828001054003835,DOWN
2026-05-26,2026-05-27,5355.TWO,6.550000190734863,6.551211541190773,0.00018493899551692044,UP
2026-05-26,2026-05-27,5356.TWO,27.100000381469727,27.054308511698054,-0.0016860468313098609,DOWN
2026-05-26,2026-05-27,5364.TWO,8.6899995803833,8.706444906639952,0.0018924426985905214,UP
2026-05-26,2026-05-27,5371.TWO,72.80000305175781,72.66881858305564,-0.0018019843846559525,DOWN
2026-05-26,2026-05-27,5381.TWO,26.75,26.76482508900517,0.0005542089347727597,UP
2026-05-26,2026-05-27,5386.TWO,549.0,547.7312466097064,-0.0023110262118279934,DOWN
2026-05-26,2026-05-27,5388.TW,84.5999984741211,84.52595052069196,-0.0008752713329159301,DOWN
2026-05-26,2026-05-27,5392.TWO,43.0,42.96663780551171,-0.0007758649880997837,DOWN
2026-05-26,2026-05-27,5398.TWO,17.0,17.04929528525099,0.0028997226618230343,UP
2026-05-26,2026-05-27,5403.TWO,84.9000015258789,84.89110643235783,-0.00010477141768206826,DOWN
2026-05-26,2026-05-27,5410.TWO,37.75,37.751081378462914,2.8645787097048014e-05,UP
2026-05-26,2026-05-27,5425.TWO,100.5,101.37725931638852,0.008728948421776295,UP
2026-05-26,2026-05-27,5426.TWO,18.850000381469727,18.830001096354497,-0.0010609700111671929,DOWN
2026-05-26,2026-05-27,5432.TWO,140.0,140.127878440544,0.0009134174324572086,UP
2026-05-26,2026-05-27,5434.TW,481.0,481.5531217904063,0.0011499413521960378,UP
2026-05-26,2026-05-27,5438.TWO,19.700000762939453,19.693944343753998,-0.00030743243405598805,DOWN
2026-05-26,2026-05-27,5439.TWO,391.0,391.6345838579582,0.0016229766188189387,UP
2026-05-26,2026-05-27,5443.TWO,129.5,129.3243332541315,-0.0013564999680966139,DOWN
2026-05-26,2026-05-27,5450.TWO,12.800000190734863,12.805801642772577,0.0004532384336926173,UP
2026-05-26,2026-05-27,5452.TWO,33.5,33.4890678995871,-0.00032633135560899973,DOWN
2026-05-26,2026-05-27,5455.TWO,22.549999237060547,22.590881783424237,0.0018129732925445236,UP
2026-05-26,2026-05-27,5457.TWO,31.25,31.275550105419825,0.0008176033734343946,UP
2026-05-26,2026-05-27,5460.TWO,15.199999809265137,15.214325580193641,0.0009424849413335032,UP
2026-05-26,2026-05-27,5464.TWO,72.19999694824219,72.06677890419597,-0.0018451253417879835,DOWN
2026-05-26,2026-05-27,5465.TWO,25.600000381469727,25.616016225755452,0.0006256189080886933,UP
2026-05-26,2026-05-27,5468.TWO,17.700000762939453,17.682269904580313,-0.0010017433669418597,DOWN
2026-05-26,2026-05-27,5469.TW,83.0999984741211,82.96549537182028,-0.00161856925114985,DOWN
2026-05-26,2026-05-27,5471.TW,52.20000076293945,52.08095795529131,-0.002280513523146527,DOWN
2026-05-26,2026-05-27,5474.TWO,169.0,168.81725981354248,-0.001081302878446877,DOWN
2026-05-26,2026-05-27,5475.TWO,305.0,304.6771234407788,-0.0010586116695776582,DOWN
2026-05-26,2026-05-27,5478.TWO,98.0999984741211,98.0504686696883,-0.0005048909806645909,DOWN
2026-05-26,2026-05-27,5481.TWO,19.39999961853028,19.410673689131755,0.0005502098356372747,UP
2026-05-26,2026-05-27,5483.TWO,164.0,164.01629809782025,9.937864524545148e-05,UP
2026-05-26,2026-05-27,5484.TW,51.29999923706055,51.12511181255592,-0.003409111639484815,DOWN
2026-05-26,2026-05-27,5487.TWO,26.89999961853028,26.90651719985834,0.00024228927213696143,UP
2026-05-26,2026-05-27,5488.TWO,11.850000381469728,11.828255539688637,-0.00183500768616803,DOWN
2026-05-26,2026-05-27,5489.TWO,39.5,39.48691352046444,-0.0003313032793812454,DOWN
2026-05-26,2026-05-27,5490.TWO,29.200000762939453,29.19626340802773,-0.00012799160322172148,DOWN
2026-05-26,2026-05-27,5493.TWO,91.1999969482422,91.1741203817816,-0.0002837342908605738,DOWN
2026-05-26,2026-05-27,5498.TWO,70.30000305175781,70.33852303279143,0.0005479371175169945,UP
2026-05-26,2026-05-27,5508.TWO,47.09999847412109,47.10595126221374,0.0001263861631742384,UP
2026-05-26,2026-05-27,5511.TWO,71.19999694824219,71.18852183855196,-0.00016116727783802552,DOWN
2026-05-26,2026-05-27,5512.TWO,7.019999980926514,7.023169070249544,0.0004514372267294853,UP
2026-05-26,2026-05-27,5515.TW,40.25,40.24000132015499,-0.0002484144060872495,DOWN
2026-05-26,2026-05-27,5516.TWO,10.25,10.276463510701433,0.0025818059220910072,UP
2026-05-26,2026-05-27,5519.TW,32.25,32.24726718449165,-8.473846537526697e-05,DOWN
2026-05-26,2026-05-27,5521.TW,10.25,10.265140754228923,0.0014771467540413141,UP
2026-05-26,2026-05-27,5522.TW,71.0999984741211,71.12701792083902,0.00038002035580582963,UP
2026-05-26,2026-05-27,5523.TWO,30.450000762939453,30.44475250715788,-0.00017235650739165975,DOWN
2026-05-26,2026-05-27,5525.TW,21.200000762939453,21.243348282924867,0.0020446942653507415,UP
2026-05-26,2026-05-27,5529.TWO,23.850000381469727,23.81468418978595,-0.0014807627303526272,DOWN
2026-05-26,2026-05-27,5530.TWO,47.0,47.03723763395101,0.0007922900840640068,UP
2026-05-26,2026-05-27,5531.TW,7.699999809265137,7.713121770183546,0.0017041508108377457,UP
2026-05-26,2026-05-27,5533.TW,13.899999618530272,13.901107936723706,7.973512401806725e-05,UP
2026-05-26,2026-05-27,5534.TW,75.0999984741211,75.13224067457752,0.00042932358337575125,UP
2026-05-26,2026-05-27,5536.TWO,1035.0,1044.0705488109961,0.008763815276324749,UP
2026-05-26,2026-05-27,5538.TW,34.75,34.77468381280778,0.0007103255484253168,UP
2026-05-26,2026-05-27,5543.TWO,29.950000762939453,29.895791354343295,-0.0018099969020113496,DOWN
2026-05-26,2026-05-27,5546.TW,16.600000381469727,16.595412605010715,-0.00027637206949301637,DOWN
2026-05-26,2026-05-27,5547.TWO,21.600000381469727,21.59090463628761,-0.00042109930654994377,DOWN
2026-05-26,2026-05-27,5548.TWO,23.25,23.255996132691507,0.00025789818027988076,UP
2026-05-26,2026-05-27,5601.TWO,34.75,34.76545568181609,0.00044476782204583287,UP
2026-05-26,2026-05-27,5603.TWO,15.399999618530272,15.419231901213964,0.0012488495558500292,UP
2026-05-26,2026-05-27,5604.TWO,31.200000762939453,31.204101569806387,0.00013143611431588732,UP
2026-05-26,2026-05-27,5607.TW,50.29999923706055,50.22872070270671,-0.0014170682989060525,DOWN
2026-05-26,2026-05-27,5608.TW,14.649999618530272,14.659840070915985,0.000671703252010093,UP
2026-05-26,2026-05-27,5609.TWO,80.4000015258789,80.40400170766395,4.975350384486842e-05,UP
2026-05-26,2026-05-27,5701.TWO,3.3399999141693115,3.3410848763964025,0.0003248389984946511,UP
2026-05-26,2026-05-27,5703.TWO,13.5,13.509457567735808,0.0007005605730228126,UP
2026-05-26,2026-05-27,5704.TWO,21.14999961853028,21.169312234031725,0.000913126044906602,UP
2026-05-26,2026-05-27,5706.TW,50.400001525878906,50.41859508024476,0.0003689197183121128,UP
2026-05-26,2026-05-27,5864.TWO,35.099998474121094,35.107764816534456,0.00022126332623882816,UP
2026-05-26,2026-05-27,5871.TW,107.0,107.10751167824492,0.0010047820396721363,UP
2026-05-26,2026-05-27,5876.TW,39.45000076293945,39.48038832873549,0.0007702804869040059,UP
2026-05-26,2026-05-27,5878.TWO,40.84999847412109,40.86525461190378,0.0003734672791324013,UP
2026-05-26,2026-05-27,5880.TW,22.700000762939453,22.706941600659494,0.00030576376593664404,UP
2026-05-26,2026-05-27,5902.TWO,37.150001525878906,37.157543683959204,0.00020301905169624855,UP
2026-05-26,2026-05-27,5903.TWO,187.5,187.49971625308604,-1.5133168744796421e-06,DOWN
2026-05-26,2026-05-27,5904.TWO,552.0,552.5556331649423,0.0010065818205475807,UP
2026-05-26,2026-05-27,5905.TWO,7.949999809265137,7.955188622998615,0.0006526809884235681,UP
2026-05-26,2026-05-27,5907.TW,4.980000019073486,4.984602973351888,0.0009242880041710865,UP
2026-05-26,2026-05-27,6005.TW,33.04999923706055,33.06965171652882,0.0005946287419647785,UP
2026-05-26,2026-05-27,6015.TWO,16.350000381469727,16.3514442973525,8.831289596852924e-05,UP
2026-05-26,2026-05-27,6016.TWO,24.299999237060547,24.314094069547565,0.0005800342769361758,UP
2026-05-26,2026-05-27,6020.TWO,22.200000762939453,22.16832024192527,-0.0014270504470915003,DOWN
2026-05-26,2026-05-27,6021.TWO,32.25,32.259508668597846,0.00029484243714250624,UP
2026-05-26,2026-05-27,6023.TWO,98.1999969482422,98.22051433334977,0.00020893468172286263,UP
2026-05-26,2026-05-27,6024.TW,56.20000076293945,56.20932735166135,0.00016595353372393458,UP
2026-05-26,2026-05-27,6026.TWO,15.75,15.75463964658411,0.0002945807354990393,UP
2026-05-26,2026-05-27,6028.TWO,79.69999694824219,79.66222341303646,-0.0004739465075545793,DOWN
2026-05-26,2026-05-27,6101.TWO,41.5,41.41397069522645,-0.0020729952957481146,DOWN
2026-05-26,2026-05-27,6103.TWO,37.20000076293945,37.22165292625019,0.0005820473888888836,UP
2026-05-26,2026-05-27,6104.TWO,101.5,101.39765979564982,-0.0010082778753712773,DOWN
2026-05-26,2026-05-27,6108.TW,19.64999961853028,19.62589995949167,-0.0012264457764103666,DOWN
2026-05-26,2026-05-27,6109.TWO,10.649999618530272,10.664859775334806,0.0013953199377283248,UP
2026-05-26,2026-05-27,6111.TWO,45.400001525878906,45.3998630743299,-3.049593487943289e-06,DOWN
2026-05-26,2026-05-27,6112.TW,42.29999923706055,42.285757663116264,-0.000336680241161918,DOWN
2026-05-26,2026-05-27,6113.TWO,26.600000381469727,26.555088936382376,-0.001688400167040502,DOWN
2026-05-26,2026-05-27,6114.TWO,30.5,30.495132214418845,-0.00015959952725097537,DOWN
2026-05-26,2026-05-27,6115.TW,47.29999923706055,47.29960441702178,-8.347146831551324e-06,DOWN
2026-05-26,2026-05-27,6116.TW,13.649999618530272,13.317120076239876,-0.024386780336499218,DOWN
2026-05-26,2026-05-27,6117.TW,95.0,95.0536146259401,0.0005643644835799932,UP
2026-05-26,2026-05-27,6118.TWO,18.5,18.458360193064436,-0.0022508003748953342,DOWN
2026-05-26,2026-05-27,6120.TW,14.0,13.989400486694649,-0.000757108093239367,DOWN
2026-05-26,2026-05-27,6121.TWO,394.5,395.1429115795763,0.0016296871472150087,UP
2026-05-26,2026-05-27,6122.TWO,47.34999847412109,47.345190344891996,-0.00010154444316863286,DOWN
2026-05-26,2026-05-27,6123.TWO,43.900001525878906,43.93143205306658,0.0007159573142416674,UP
2026-05-26,2026-05-27,6124.TWO,29.850000381469727,29.862262361548616,0.00041078659705819185,UP
2026-05-26,2026-05-27,6125.TWO,68.4000015258789,68.47028053042796,0.001027470803819506,UP
2026-05-26,2026-05-27,6126.TWO,36.45000076293945,36.4683124789319,0.0005023790290579321,UP
2026-05-26,2026-05-27,6127.TWO,57.20000076293945,59.11173918088833,0.033421999868005474,UP
2026-05-26,2026-05-27,6128.TW,18.700000762939453,18.71184794800961,0.000633539282716787,UP
2026-05-26,2026-05-27,6129.TWO,15.600000381469728,15.583255375186296,-0.0010733978124335833,DOWN
2026-05-26,2026-05-27,6130.TWO,22.950000762939453,22.94596588663746,-0.0001758115977281003,DOWN
2026-05-26,2026-05-27,6133.TW,23.5,23.473799376923125,-0.001114920130930841,DOWN
2026-05-26,2026-05-27,6134.TWO,32.650001525878906,32.65733165527259,0.00022450624965136723,UP
2026-05-26,2026-05-27,6136.TW,25.75,25.747363175612918,-0.00010240094707114622,DOWN
2026-05-26,2026-05-27,6138.TWO,369.5,369.87799539911794,0.0010229916078969836,UP
2026-05-26,2026-05-27,6139.TW,826.0,829.1180404666811,0.00377486739307642,UP
2026-05-26,2026-05-27,6140.TWO,19.64999961853028,19.661030686176446,0.0005613774992526027,UP
2026-05-26,2026-05-27,6141.TW,35.75,36.44279875699431,0.019378986209630966,UP
2026-05-26,2026-05-27,6142.TW,8.100000381469727,8.101680382078296,0.00020740747277158902,UP
2026-05-26,2026-05-27,6143.TWO,99.5999984741211,99.63037714557748,0.00030500674620274296,UP
2026-05-26,2026-05-27,6144.TWO,14.600000381469728,14.612062936696145,0.0008262023911811638,UP
2026-05-26,2026-05-27,6146.TWO,221.0,220.85380655067274,-0.0006615088204853237,DOWN
2026-05-26,2026-05-27,6147.TWO,260.5,274.55027243774384,0.053935786709189415,UP
2026-05-26,2026-05-27,6148.TWO,28.799999237060547,28.790433845456768,-0.00033213166170747754,DOWN
2026-05-26,2026-05-27,6150.TWO,70.0,69.96972633205587,-0.00043248097063042223,DOWN
2026-05-26,2026-05-27,6151.TWO,46.45000076293945,46.32963662533065,-0.0025912623386830282,DOWN
2026-05-26,2026-05-27,6152.TW,15.149999618530272,15.14664359204481,-0.0002215199056081987,DOWN
2026-05-26,2026-05-27,6153.TW,18.549999237060547,18.52013678900551,-0.0016098355408757446,DOWN
2026-05-26,2026-05-27,6154.TWO,13.449999809265137,13.42989155257231,-0.001495037693530354,DOWN
2026-05-26,2026-05-27,6155.TW,59.400001525878906,59.197386425744156,-0.0034110285341739655,DOWN
2026-05-26,2026-05-27,6156.TWO,18.950000762939453,18.95246051493167,0.00012980221072215377,UP
2026-05-26,2026-05-27,6158.TWO,18.049999237060547,18.040477698556156,-0.0005275090807118137,DOWN
2026-05-26,2026-05-27,6160.TWO,16.25,16.24588619084534,-0.00025315748644061387,DOWN
2026-05-26,2026-05-27,6161.TWO,65.0,65.96908270847052,0.01490896474570036,UP
2026-05-26,2026-05-27,6163.TWO,51.0,51.07856079633348,0.0015404077712446451,UP
2026-05-26,2026-05-27,6164.TW,12.199999809265137,12.186677533852531,-0.0010919898049906352,DOWN
2026-05-26,2026-05-27,6165.TW,49.150001525878906,49.16085168375427,0.0002207560028181778,UP
2026-05-26,2026-05-27,6166.TW,133.0,133.43672119639814,0.0032836180180311203,UP
2026-05-26,2026-05-27,6167.TWO,12.199999809265137,12.185496935568246,-0.0011887601576745146,DOWN
2026-05-26,2026-05-27,6168.TW,28.5,28.405907552107237,-0.0033014893997460604,DOWN
2026-05-26,2026-05-27,6169.TWO,14.149999618530272,14.168917353360342,0.0013369424268603327,UP
2026-05-26,2026-05-27,6170.TWO,50.20000076293945,50.19520506380928,-9.553185373078258e-05,DOWN
2026-05-26,2026-05-27,6171.TWO,23.5,23.51696670241654,0.0007219873368740082,UP
2026-05-26,2026-05-27,6173.TWO,224.0,223.16949075460434,-0.0037076305598020554,DOWN
2026-05-26,2026-05-27,6174.TWO,47.20000076293945,47.0116336315225,-0.003990828990936279,DOWN
2026-05-26,2026-05-27,6175.TWO,92.6999969482422,92.94849837330717,0.0026807058602571483,UP
2026-05-26,2026-05-27,6176.TW,105.0,105.00323025746184,3.076435677940026e-05,UP
2026-05-26,2026-05-27,6177.TW,42.20000076293945,42.24791909112149,0.0011355053866282843,UP
2026-05-26,2026-05-27,6179.TWO,24.299999237060547,24.30142914271877,5.8843856095398055e-05,UP
2026-05-26,2026-05-27,6180.TWO,40.650001525878906,40.643909166394366,-0.00014987353642931608,DOWN
2026-05-26,2026-05-27,6182.TWO,84.4000015258789,87.00773371199345,0.030897300224751276,UP
2026-05-26,2026-05-27,6183.TW,91.4000015258789,91.4187849411326,0.00020550782210189932,UP
2026-05-26,2026-05-27,6184.TW,46.0,46.01225092145614,0.0002663243794813752,UP
2026-05-26,2026-05-27,6185.TWO,13.949999809265137,13.949188372735078,-5.8167493989494866e-05,DOWN
2026-05-26,2026-05-27,6186.TWO,40.04999923706055,40.06288241982889,0.0003216774784959243,UP
2026-05-26,2026-05-27,6187.TWO,1155.0,1154.9563479031713,-3.7794023228343576e-05,DOWN
2026-05-26,2026-05-27,6188.TWO,85.5,85.4065565574565,-0.001092905760742724,DOWN
2026-05-26,2026-05-27,6189.TW,51.79999923706055,51.83130781108501,0.0006044126348570417,UP
2026-05-26,2026-05-27,6190.TWO,78.0,77.92947204457596,-0.0009042045567184687,DOWN
2026-05-26,2026-05-27,6191.TW,96.1999969482422,96.10885588998626,-0.0009474122780375828,DOWN
2026-05-26,2026-05-27,6192.TW,131.5,131.54707507365674,0.0003579853510018438,UP
2026-05-26,2026-05-27,6194.TWO,35.29999923706055,35.27718766552106,-0.000646220170892687,DOWN
2026-05-26,2026-05-27,6195.TWO,26.0,25.963290810817853,-0.0014118918916210532,DOWN
2026-05-26,2026-05-27,6196.TW,506.0,507.8374955584295,0.003631414147093892,UP
2026-05-26,2026-05-27,6197.TW,279.5,279.7008098496008,0.0007184610003605485,UP
2026-05-26,2026-05-27,6198.TWO,21.350000381469727,21.373853847298427,0.0011172583326698182,UP
2026-05-26,2026-05-27,6199.TWO,94.0999984741211,94.52622366424546,0.004529491998255328,UP
2026-05-26,2026-05-27,6201.TW,49.0,49.01062450304744,0.00021682659280486405,UP
2026-05-26,2026-05-27,6202.TW,61.5,61.53425341608818,0.0005569661152549088,UP
2026-05-26,2026-05-27,6203.TWO,72.0,71.8814887739718,-0.0016459892503917217,DOWN
2026-05-26,2026-05-27,6204.TWO,84.5,84.69690684229136,0.0023302584886550903,UP
2026-05-26,2026-05-27,6205.TW,83.0,82.66683855513111,-0.004013993311673403,DOWN
2026-05-26,2026-05-27,6206.TW,140.0,139.92736655054614,-0.0005188103532418609,DOWN
2026-05-26,2026-05-27,6207.TWO,108.5,110.96739720460027,0.022740988060832024,UP
2026-05-26,2026-05-27,6208.TWO,97.8000030517578,98.13903916944696,0.003466626862063968,UP
2026-05-26,2026-05-27,6209.TW,81.0,80.69769121427089,-0.0037322072312235832,DOWN
2026-05-26,2026-05-27,6210.TWO,21.39999961853028,21.37665794552003,-0.0010907324030996195,DOWN
2026-05-26,2026-05-27,6213.TW,274.5,274.71084277061163,0.0007680975249968469,UP
2026-05-26,2026-05-27,6214.TW,129.5,129.5509471728874,0.00039341446245089173,UP
2026-05-26,2026-05-27,6215.TW,132.5,132.41249257000163,-0.0006604334339499474,DOWN
2026-05-26,2026-05-27,6216.TW,22.700000762939453,22.707827361301703,0.0003447840572335119,UP
2026-05-26,2026-05-27,6217.TWO,277.0,277.4244173109764,0.0015321924583986402,UP
2026-05-26,2026-05-27,6218.TWO,39.29999923706055,39.25267680975276,-0.0012041330337524414,DOWN
2026-05-26,2026-05-27,6219.TWO,11.899999618530272,11.914517107978746,0.0012199571356177332,UP
2026-05-26,2026-05-27,6220.TWO,31.75,31.764218287738913,0.0004478200862649828,UP
2026-05-26,2026-05-27,6221.TWO,23.299999237060547,23.309350151975508,0.00040132683352571544,UP
2026-05-26,2026-05-27,6222.TWO,20.75,20.7666303904698,0.0008014646009542048,UP
2026-05-26,2026-05-27,6223.TWO,6240.0,6261.190425530076,0.0033959015272557735,UP
2026-05-26,2026-05-27,6224.TW,82.0999984741211,81.66582866130803,-0.005288304761052132,DOWN
2026-05-26,2026-05-27,6225.TW,26.0,26.19359524641186,0.007445971015840769,UP
2026-05-26,2026-05-27,6226.TW,13.300000190734863,13.267524362192416,-0.0024417915847151973,DOWN
2026-05-26,2026-05-27,6227.TWO,125.5,125.21529797022231,-0.002268542069941759,DOWN
2026-05-26,2026-05-27,6228.TWO,21.049999237060547,21.083454973598016,0.001589346211403524,UP
2026-05-26,2026-05-27,6229.TWO,27.600000381469727,27.59025424347991,-0.00035312093677934757,DOWN
2026-05-26,2026-05-27,6230.TW,142.5,142.61785636015702,0.000827062176540494,UP
2026-05-26,2026-05-27,6231.TWO,302.5,302.8177063015755,0.001050268765538931,UP
2026-05-26,2026-05-27,6233.TWO,26.100000381469727,26.06243561367549,-0.0014392631128429686,DOWN
2026-05-26,2026-05-27,6234.TWO,55.29999923706055,56.47788804392429,0.021299978718161583,UP
2026-05-26,2026-05-27,6235.TW,40.84999847412109,40.83141826366763,-0.0004548399301710655,DOWN
2026-05-26,2026-05-27,6237.TWO,53.59999847412109,53.53419571343008,-0.0012276634806767273,DOWN
2026-05-26,2026-05-27,6239.TW,342.0,345.45607271790504,0.010105475783348083,UP
2026-05-26,2026-05-27,6240.TWO,17.75,17.76682862934831,0.0009480917942710221,UP
2026-05-26,2026-05-27,6241.TWO,10.350000381469728,10.35094172968179,9.095151472133278e-05,UP
2026-05-26,2026-05-27,6242.TWO,38.09999847412109,38.10113328015579,2.978493648698861e-05,UP
2026-05-26,2026-05-27,6243.TW,35.04999923706055,34.98149094985677,-0.001954587409272714,DOWN
2026-05-26,2026-05-27,6244.TWO,29.700000762939453,29.681700010389527,-0.0006161869387142435,DOWN
2026-05-26,2026-05-27,6245.TWO,90.9000015258789,91.00104682163453,0.0011116093955934438,UP
2026-05-26,2026-05-27,6246.TWO,15.899999618530272,15.853506033050566,-0.0029241249430924936,DOWN
2026-05-26,2026-05-27,6248.TWO,18.799999237060547,18.816047492740402,0.0008536306559108552,UP
2026-05-26,2026-05-27,6257.TW,237.0,237.91121002589352,0.0038447680417448282,UP
2026-05-26,2026-05-27,6259.TWO,25.850000381469727,25.733313000505845,-0.004514018539339269,DOWN
2026-05-26,2026-05-27,6261.TWO,123.0,122.86450195347425,-0.0011016101343557239,DOWN
2026-05-26,2026-05-27,6263.TWO,185.0,185.3569905203767,0.001929678488522768,UP
2026-05-26,2026-05-27,6264.TWO,6.050000190734863,6.056484476070153,0.0010717826662584588,UP
2026-05-26,2026-05-27,6265.TWO,52.900001525878906,52.627931186858135,-0.005143106449395351,DOWN
2026-05-26,2026-05-27,6266.TWO,27.64999961853028,27.647847078840513,-7.78495377744844e-05,DOWN
2026-05-26,2026-05-27,6269.TW,64.19999694824219,64.07091983117922,-0.00201054709032189,DOWN
2026-05-26,2026-05-27,6270.TWO,26.850000381469727,26.837872117378847,-0.00045170442899694456,DOWN
2026-05-26,2026-05-27,6271.TW,260.5,259.5099114757031,-0.0038007237017154694,DOWN
2026-05-26,2026-05-27,6272.TW,33.29999923706055,33.301411737522734,4.241743226874987e-05,UP
2026-05-26,2026-05-27,6274.TWO,1580.0,1570.7177593000233,-0.0058748358860611916,DOWN
2026-05-26,2026-05-27,6275.TWO,47.84999847412109,47.82103567168332,-0.0006052832468413096,DOWN
2026-05-26,2026-05-27,6276.TWO,27.600000381469727,27.610802560064766,0.00039138327701950394,UP
2026-05-26,2026-05-27,6277.TW,78.0,78.0754890020471,0.000967807718552649,UP
2026-05-26,2026-05-27,6278.TW,246.5,248.83679738920182,0.009479908272624016,UP
2026-05-26,2026-05-27,6279.TWO,117.0,117.00185621436685,1.5865080058574677e-05,UP
2026-05-26,2026-05-27,6281.TW,50.59999847412109,50.618852236018995,0.0003726040013133778,UP
2026-05-26,2026-05-27,6282.TW,62.400001525878906,62.309585429007186,-0.0014489758759737015,DOWN
2026-05-26,2026-05-27,6283.TW,24.5,24.515515115344897,0.000633270014077425,UP
2026-05-26,2026-05-27,6284.TWO,117.5,116.3718273746781,-0.009601469151675701,DOWN
2026-05-26,2026-05-27,6285.TW,304.5,305.507834684453,0.003309801919385791,UP
2026-05-26,2026-05-27,6290.TWO,332.0,344.0819277279079,0.03639134857803583,UP
2026-05-26,2026-05-27,6291.TWO,587.0,615.9474952856078,0.04931430201977484,UP
2026-05-26,2026-05-27,6292.TWO,56.900001525878906,56.84059502768975,-0.0010440509067848793,DOWN
2026-05-26,2026-05-27,6294.TWO,28.39999961853028,28.400369432388604,1.3021614904621844e-05,UP
2026-05-26,2026-05-27,6405.TW,75.9000015258789,76.60093933039406,0.009235017001628876,UP
2026-05-26,2026-05-27,6409.TW,696.0,696.8990403357893,0.0012917246203869581,UP
2026-05-26,2026-05-27,6411.TWO,100.5,100.62560047453735,0.0012497559655457735,UP
2026-05-26,2026-05-27,6412.TW,102.0,101.89488320052624,-0.001030556857585907,DOWN
2026-05-26,2026-05-27,6414.TW,355.5,355.421942127854,-0.00021957207354716957,DOWN
2026-05-26,2026-05-27,6415.TW,630.0,631.9509516237304,0.003096748609095812,UP
2026-05-26,2026-05-27,6416.TW,91.3000030517578,91.17451539693509,-0.0013744540046900901,DOWN
2026-05-26,2026-05-27,6417.TWO,146.5,146.65413784858538,0.0010521354852244258,UP
2026-05-26,2026-05-27,6418.TWO,29.850000381469727,29.842741086705427,-0.0002431924513075036,DOWN
2026-05-26,2026-05-27,6419.TWO,154.0,155.27813386172056,0.008299570530653,UP
2026-05-26,2026-05-27,6423.TWO,101.0,100.89749283797573,-0.0010149223962798715,DOWN
2026-05-26,2026-05-27,6425.TWO,101.5,102.21211623563431,0.0070159235037863255,UP
2026-05-26,2026-05-27,6426.TW,288.5,289.449444541242,0.0032909689471125603,UP
2026-05-26,2026-05-27,6431.TW,20.5,20.510873372288188,0.000530408404301852,UP
2026-05-26,2026-05-27,6432.TWO,59.29999923706055,59.421031139537696,0.0020410101860761642,UP
2026-05-26,2026-05-27,6435.TWO,279.0,291.2375114897266,0.0438620483502746,UP
2026-05-26,2026-05-27,6438.TW,174.0,173.873429238447,-0.0007274181698448956,DOWN
2026-05-26,2026-05-27,6441.TWO,26.39999961853028,27.142172828023394,0.028112621977925294,UP
2026-05-26,2026-05-27,6442.TW,2265.0,2308.912840196863,0.019387567415833473,UP
2026-05-26,2026-05-27,6443.TW,42.29999923706055,42.28200415222824,-0.0004254157247487902,DOWN
2026-05-26,2026-05-27,6446.TW,878.0,881.0505548096262,0.0034744360018521547,UP
2026-05-26,2026-05-27,6449.TW,352.0,365.7766970306635,0.039138343837112254,UP
2026-05-26,2026-05-27,6451.TW,632.0,639.127772346139,0.011278120800852776,UP
2026-05-26,2026-05-27,6456.TW,82.0,84.24427205324173,0.027369171380996704,UP
2026-05-26,2026-05-27,6461.TWO,15.699999809265137,15.709253384677499,0.0005893997149542328,UP
2026-05-26,2026-05-27,6462.TWO,146.5,146.28026381251402,-0.0014999057166278362,DOWN
2026-05-26,2026-05-27,6464.TW,78.0,77.90627152612433,-0.001201647100970149,DOWN
2026-05-26,2026-05-27,6465.TWO,50.70000076293945,50.60041841563393,-0.001964148832485097,DOWN
2026-05-26,2026-05-27,6469.TWO,70.5,70.50995752475137,0.00014124148583505303,UP
2026-05-26,2026-05-27,6470.TWO,47.79999923706055,47.75914727988432,-0.0008546434692106909,DOWN
2026-05-26,2026-05-27,6472.TW,355.5,355.9975953179528,0.0013997055357322097,UP
2026-05-26,2026-05-27,6474.TWO,38.54999923706055,38.50773922133775,-0.0010962390806526637,DOWN
2026-05-26,2026-05-27,6477.TW,34.400001525878906,34.381623863917504,-0.0005342343356460849,DOWN
2026-05-26,2026-05-27,6482.TWO,28.799999237060547,28.790769570006553,-0.0003204745589755707,DOWN
2026-05-26,2026-05-27,6485.TWO,112.5,112.1620025835,-0.003004421480000019,DOWN
2026-05-26,2026-05-27,6486.TWO,81.30000305175781,81.29337896881353,-8.147703192664906e-05,DOWN
2026-05-26,2026-05-27,6488.TWO,866.0,929.5088700186461,0.07333587761968374,UP
2026-05-26,2026-05-27,6491.TW,325.0,325.75203030137345,0.0023139393888413906,UP
2026-05-26,2026-05-27,6492.TWO,44.59999847412109,44.618024316022925,0.0004041668726131918,UP
2026-05-26,2026-05-27,6494.TWO,57.79999923706055,57.80518947764201,8.979655103758361e-05,UP
2026-05-26,2026-05-27,6496.TWO,23.700000762939453,23.717818848885027,0.0007518179481849262,UP
2026-05-26,2026-05-27,6498.TWO,105.0,105.00939757537708,8.950071787694469e-05,UP
2026-05-26,2026-05-27,6499.TWO,87.80000305175781,87.95113434779029,0.0017213131068273772,UP
2026-05-26,2026-05-27,6504.TW,38.0,38.04039102513343,0.0010629217140376568,UP
2026-05-26,2026-05-27,6505.TW,49.29999923706055,49.32360385898934,0.0004787955840584589,UP
2026-05-26,2026-05-27,6506.TWO,19.350000381469727,19.35359870137581,0.00018595968140280582,UP
2026-05-26,2026-05-27,6508.TWO,23.5,23.50002443360478,1.0397278629170614e-06,UP
2026-05-26,2026-05-27,6509.TWO,51.79999923706055,51.76731184088107,-0.0006310308235697749,DOWN
2026-05-26,2026-05-27,6510.TWO,3415.0,3421.466558467946,0.0018935749540105462,UP
2026-05-26,2026-05-27,6512.TWO,19.64999961853028,19.642150513962722,-0.0003994455328211074,DOWN
2026-05-26,2026-05-27,6515.TW,8905.0,8967.576145769563,0.007027079816907644,UP
2026-05-26,2026-05-27,6516.TWO,55.29999923706055,55.29482827839387,-9.350739128417876e-05,DOWN
2026-05-26,2026-05-27,6517.TWO,60.79999923706055,60.80227929398583,3.7500936741735006e-05,UP
2026-05-26,2026-05-27,6523.TWO,99.1999969482422,99.17809776433128,-0.00022075790911912915,DOWN
2026-05-26,2026-05-27,6525.TW,134.0,136.70348128676414,0.020175233483314514,UP
2026-05-26,2026-05-27,6526.TW,696.0,695.0459612281993,-0.0013707453617826104,DOWN
2026-05-26,2026-05-27,6527.TWO,69.80000305175781,69.83811441989538,0.000546008115634373,UP
2026-05-26,2026-05-27,6530.TWO,117.5,117.54226963028486,0.00035974153433926404,UP
2026-05-26,2026-05-27,6531.TW,1080.0,1084.0934572275728,0.0037902381736785173,UP
2026-05-26,2026-05-27,6532.TWO,100.5,100.71821079484653,0.002171251690015197,UP
2026-05-26,2026-05-27,6533.TW,234.5,234.2201277698623,-0.001193484989926219,DOWN
2026-05-26,2026-05-27,6534.TW,95.9000015258789,95.93633995428293,0.00037891999818390204,UP
2026-05-26,2026-05-27,6535.TWO,125.0,125.05406162017607,0.0004324929614085704,UP
2026-05-26,2026-05-27,6538.TWO,128.0,127.80674935877323,-0.0015097706345841289,DOWN
2026-05-26,2026-05-27,6541.TW,38.25,38.25994999505201,0.0002601305895950645,UP
2026-05-26,2026-05-27,6542.TWO,47.5,47.45093381294282,-0.001032972359098494,DOWN
2026-05-26,2026-05-27,6546.TWO,78.0999984741211,78.01683157094027,-0.0010648771421984406,DOWN
2026-05-26,2026-05-27,6547.TWO,46.0,46.032083142432384,0.0006974596180953085,UP
2026-05-26,2026-05-27,6548.TWO,60.29999923706055,61.38116761475046,0.01792982406914234,UP
2026-05-26,2026-05-27,6550.TW,15.100000381469728,15.081710531100514,-0.0012112483382225034,DOWN
2026-05-26,2026-05-27,6552.TW,36.900001525878906,36.370909312467774,-0.014338541775941849,DOWN
2026-05-26,2026-05-27,6556.TWO,70.0,70.05615241068881,0.0008021772955544293,UP
2026-05-26,2026-05-27,6558.TW,32.650001525878906,32.61974672842821,-0.0009266400011257154,DOWN
2026-05-26,2026-05-27,6560.TWO,39.150001525878906,39.167400585593725,0.0004444204096216425,UP
2026-05-26,2026-05-27,6561.TWO,353.5,353.59585974467336,0.0002711732522584498,UP
2026-05-26,2026-05-27,6568.TWO,246.0,245.9067243016907,-0.00037916950532235205,DOWN
2026-05-26,2026-05-27,6569.TWO,96.0999984741211,96.16035863796336,0.0006280974484980476,UP
2026-05-26,2026-05-27,6570.TWO,65.5,67.28893516445532,0.02731198724359274,UP
2026-05-26,2026-05-27,6573.TW,13.949999809265137,13.949218560393042,-5.60035041416652e-05,DOWN
2026-05-26,2026-05-27,6574.TWO,115.0,114.81819317443296,-0.0015809289179742336,DOWN
2026-05-26,2026-05-27,6576.TWO,78.5,78.5450667819241,0.0005740991327911615,UP
2026-05-26,2026-05-27,6577.TWO,80.30000305175781,80.27018443050218,-0.0003713402256835418,DOWN
2026-05-26,2026-05-27,6578.TWO,17.350000381469727,17.346487388650598,-0.00020247796783225667,DOWN
2026-05-26,2026-05-27,6579.TW,174.5,176.37426241952926,0.01074075885117054,UP
2026-05-26,2026-05-27,6581.TW,106.5,106.59841550246347,0.0009240892250090837,UP
2026-05-26,2026-05-27,6582.TW,30.5,30.503313639412227,0.00010864391515497118,UP
2026-05-26,2026-05-27,6584.TWO,690.0,691.0565897030756,0.0015312894247472286,UP
2026-05-26,2026-05-27,6585.TW,95.6999969482422,95.66541431565689,-0.0003613650333135948,DOWN
2026-05-26,2026-05-27,6588.TWO,134.0,134.04804943146883,0.000358577846782282,UP
2026-05-26,2026-05-27,6589.TW,41.45000076293945,41.49069544343327,0.0009817775571719562,UP
2026-05-26,2026-05-27,6590.TWO,66.0999984741211,66.09894117714087,-1.5995416106327314e-05,DOWN
2026-05-26,2026-05-27,6591.TW,54.79999923706055,54.806641242517,0.00012120448081984801,UP
2026-05-26,2026-05-27,6592.TW,60.5,60.51014650391153,0.00016771080845501274,UP
2026-05-26,2026-05-27,6593.TWO,35.099998474121094,35.12001580630604,0.0005702943890355907,UP
2026-05-26,2026-05-27,6596.TWO,97.6999969482422,97.6914400935765,-8.758295734882946e-05,DOWN
2026-05-26,2026-05-27,6597.TWO,72.9000015258789,72.66510352491937,-0.003222194733098125,DOWN
2026-05-26,2026-05-27,6598.TW,24.850000381469727,24.86240281312906,0.0004990918096154393,UP
2026-05-26,2026-05-27,6603.TWO,22.89999961853028,22.909491781970928,0.00041450496064491735,UP
2026-05-26,2026-05-27,6605.TW,129.0,128.9785047044861,-0.00016663019778206944,DOWN
2026-05-26,2026-05-27,6606.TW,25.299999237060547,25.31368407992473,0.0005409028963185583,UP
2026-05-26,2026-05-27,6609.TWO,47.84999847412109,47.786007582300634,-0.0013373227557167227,DOWN
2026-05-26,2026-05-27,6612.TWO,73.9000015258789,73.89829842758458,-2.3045984562420308e-05,DOWN
2026-05-26,2026-05-27,6613.TWO,277.5,278.21811169793364,0.0025877899024635553,UP
2026-05-26,2026-05-27,6614.TW,38.650001525878906,38.657928910214935,0.0002051069604931428,UP
2026-05-26,2026-05-27,6615.TWO,32.650001525878906,32.64180422066527,-0.00025106599787254243,DOWN
2026-05-26,2026-05-27,6616.TWO,9.670000076293944,9.673777150234786,0.00039059709524736963,UP
2026-05-26,2026-05-27,6617.TWO,67.0999984741211,67.05078474597113,-0.0007334385882131689,DOWN
2026-05-26,2026-05-27,6620.TWO,72.80000305175781,72.899042125007,0.0013604267733172315,UP
2026-05-26,2026-05-27,6624.TWO,40.75,40.63733080012025,-0.0027648883406072855,DOWN
2026-05-26,2026-05-27,6625.TW,72.69999694824219,72.76324845841069,0.0008700345642865681,UP
2026-05-26,2026-05-27,6629.TWO,118.0,118.06251052266452,0.0005297501920722425,UP
2026-05-26,2026-05-27,6637.TWO,67.0,67.01389078619832,0.0002073251671390608,UP
2026-05-26,2026-05-27,6640.TWO,1460.0,1463.5911215282977,0.0024596722796559334,UP
2026-05-26,2026-05-27,6641.TW,18.350000381469727,18.36714850301938,0.0009345025173388724,UP
2026-05-26,2026-05-27,6642.TWO,85.9000015258789,85.59322600450717,-0.003571309847757241,DOWN
2026-05-26,2026-05-27,6643.TWO,616.0,617.7534574232996,0.0028465217910706997,UP
2026-05-26,2026-05-27,6645.TW,11.850000381469728,11.864331494791305,0.0012093766126781325,UP
2026-05-26,2026-05-27,6649.TWO,38.70000076293945,38.71743049973175,0.00045038078678763245,UP
2026-05-26,2026-05-27,6651.TWO,157.5,155.8136537647806,-0.01070696022361517,DOWN
2026-05-26,2026-05-27,6654.TWO,116.0,118.4665038511157,0.021262964233756065,UP
2026-05-26,2026-05-27,6655.TW,131.0,131.00411021920445,3.137571911793202e-05,UP
2026-05-26,2026-05-27,6657.TW,38.79999923706055,38.81046894212854,0.0002698377647902101,UP
2026-05-26,2026-05-27,6658.TW,233.0,237.47310111671686,0.01919785887002945,UP
2026-05-26,2026-05-27,6661.TWO,17.600000381469727,17.591777278537513,-0.00046722174738534744,DOWN
2026-05-26,2026-05-27,6662.TWO,28.799999237060547,28.824494609146605,0.000850533775519572,UP
2026-05-26,2026-05-27,6664.TWO,466.5,468.0897178945597,0.0034077554009854794,UP
2026-05-26,2026-05-27,6666.TW,39.59999847412109,39.65161478213447,0.0013034421717747825,UP
2026-05-26,2026-05-27,6667.TWO,267.0,267.18935063062236,0.0007091783918440342,UP
2026-05-26,2026-05-27,6668.TW,41.04999923706055,41.05579235837505,0.0001411235425620622,UP
2026-05-26,2026-05-27,6669.TW,5280.0,5283.013796545565,0.0005707948002964258,UP
2026-05-26,2026-05-27,6670.TW,254.5,254.61694627732504,0.00045951385982334614,UP
2026-05-26,2026-05-27,6671.TW,27.600000381469727,27.61197858366907,0.00043399282731120643,UP
2026-05-26,2026-05-27,6672.TW,214.0,214.31311385589652,0.0014631488593295217,UP
2026-05-26,2026-05-27,6674.TW,18.450000762939453,18.461861176350844,0.000642840808723158,UP
2026-05-26,2026-05-27,6679.TWO,343.0,343.03601409129624,0.00010499735071789473,UP
2026-05-26,2026-05-27,6680.TWO,57.59999847412109,57.60772146981239,0.0001340797898592447,UP
2026-05-26,2026-05-27,6683.TWO,1800.0,1823.069973103702,0.012816651724278927,UP
2026-05-26,2026-05-27,6684.TWO,47.29999923706055,47.241112194834166,-0.001244969200342856,DOWN
2026-05-26,2026-05-27,6689.TW,67.19999694824219,67.10859863167326,-0.0013600940583274562,DOWN
2026-05-26,2026-05-27,6690.TWO,170.0,169.8652757849777,-0.0007924953824840486,DOWN
2026-05-26,2026-05-27,6691.TW,650.0,651.2135814118665,0.0018670483259484172,UP
2026-05-26,2026-05-27,6692.TWO,27.549999237060547,27.590163875353248,0.0014578816480935264,UP
2026-05-26,2026-05-27,6693.TWO,157.5,157.6939213805599,0.0012312468606978655,UP
2026-05-26,2026-05-27,6695.TW,64.0,63.76793546974659,-0.0036260082852095366,DOWN
2026-05-26,2026-05-27,6697.TWO,41.95000076293945,41.91221198044036,-0.0009008052875287778,DOWN
2026-05-26,2026-05-27,6698.TW,34.45000076293945,34.40524770151083,-0.0012990728719160605,DOWN
2026-05-26,2026-05-27,6703.TWO,110.5,110.53843072937161,0.0003477894060779363,UP
2026-05-26,2026-05-27,6706.TW,197.0,200.05391918029636,0.015502127818763256,UP
2026-05-26,2026-05-27,6708.TWO,40.5,40.47790699219331,-0.0005455063655972481,DOWN
2026-05-26,2026-05-27,6712.TWO,131.5,131.4847920383654,-0.00011564989836188033,DOWN
2026-05-26,2026-05-27,6715.TW,479.5,481.17809029167984,0.00349966692738235,UP
2026-05-26,2026-05-27,6716.TWO,107.0,106.87656442064326,-0.0011536035453900695,DOWN
2026-05-26,2026-05-27,6719.TW,273.5,273.52778435500295,0.00010158813529415056,UP
2026-05-26,2026-05-27,6720.TWO,151.0,151.11530843318906,0.0007636320078745484,UP
2026-05-26,2026-05-27,6722.TW,38.0,38.00643226396642,0.00016927010437939316,UP
2026-05-26,2026-05-27,6725.TWO,346.0,346.2709398200968,0.0007830630638636649,UP
2026-05-26,2026-05-27,6727.TWO,651.0,652.7237810958177,0.0026478972285985947,UP
2026-05-26,2026-05-27,6728.TWO,108.5,108.53880986450531,0.00035769460373558104,UP
2026-05-26,2026-05-27,6730.TWO,36.20000076293945,36.22953842904506,0.0008159576100297702,UP
2026-05-26,2026-05-27,6732.TWO,183.5,183.86417926556896,0.001984628150239587,UP
2026-05-26,2026-05-27,6733.TWO,26.850000381469727,26.86408539252809,0.0005245814099907214,UP
2026-05-26,2026-05-27,6735.TWO,115.0,115.0793530876399,0.0006900268490426242,UP
2026-05-26,2026-05-27,6739.TWO,1360.0,1361.425181766972,0.001047927769832313,UP
2026-05-26,2026-05-27,6741.TWO,63.70000076293945,63.71716779358582,0.0002694981230888359,UP
2026-05-26,2026-05-27,6742.TW,59.59999847412109,59.65512991590373,0.000925024214666389,UP
2026-05-26,2026-05-27,6743.TW,29.14999961853028,29.160293146302045,0.00035312274121682597,UP
2026-05-26,2026-05-27,6751.TWO,47.5,47.484479910708615,-0.00032673872192390263,DOWN
2026-05-26,2026-05-27,6752.TWO,99.0,99.03453662042739,0.00034885475179180503,UP
2026-05-26,2026-05-27,6753.TW,123.0,123.01895653491374,0.00015411817003041506,UP
2026-05-26,2026-05-27,6754.TW,44.150001525878906,44.14463764083063,-0.00012149229587526685,DOWN
2026-05-26,2026-05-27,6756.TW,107.0,106.695844914997,-0.002842570887878537,DOWN
2026-05-26,2026-05-27,6757.TW,55.20000076293945,55.23006841623804,0.0005447038565762945,UP
2026-05-26,2026-05-27,6761.TWO,230.0,234.79351710528135,0.020841378718614578,UP
2026-05-26,2026-05-27,6762.TWO,180.0,180.15437299967743,0.0008576277759857476,UP
2026-05-26,2026-05-27,6763.TWO,43.84999847412109,43.852273043727806,5.187160058993829e-05,UP
2026-05-26,2026-05-27,6767.TWO,26.799999237060547,26.80016948496693,6.352534001078866e-06,UP
2026-05-26,2026-05-27,6768.TW,84.19999694824219,84.2413627416968,0.0004912802251055204,UP
2026-05-26,2026-05-27,6770.TW,70.80000305175781,70.78196302828385,-0.0002548025804570929,DOWN
2026-05-26,2026-05-27,6771.TW,41.45000076293945,41.46459112713135,0.000351999129634313,UP
2026-05-26,2026-05-27,6776.TW,59.20000076293945,59.22526052738497,0.00042668520472939283,UP
2026-05-26,2026-05-27,6781.TW,1245.0,1245.6656770742848,0.0005346803809516132,UP
2026-05-26,2026-05-27,6782.TW,194.0,194.02980877584196,0.00015365348372142762,UP
2026-05-26,2026-05-27,6785.TWO,126.0,126.01025284768548,8.137180702760816e-05,UP
2026-05-26,2026-05-27,6788.TWO,427.0,427.9161160395015,0.002145470818504691,UP
2026-05-26,2026-05-27,6789.TW,556.0,555.8185796859907,-0.0003262955287937075,DOWN
2026-05-26,2026-05-27,6790.TW,39.25,39.26849805128586,0.0004712879308499396,UP
2026-05-26,2026-05-27,6791.TWO,112.0,112.01643654238433,0.00014675484271720052,UP
2026-05-26,2026-05-27,6792.TW,67.19999694824219,67.18342603622752,-0.0002465909637977297,DOWN
2026-05-26,2026-05-27,6794.TW,78.69999694824219,78.7959023101901,0.001218619639985331,UP
2026-05-26,2026-05-27,6796.TW,61.400001525878906,61.44448970749474,0.0007245632004924625,UP
2026-05-26,2026-05-27,6799.TW,111.0,112.59737085644156,0.014390728436410427,UP
2026-05-26,2026-05-27,6803.TWO,286.0,286.1503037333023,0.0005255375290289521,UP
2026-05-26,2026-05-27,6804.TWO,16.5,16.48928361979779,-0.0006494775880128145,DOWN
2026-05-26,2026-05-27,6805.TW,1785.0,1789.0140537824482,0.002248769626021385,UP
2026-05-26,2026-05-27,6806.TW,7.519999980926514,7.294795336698483,-0.029947426170110703,DOWN
2026-05-26,2026-05-27,6807.TW,33.099998474121094,33.105475488088985,0.00016546870756422986,UP
2026-05-26,2026-05-27,6811.TWO,214.5,214.2452341876924,-0.0011877194046974182,DOWN
2026-05-26,2026-05-27,6821.TWO,69.4000015258789,70.16618350603439,0.011040085926651955,UP
2026-05-26,2026-05-27,6823.TWO,80.5999984741211,80.57608130508329,-0.0002967390755656253,DOWN
2026-05-26,2026-05-27,6829.TWO,217.5,217.17563613405218,-0.0014913281193003058,DOWN
2026-05-26,2026-05-27,6830.TW,778.0,778.9057930801064,0.0011642584577202797,UP
2026-05-26,2026-05-27,6831.TW,820.0,822.4744338495657,0.0030176022555679083,UP
2026-05-26,2026-05-27,6834.TW,81.9000015258789,80.59102504180193,-0.015982618555426598,DOWN
2026-05-26,2026-05-27,6835.TW,38.25,38.2542070725558,0.00010998882498824969,UP
2026-05-26,2026-05-27,6838.TW,25.549999237060547,25.554989996344506,0.00019533305021474852,UP
2026-05-26,2026-05-27,6840.TWO,63.09999847412109,63.109771293022774,0.0001548782747704149,UP
2026-05-26,2026-05-27,6841.TWO,57.5,57.52540172543377,0.00044176913797855377,UP
2026-05-26,2026-05-27,6843.TWO,42.70000076293945,42.688911196260364,-0.00025970881688401533,DOWN
2026-05-26,2026-05-27,6844.TWO,66.0,66.03638204326853,0.0005512430798262358,UP
2026-05-26,2026-05-27,6846.TWO,68.4000015258789,68.42682554121596,0.00039216395816755664,UP
2026-05-26,2026-05-27,6854.TW,160.0,160.09373603388667,0.0005858502117916942,UP
2026-05-26,2026-05-27,6855.TWO,111.0,111.51963845221326,0.004681427497416735,UP
2026-05-26,2026-05-27,6859.TWO,123.5,123.53776551646297,0.00030579365557059646,UP
2026-05-26,2026-05-27,6861.TW,449.5,450.6896640264895,0.002646638546139002,UP
2026-05-26,2026-05-27,6862.TW,181.5,181.06739358999766,-0.002383506391197443,DOWN
2026-05-26,2026-05-27,6863.TW,112.0,111.91302028764039,-0.0007766045746393502,DOWN
2026-05-26,2026-05-27,6865.TWO,27.799999237060547,27.8084143803241,0.000302703003399122,UP
2026-05-26,2026-05-27,6869.TW,83.80000305175781,83.83575216869743,0.0004266004252712591,UP
2026-05-26,2026-05-27,6870.TWO,233.0,232.89883362693945,-0.0004341904423199594,DOWN
2026-05-26,2026-05-27,6872.TWO,18.100000381469727,18.101076114601646,5.94327684667389e-05,UP
2026-05-26,2026-05-27,6873.TW,89.69999694824219,89.73795251960199,0.00042313904850747175,UP
2026-05-26,2026-05-27,6874.TWO,79.5,79.49672991896477,-4.113309478270821e-05,DOWN
2026-05-26,2026-05-27,6875.TWO,38.04999923706055,38.035180917464,-0.00038944336120031055,DOWN
2026-05-26,2026-05-27,6877.TWO,176.5,181.1479192432016,0.026333820074796677,UP
2026-05-26,2026-05-27,6881.TWO,268.0,268.17198466253467,0.0006417338154278696,UP
2026-05-26,2026-05-27,6884.TWO,33.349998474121094,33.336054332722306,-0.00041811520350168994,DOWN
2026-05-26,2026-05-27,6885.TW,21.5,21.505962674316834,0.00027733368915505707,UP
2026-05-26,2026-05-27,6887.TW,31.89999961853028,31.969213689850914,0.002169720130041255,UP
2026-05-26,2026-05-27,6890.TW,169.0,168.93335798717453,-0.00039433143683709204,DOWN
2026-05-26,2026-05-27,6894.TWO,376.0,377.2651352137327,0.0033647213131189346,UP
2026-05-26,2026-05-27,6895.TWO,152.5,152.49653451485756,-2.272449273732491e-05,DOWN
2026-05-26,2026-05-27,6899.TWO,61.29999923706055,61.19275734019061,-0.001749460003338805,DOWN
2026-05-26,2026-05-27,6901.TW,12.800000190734863,12.83409790745523,0.0026638840790837483,UP
2026-05-26,2026-05-27,6902.TW,141.0,141.54444493423216,0.0038613115902990103,UP
2026-05-26,2026-05-27,6903.TWO,434.0,434.91086673457175,0.0020987712778151035,UP
2026-05-26,2026-05-27,6904.TWO,117.0,116.84651436307468,-0.0013118430506438017,DOWN
2026-05-26,2026-05-27,6906.TW,101.5,101.87482070701662,0.0036928148474544287,UP
2026-05-26,2026-05-27,6907.TWO,121.5,121.37330531340558,-0.0010427546221762896,DOWN
2026-05-26,2026-05-27,6909.TW,55.20000076293945,55.26289519735928,0.0011393919121474188,UP
2026-05-26,2026-05-27,6910.TWO,27.549999237060547,27.498149188838912,-0.0018820344703271501,DOWN
2026-05-26,2026-05-27,6913.TWO,149.0,149.05203228464234,0.00034920996404252946,UP
2026-05-26,2026-05-27,6914.TW,141.0,140.9804751102347,-0.00013847439549863338,DOWN
2026-05-26,2026-05-27,6916.TW,18.0,17.982757414109074,-0.0009579214383848011,DOWN
2026-05-26,2026-05-27,6918.TW,73.5,73.49488549050875,-6.95851631462574e-05,DOWN
2026-05-26,2026-05-27,6919.TW,102.5,102.40706344920909,-0.0009066980564966798,DOWN
2026-05-26,2026-05-27,6921.TW,77.0,77.00635099200008,8.248041558545083e-05,UP
2026-05-26,2026-05-27,6922.TWO,193.5,193.59429988510965,0.0004873379075434059,UP
2026-05-26,2026-05-27,6923.TW,78.80000305175781,78.82541344373641,0.00032246689079321484,UP
2026-05-26,2026-05-27,6924.TW,161.0,161.32734443130903,0.002033195225521922,UP
2026-05-26,2026-05-27,6925.TWO,57.70000076293945,57.73485811267853,0.0006041135056876146,UP
2026-05-26,2026-05-27,6928.TW,46.75,46.729011879404425,-0.00044894375605508685,DOWN
2026-05-26,2026-05-27,6929.TWO,22.0,22.047999827191234,0.002181810326874256,UP
2026-05-26,2026-05-27,6931.TW,40.0,40.024453222285956,0.0006113305571489036,UP
2026-05-26,2026-05-27,6933.TW,165.5,165.270333997556,-0.0013877099845558405,DOWN
2026-05-26,2026-05-27,6934.TW,75.4000015258789,75.29980019989674,-0.0013289300259202012,DOWN
2026-05-26,2026-05-27,6936.TW,33.0,33.0027574548003,8.355923637282103e-05,UP
2026-05-26,2026-05-27,6937.TW,337.5,337.18991752975853,-0.000918762874789536,DOWN
2026-05-26,2026-05-27,6944.TW,951.0,953.2708290405571,0.002387832850217819,UP
2026-05-26,2026-05-27,6949.TW,668.0,668.1298885343131,0.00019444391364231706,UP
2026-05-26,2026-05-27,6951.TW,81.0,80.94093048881041,-0.0007292532245628536,DOWN
2026-05-26,2026-05-27,6952.TW,36.5,36.50917704626045,0.00025142592494376004,UP
2026-05-26,2026-05-27,6953.TWO,262.5,262.16968869266566,-0.001258328789845109,DOWN
2026-05-26,2026-05-27,6955.TW,151.5,151.51255099975242,8.28448828542605e-05,UP
2026-05-26,2026-05-27,6957.TW,159.5,159.57852598515456,0.0004923259257338941,UP
2026-05-26,2026-05-27,6958.TW,17.100000381469727,17.109748821527237,0.0005700842011719682,UP
2026-05-26,2026-05-27,6961.TWO,58.5,58.52622964177863,0.0004483699449338019,UP
2026-05-26,2026-05-27,6962.TW,38.70000076293945,38.64716301079051,-0.001365316566079901,DOWN
2026-05-26,2026-05-27,6965.TW,76.0,76.03697817667853,0.00048655495629645884,UP
2026-05-26,2026-05-27,6967.TWO,72.9000015258789,72.9257781124743,0.00035358828608869126,UP
2026-05-26,2026-05-27,6968.TWO,42.900001525878906,42.9164806469064,0.0003841286816167904,UP
2026-05-26,2026-05-27,6969.TW,28.0,28.014390479773283,0.0005139457061886787,UP
2026-05-26,2026-05-27,6971.TWO,27.5,27.503953872219427,0.00014377717161551118,UP
2026-05-26,2026-05-27,6982.TWO,57.0,57.05139174393844,0.0009016095427796245,UP
2026-05-26,2026-05-27,6983.TWO,472.0,485.95632623136044,0.029568487778306007,UP
2026-05-26,2026-05-27,6988.TW,16.549999237060547,16.545993031664565,-0.00024206680245702865,DOWN
2026-05-26,2026-05-27,6994.TW,56.400001525878906,56.51735038990988,0.0020806535612792093,UP
2026-05-26,2026-05-27,6996.TWO,191.5,191.62464321620064,0.000650878413580358,UP
2026-05-26,2026-05-27,6997.TWO,66.4000015258789,66.92406190869494,0.007892475463449847,UP
2026-05-26,2026-05-27,7402.TWO,98.5999984741211,98.54161507652154,-0.0005921237170696259,DOWN
2026-05-26,2026-05-27,7547.TWO,64.5999984741211,65.03778680739617,0.006776909343898186,UP
2026-05-26,2026-05-27,7556.TWO,293.0,293.269629112212,0.0009202358778566122,UP
2026-05-26,2026-05-27,7584.TWO,24.89999961853028,25.051873647004097,0.006099358666688238,UP
2026-05-26,2026-05-27,7610.TW,1260.0,1261.0233056440484,0.0008121473365463316,UP
2026-05-26,2026-05-27,7631.TW,127.5,127.50898406035049,7.046321843517944e-05,UP
2026-05-26,2026-05-27,7642.TWO,68.0,68.04378814576194,0.0006439433200284839,UP
2026-05-26,2026-05-27,7703.TWO,217.0,217.16446268506115,0.0007578925578854978,UP
2026-05-26,2026-05-27,7704.TWO,67.69999694824219,67.64683003739187,-0.0007853310671634054,DOWN
2026-05-26,2026-05-27,7705.TW,31.200000762939453,31.169172944306,-0.0009880710858851387,DOWN
2026-05-26,2026-05-27,7708.TWO,92.4000015258789,92.4318153521876,0.00034430547384549533,UP
2026-05-26,2026-05-27,7709.TWO,91.6999969482422,91.67988977203474,-0.00021927128545936044,DOWN
2026-05-26,2026-05-27,7711.TW,389.0,388.79268662264803,-0.0005329392733983696,DOWN
2026-05-26,2026-05-27,7712.TWO,184.0,190.7615987300873,0.03674781918525699,UP
2026-05-26,2026-05-27,7713.TWO,66.80000305175781,66.81098074281564,0.0001643366849747919,UP
2026-05-26,2026-05-27,7714.TWO,122.0,122.03889220248675,0.0003187885449733585,UP
2026-05-26,2026-05-27,7715.TWO,28.049999237060547,28.049870016749253,-4.606784841661977e-06,DOWN
2026-05-26,2026-05-27,7716.TWO,25.14999961853028,25.09761187582343,-0.002083011670038086,DOWN
2026-05-26,2026-05-27,7717.TWO,686.0,685.2370937506203,-0.0011121082352474332,DOWN
2026-05-26,2026-05-27,7718.TWO,48.900001525878906,48.90552786870758,0.00011301314225417632,UP
2026-05-26,2026-05-27,7721.TW,78.80000305175781,78.58479897170422,-0.0027310161385684754,DOWN
2026-05-26,2026-05-27,7722.TW,261.0,260.88427614732063,-0.000443386408733204,DOWN
2026-05-26,2026-05-27,7723.TWO,23.700000762939453,23.737313221886026,0.001574365305714253,UP
2026-05-26,2026-05-27,7728.TWO,762.0,762.5179512226023,0.0006797260139137506,UP
2026-05-26,2026-05-27,7730.TW,216.0,216.10357171995565,0.0004794987034983933,UP
2026-05-26,2026-05-27,7732.TW,35.5,35.457459592144005,-0.0011983213480561972,DOWN
2026-05-26,2026-05-27,7734.TWO,3610.0,3632.177067073062,0.006143231876194477,UP
2026-05-26,2026-05-27,7736.TW,71.80000305175781,71.82975980120412,0.0004144393897150145,UP
2026-05-26,2026-05-27,7738.TWO,167.5,167.57018175718258,0.0004189955652691424,UP
2026-05-26,2026-05-27,7740.TW,171.5,171.20652083604364,-0.0017112487694248557,DOWN
2026-05-26,2026-05-27,7743.TWO,19.0,19.02501091454178,0.0013163639232516289,UP
2026-05-26,2026-05-27,7744.TWO,505.0,505.3599134774413,0.000712699955329299,UP
2026-05-26,2026-05-27,7747.TWO,130.0,129.99202613711532,-6.13374068052508e-05,DOWN
2026-05-26,2026-05-27,7749.TW,519.0,518.7632824485772,-0.0004561031819321215,DOWN
2026-05-26,2026-05-27,7750.TW,2630.0,2635.743698591832,0.002183915814384818,UP
2026-05-26,2026-05-27,7751.TWO,1760.0,1782.0351579785347,0.012519976124167442,UP
2026-05-26,2026-05-27,7753.TWO,43.04999923706055,43.04622100861491,-8.776372851563782e-05,DOWN
2026-05-26,2026-05-27,7757.TWO,104.0,104.02488132379949,0.00023924349807202816,UP
2026-05-26,2026-05-27,7760.TW,33.04999923706055,33.06399916559154,0.0004235984524711832,UP
2026-05-26,2026-05-27,7765.TW,244.5,244.6021876247105,0.00041794529533945024,UP
2026-05-26,2026-05-27,7767.TWO,43.400001525878906,43.421792867940525,0.0005021046381444149,UP
2026-05-26,2026-05-27,7768.TW,385.0,383.8649638486095,-0.0029481458477675915,DOWN
2026-05-26,2026-05-27,7769.TW,7900.0,7941.441269218922,0.00524573028087616,UP
2026-05-26,2026-05-27,7770.TWO,41.79999923706055,41.8375574184595,0.0008985211024992115,UP
2026-05-26,2026-05-27,7772.TWO,164.0,164.42096344567835,0.0025668502785265446,UP
2026-05-26,2026-05-27,7777.TWO,36.0,36.01603666052688,0.0004454627924133092,UP
2026-05-26,2026-05-27,7780.TW,17.899999618530273,17.91278177009198,0.0007140866946428766,UP
2026-05-26,2026-05-27,7782.TWO,25.600000381469727,25.63288909841908,0.0012847154866904194,UP
2026-05-26,2026-05-27,7786.TW,116.5,116.57860245683696,0.0006746992003172636,UP
2026-05-26,2026-05-27,7788.TW,190.5,190.79493536590599,0.0015482171438634396,UP
2026-05-26,2026-05-27,7791.TW,64.5,64.52300745659159,0.00035670475335791707,UP
2026-05-26,2026-05-27,7792.TWO,268.5,268.64824305762886,0.0005521156708709896,UP
2026-05-26,2026-05-27,7794.TWO,28.700000762939453,28.705343647885606,0.00018616323359307532,UP
2026-05-26,2026-05-27,7795.TW,416.0,416.059631947428,0.00014334602747112513,UP
2026-05-26,2026-05-27,7799.TW,328.5,328.3678420478536,-0.00040230731246992946,DOWN
2026-05-26,2026-05-27,7805.TWO,784.0,786.1867868714035,0.002789268968626857,UP
2026-05-26,2026-05-27,7810.TWO,236.5,236.4902712014191,-4.1136569052468985e-05,DOWN
2026-05-26,2026-05-27,7811.TWO,80.5,80.46447986361454,-0.00044124393025413156,DOWN
2026-05-26,2026-05-27,7820.TWO,133.5,133.5236751231132,0.00017734174616634846,UP
2026-05-26,2026-05-27,7822.TW,1180.0,1182.3353454796597,0.0019791063386946917,UP
2026-05-26,2026-05-27,7823.TW,100.5,100.44512521915021,-0.0005460177198983729,DOWN
2026-05-26,2026-05-27,7828.TWO,1405.0,1456.4950586860066,0.036651287321001126,UP
2026-05-26,2026-05-27,7842.TWO,121.0,121.30183495301753,0.0024945037439465523,UP
2026-05-26,2026-05-27,8011.TW,17.899999618530273,17.90453498524087,0.0002533724473323394,UP
2026-05-26,2026-05-27,8016.TW,289.5,289.4304969283621,-0.0002400796947767958,DOWN
2026-05-26,2026-05-27,8021.TW,464.5,465.8214564328082,0.0028449008241295815,UP
2026-05-26,2026-05-27,8024.TWO,12.75,12.732882746786345,-0.0013425296638160944,DOWN
2026-05-26,2026-05-27,8027.TWO,256.5,258.66814394295216,0.008452802896499634,UP
2026-05-26,2026-05-27,8028.TW,311.0,311.1032771251339,0.000332080788211897,UP
2026-05-26,2026-05-27,8032.TWO,46.54999923706055,46.597729281846,0.0010253500659018946,UP
2026-05-26,2026-05-27,8033.TW,136.5,136.36784837793675,-0.0009681437513791025,DOWN
2026-05-26,2026-05-27,8034.TWO,24.200000762939453,24.189158217965595,-0.0004480390343814721,DOWN
2026-05-26,2026-05-27,8038.TWO,41.25,41.25885592680788,0.00021468913473654538,UP
2026-05-26,2026-05-27,8039.TW,155.5,156.3351357090287,0.005370647646486759,UP
2026-05-26,2026-05-27,8040.TWO,118.0,118.11984741338529,0.0010156560456380248,UP
2026-05-26,2026-05-27,8042.TWO,147.0,147.97162551200017,0.006609697360545397,UP
2026-05-26,2026-05-27,8043.TWO,121.0,120.41840533865616,-0.004806567449122667,DOWN
2026-05-26,2026-05-27,8044.TWO,27.049999237060547,27.01816191389382,-0.0011769805569202035,DOWN
2026-05-26,2026-05-27,8045.TW,68.30000305175781,68.35327408849798,0.000779956579208374,UP
2026-05-26,2026-05-27,8046.TW,922.0,923.3931819105055,0.001511043286882341,UP
2026-05-26,2026-05-27,8047.TWO,42.70000076293945,42.739100417413404,0.000915682758204691,UP
2026-05-26,2026-05-27,8048.TWO,62.79999923706055,62.77104456518097,-0.00046106165973466433,DOWN
2026-05-26,2026-05-27,8049.TWO,27.0,26.97179453226272,-0.0010446469532325864,DOWN
2026-05-26,2026-05-27,8050.TWO,60.09999847412109,61.21155449272842,0.018495108932256702,UP
2026-05-26,2026-05-27,8054.TWO,112.0,111.9557759417221,-0.00039485766319558024,DOWN
2026-05-26,2026-05-27,8059.TWO,19.799999237060547,19.79134717945868,-0.0004369726229924989,DOWN
2026-05-26,2026-05-27,8064.TWO,149.0,149.28540036373306,0.0019154386827722192,UP
2026-05-26,2026-05-27,8066.TWO,16.149999618530273,16.157300702592316,0.0004520795191639203,UP
2026-05-26,2026-05-27,8067.TWO,13.600000381469728,13.604066625724052,0.00029898853972560734,UP
2026-05-26,2026-05-27,8068.TWO,20.0,20.01709649921395,0.0008548249606974423,UP
2026-05-26,2026-05-27,8069.TWO,235.0,235.17818155756686,0.0007582193939015269,UP
2026-05-26,2026-05-27,8070.TW,49.54999923706055,49.59074900813696,0.0008223970071413205,UP
2026-05-26,2026-05-27,8071.TWO,20.100000381469727,20.191739568970604,0.004564138595014766,UP
2026-05-26,2026-05-27,8072.TW,27.799999237060547,27.771678900052358,-0.001018717186525496,DOWN
2026-05-26,2026-05-27,8074.TWO,80.0,79.91733338683844,-0.0010333326645195484,DOWN
2026-05-26,2026-05-27,8076.TWO,23.850000381469727,23.847620348486583,-9.979173773904795e-05,DOWN
2026-05-26,2026-05-27,8077.TWO,45.29999923706055,45.22074228752942,-0.0017496015643701643,DOWN
2026-05-26,2026-05-27,8080.TWO,27.799999237060547,27.81315432356773,0.0004732045636046558,UP
2026-05-26,2026-05-27,8081.TW,291.0,291.38246295880526,0.0013143057003617287,UP
2026-05-26,2026-05-27,8083.TWO,167.5,167.47459231359244,-0.00015168768004514277,DOWN
2026-05-26,2026-05-27,8084.TWO,45.0,45.00541754914593,0.00012038998102070764,UP
2026-05-26,2026-05-27,8085.TWO,11.399999618530272,11.404756958536169,0.00041731054079721327,UP
2026-05-26,2026-05-27,8086.TWO,179.0,184.73495956165718,0.03203888023272166,UP
2026-05-26,2026-05-27,8087.TWO,32.95000076293945,32.96422946892184,0.00043182718218306575,UP
2026-05-26,2026-05-27,8088.TWO,60.400001525878906,60.423981644656024,0.0003970218240283209,UP
2026-05-26,2026-05-27,8089.TWO,20.0,19.996622821199708,-0.00016885894001461565,DOWN
2026-05-26,2026-05-27,8091.TWO,269.5,270.34710506221745,0.0031432469841092825,UP
2026-05-26,2026-05-27,8092.TWO,17.899999618530273,17.912049025215,0.0006731512257829432,UP
2026-05-26,2026-05-27,8093.TWO,18.200000762939453,18.21890712489932,0.0010388110531493288,UP
2026-05-26,2026-05-27,8096.TWO,119.5,119.31616137217497,-0.001538398559205234,DOWN
2026-05-26,2026-05-27,8097.TWO,57.59999847412109,57.529429255060194,-0.0012251600855961598,DOWN
2026-05-26,2026-05-27,8099.TWO,58.900001525878906,58.91642173196644,0.00027878108085135775,UP
2026-05-26,2026-05-27,8101.TW,13.300000190734863,13.278669466331172,-0.0016038138419389725,DOWN
2026-05-26,2026-05-27,8102.TWO,64.9000015258789,64.89411355637475,-9.07237190404446e-05,DOWN
2026-05-26,2026-05-27,8103.TW,107.0,106.99326309199387,-6.296175706665963e-05,DOWN
2026-05-26,2026-05-27,8104.TW,34.95000076293945,34.921362514250205,-0.0008194062393158928,DOWN
2026-05-26,2026-05-27,8105.TW,16.600000381469727,16.563432740976758,-0.002202869858592802,DOWN
2026-05-26,2026-05-27,8107.TWO,11.449999809265137,11.454463836287175,0.00038987136213104533,UP
2026-05-26,2026-05-27,8109.TWO,123.0,122.76354410208296,-0.001922405674122274,DOWN
2026-05-26,2026-05-27,8110.TW,55.09999847412109,56.04939876698847,0.01723049581050873,UP
2026-05-26,2026-05-27,8111.TWO,68.80000305175781,68.81178956517145,0.00017131559434339753,UP
2026-05-26,2026-05-27,8112.TW,83.30000305175781,83.29276945811854,-8.683785563340154e-05,DOWN
2026-05-26,2026-05-27,8114.TW,260.5,261.5885621558409,0.004178741481155157,UP
2026-05-26,2026-05-27,8121.TWO,41.5,41.22654285188764,-0.006589328870177269,DOWN
2026-05-26,2026-05-27,8131.TW,66.5999984741211,66.63421914745881,0.0005138239357619678,UP
2026-05-26,2026-05-27,8147.TWO,183.0,183.21157824341208,0.0011561652645468712,UP
2026-05-26,2026-05-27,8150.TW,85.4000015258789,85.25147373627452,-0.001739201252348669,DOWN
2026-05-26,2026-05-27,8155.TWO,418.0,418.08685901152785,0.00020779667829629034,UP
2026-05-26,2026-05-27,8162.TW,73.4000015258789,74.34317469918454,0.012849770486354828,UP
2026-05-26,2026-05-27,8163.TW,36.75,36.76335721756186,0.00036346170236356556,UP
2026-05-26,2026-05-27,8171.TWO,23.049999237060547,23.05633596824899,0.00027491242508397696,UP
2026-05-26,2026-05-27,8176.TWO,10.149999618530272,10.154733132595352,0.00046635608305230404,UP
2026-05-26,2026-05-27,8182.TWO,45.650001525878906,45.53301362594473,-0.0025627140421419945,DOWN
2026-05-26,2026-05-27,8183.TWO,32.0,31.968927562236786,-0.000971013680100441,DOWN
2026-05-26,2026-05-27,8201.TW,13.350000381469728,13.344928929866608,-0.00037988400436000247,DOWN
2026-05-26,2026-05-27,8210.TW,1440.0,1443.567078486085,0.0024771378375589848,UP
2026-05-26,2026-05-27,8213.TW,39.25,39.19775584171293,-0.0013310613576322794,DOWN
2026-05-26,2026-05-27,8215.TW,29.39999961853028,29.34895061749147,-0.001736360602080882,DOWN
2026-05-26,2026-05-27,8222.TW,35.099998474121094,35.10415644945574,0.00011846084089477424,UP
2026-05-26,2026-05-27,8227.TWO,224.5,220.8658869676292,-0.01618758589029312,DOWN
2026-05-26,2026-05-27,8234.TWO,73.19999694824219,73.11847948157148,-0.0011136266402899248,DOWN
2026-05-26,2026-05-27,8240.TWO,69.4000015258789,69.43116887771016,0.0004490972787606533,UP
2026-05-26,2026-05-27,8249.TW,58.29999923706055,59.23957900665471,0.016116291284561157,UP
2026-05-26,2026-05-27,8255.TWO,187.0,191.26097412779927,0.022785957902669907,UP
2026-05-26,2026-05-27,8261.TW,193.5,197.5479848664254,0.020919818431138992,UP
2026-05-26,2026-05-27,8271.TW,230.0,230.1036960419151,0.000450852356152609,UP
2026-05-26,2026-05-27,8272.TWO,70.19999694824219,70.21564524022764,0.00022291015193339893,UP
2026-05-26,2026-05-27,8277.TWO,7.079999923706055,7.074168755102409,-0.0008236113935709,DOWN
2026-05-26,2026-05-27,8279.TWO,96.3000030517578,96.33924119877118,0.00040745738078834087,UP
2026-05-26,2026-05-27,8284.TWO,63.29999923706055,63.29099421579389,-0.00014225942140908405,DOWN
2026-05-26,2026-05-27,8289.TWO,69.5,69.25661168724764,-0.0035019901115447283,DOWN
2026-05-26,2026-05-27,8299.TWO,2505.0,2509.15763731522,0.0016597354551777244,UP
2026-05-26,2026-05-27,8341.TW,75.69999694824219,75.73756085057882,0.0004962206585333455,UP
2026-05-26,2026-05-27,8342.TWO,91.5,91.5145696404943,0.00015923104365356266,UP
2026-05-26,2026-05-27,8349.TWO,40.84999847412109,40.850837171932966,2.0531158952444255e-05,UP
2026-05-26,2026-05-27,8354.TWO,16.700000762939453,16.67953081345965,-0.0012257454218343698,DOWN
2026-05-26,2026-05-27,8358.TWO,533.0,535.0628581198398,0.003870277898386121,UP
2026-05-26,2026-05-27,8367.TW,40.59999847412109,40.61100500482677,0.00027109682559967046,UP
2026-05-26,2026-05-27,8374.TW,110.5,110.5003823140978,3.4598560887388885e-06,UP
2026-05-26,2026-05-27,8383.TWO,61.29999923706055,61.150290396903344,-0.002442232333123626,DOWN
2026-05-26,2026-05-27,8390.TWO,120.5,120.49651818674647,-2.8894715796923265e-05,DOWN
2026-05-26,2026-05-27,8401.TWO,22.950000762939453,22.955153159832417,0.00022450530377689313,UP
2026-05-26,2026-05-27,8403.TWO,19.64999961853028,19.654103551341912,0.00020885154663113383,UP
2026-05-26,2026-05-27,8404.TW,16.450000762939453,16.456765490429248,0.0004112296155654569,UP
2026-05-26,2026-05-27,8409.TWO,19.200000762939453,19.20149675082772,7.79160327510648e-05,UP
2026-05-26,2026-05-27,8410.TWO,35.04999923706055,35.069691143707956,0.000561823311727437,UP
2026-05-26,2026-05-27,8411.TW,12.0,12.009198019746691,0.0007665016455575824,UP
2026-05-26,2026-05-27,8415.TWO,34.900001525878906,34.95374654390439,0.0015399717958644796,UP
2026-05-26,2026-05-27,8416.TWO,172.5,172.57017886098765,0.00040683397674001753,UP
2026-05-26,2026-05-27,8421.TWO,13.5,13.502671147783985,0.00019786279881373048,UP
2026-05-26,2026-05-27,8422.TW,27.14999961853028,27.117410511533183,-0.001200335449539182,DOWN
2026-05-26,2026-05-27,8423.TWO,17.700000762939453,17.707798759070258,0.0004405647341627314,UP
2026-05-26,2026-05-27,8424.TWO,72.5999984741211,72.6035463667653,4.886904571315408e-05,UP
2026-05-26,2026-05-27,8426.TWO,22.549999237060547,22.567461859737513,0.0007743957103229764,UP
2026-05-26,2026-05-27,8429.TW,6.239999771118164,6.243729586129172,0.0005977267865090851,UP
2026-05-26,2026-05-27,8431.TWO,59.20000076293945,59.172045396560016,-0.0004722190205939677,DOWN
2026-05-26,2026-05-27,8432.TWO,51.20000076293945,51.19060489670343,-0.00018351300968783577,DOWN
2026-05-26,2026-05-27,8433.TWO,53.29999923706055,53.283844016132804,-0.0003030998341273912,DOWN
2026-05-26,2026-05-27,8435.TWO,54.70000076293945,54.74938138951737,0.0009027536725624828,UP
2026-05-26,2026-05-27,8436.TWO,119.0,119.01116185034334,9.379706170875579e-05,UP
2026-05-26,2026-05-27,8437.TWO,11.75,11.748010443458043,-0.00016932396101765335,DOWN
2026-05-26,2026-05-27,8438.TW,92.0999984741211,92.14145929013316,0.0004501717339736129,UP
2026-05-26,2026-05-27,8440.TWO,22.0,21.998106152459513,-8.608397911302745e-05,DOWN
2026-05-26,2026-05-27,8442.TW,39.95000076293945,39.98790210093925,0.000948719331063408,UP
2026-05-26,2026-05-27,8443.TW,11.300000190734863,11.307495393229967,0.0006632922450080415,UP
2026-05-26,2026-05-27,8444.TWO,6.150000095367432,6.204031850257563,0.00878565106540911,UP
2026-05-26,2026-05-27,8446.TWO,84.69999694824219,84.72725185965709,0.00032178172841676515,UP
2026-05-26,2026-05-27,8450.TWO,15.800000190734863,15.806349944632785,0.00040188315324486706,UP
2026-05-26,2026-05-27,8454.TW,188.0,188.18822637666017,0.0010012041311711073,UP
2026-05-26,2026-05-27,8455.TWO,40.0,39.897190583869815,-0.002570235403254628,DOWN
2026-05-26,2026-05-27,8462.TW,136.5,136.54483121990052,0.00032843384542502463,UP
2026-05-26,2026-05-27,8463.TW,21.600000381469727,21.61183054030345,0.0005476925289257641,UP
2026-05-26,2026-05-27,8464.TW,315.5,315.51773314377533,5.620647789328359e-05,UP
2026-05-26,2026-05-27,8466.TW,15.949999809265137,16.319844462211382,0.023187752813100815,UP
2026-05-26,2026-05-27,8467.TW,131.0,131.01346907763218,0.00010281738650519401,UP
2026-05-26,2026-05-27,8472.TWO,69.5,69.51988148401142,0.00028606451814994216,UP
2026-05-26,2026-05-27,8473.TW,42.09999847412109,42.115703555817646,0.00037304233410396213,UP
2026-05-26,2026-05-27,8476.TW,15.449999809265137,15.469746615173754,0.0012781104305759144,UP
2026-05-26,2026-05-27,8477.TWO,18.89999961853028,20.14007857485215,0.0656126445159316,UP
2026-05-26,2026-05-27,8478.TW,150.5,150.5254715765259,0.00016924635565374047,UP
2026-05-26,2026-05-27,8481.TW,40.54999923706055,40.50691357179468,-0.0010625318391248035,DOWN
2026-05-26,2026-05-27,8482.TW,49.09999847412109,49.145129658677874,0.0009191687568091128,UP
2026-05-26,2026-05-27,8487.TW,81.69999694824219,81.70977461130535,0.00011967764294233285,UP
2026-05-26,2026-05-27,8488.TW,9.800000190734863,9.807808484195897,0.0007967646233737922,UP
2026-05-26,2026-05-27,8489.TWO,23.450000762939453,23.495569642788638,0.0019432357512415212,UP
2026-05-26,2026-05-27,8499.TW,336.5,336.7284481030656,0.0006788948085159063,UP
2026-05-26,2026-05-27,8906.TWO,25.0,24.996342650047154,-0.00014629399811383337,DOWN
2026-05-26,2026-05-27,8908.TWO,40.650001525878906,40.66983340597154,0.0004878691106568858,UP
2026-05-26,2026-05-27,8916.TWO,45.5,45.52232418881613,0.0004906415124423802,UP
2026-05-26,2026-05-27,8917.TWO,52.09999847412109,52.08217714122245,-0.0003420601424294987,DOWN
2026-05-26,2026-05-27,8921.TWO,18.5,18.489424911356764,-0.0005716264131478965,DOWN
2026-05-26,2026-05-27,8924.TWO,64.0,63.990320078097284,-0.00015124877972994,DOWN
2026-05-26,2026-05-27,8926.TW,68.69999694824219,70.90050751815711,0.032030722964555086,UP
2026-05-26,2026-05-27,8927.TWO,18.39999961853028,18.44971599066004,0.0027019768022000295,UP
2026-05-26,2026-05-27,8928.TWO,21.14999961853028,21.156726031333722,0.00031803370802656696,UP
2026-05-26,2026-05-27,8929.TWO,13.850000381469728,13.875925681936058,0.0018718627979979077,UP
2026-05-26,2026-05-27,8930.TWO,28.5,28.503595102476538,0.00012614394654519856,UP
2026-05-26,2026-05-27,8931.TWO,42.70000076293945,42.71724304393532,0.0004038004844915876,UP
2026-05-26,2026-05-27,8932.TWO,101.5,101.56372630313854,0.0006278453511185944,UP
2026-05-26,2026-05-27,8933.TWO,4.400000095367432,4.41453001539982,0.003302254481241132,UP
2026-05-26,2026-05-27,8935.TWO,19.950000762939453,19.951319131851264,6.608365220014949e-05,UP
2026-05-26,2026-05-27,8936.TWO,50.59999847412109,50.62115515579581,0.0004181162512395224,UP
2026-05-26,2026-05-27,8937.TWO,30.600000381469727,30.61629895100432,0.0005326329846866393,UP
2026-05-26,2026-05-27,8938.TWO,53.5,53.508658633763844,0.0001618436217540875,UP
2026-05-26,2026-05-27,8940.TW,16.700000762939453,16.733627845020536,0.0020135976374149323,UP
2026-05-26,2026-05-27,8941.TWO,44.04999923706055,44.04746888651315,-5.744269219570931e-05,DOWN
2026-05-26,2026-05-27,8942.TWO,41.0,41.02014629810583,0.0004913731245324016,UP
2026-05-26,2026-05-27,8996.TW,1245.0,1265.680716522038,0.016611017286777496,UP
2026-05-26,2026-05-27,9103.TW,5.210000038146973,5.209612279046194,-7.442593050661637e-05,DOWN
2026-05-26,2026-05-27,9105.TW,8.15999984741211,8.64855826978247,0.059872356802225114,UP
2026-05-26,2026-05-27,9110.TW,2.5799999237060547,2.585929525314573,0.0022982952650636435,UP
2026-05-26,2026-05-27,9136.TW,10.899999618530272,10.934198857415337,0.0031375449616462404,UP
2026-05-26,2026-05-27,9802.TW,74.4000015258789,74.46664481700174,0.0008957431418821813,UP
2026-05-26,2026-05-27,9902.TW,13.800000190734863,13.804412186003036,0.0003197097976226903,UP
2026-05-26,2026-05-27,9904.TW,25.549999237060547,25.555625256627614,0.00022019646712579267,UP
2026-05-26,2026-05-27,9905.TW,20.700000762939453,20.702864648527665,0.00013835195568396091,UP
2026-05-26,2026-05-27,9906.TW,33.150001525878906,33.12872543047271,-0.0006418128032236756,DOWN
2026-05-26,2026-05-27,9907.TW,15.850000381469728,15.85907529171395,0.0005725495284423372,UP
2026-05-26,2026-05-27,9908.TW,29.100000381469727,29.106850685513507,0.00023540563415739776,UP
2026-05-26,2026-05-27,9910.TW,67.5,67.5304513854644,0.0004511316365096718,UP
2026-05-26,2026-05-27,9911.TW,81.9000015258789,81.94617430952371,0.0005637702415697331,UP
2026-05-26,2026-05-27,9912.TW,12.449999809265137,12.450021577386845,1.7484435375277838e-06,UP
2026-05-26,2026-05-27,9914.TW,67.30000305175781,67.28830390111753,-0.00017383581143800596,DOWN
2026-05-26,2026-05-27,9917.TW,113.0,113.02064024352876,0.00018265702237840742,UP
2026-05-26,2026-05-27,9918.TW,43.20000076293945,43.18817634235674,-0.0002737134345806878,DOWN
2026-05-26,2026-05-27,9919.TW,14.149999618530272,14.16375674578468,0.0009722351678647494,UP
2026-05-26,2026-05-27,9921.TW,68.0,68.07176252966747,0.0010553313186392188,UP
2026-05-26,2026-05-27,9924.TW,41.79999923706055,41.795494782654714,-0.00010776206909207504,DOWN
2026-05-26,2026-05-27,9925.TW,40.150001525878906,40.15624205155979,0.00015543027257084715,UP
2026-05-26,2026-05-27,9926.TW,48.95000076293945,48.971566845799664,0.0004405736981425956,UP
2026-05-26,2026-05-27,9927.TW,67.4000015258789,67.4281486242397,0.00041761272586890024,UP
2026-05-26,2026-05-27,9928.TW,17.950000762939453,17.929800662488546,-0.001125353737734283,DOWN
2026-05-26,2026-05-27,9929.TW,11.850000381469728,11.852431919186044,0.0002051930496236801,UP
2026-05-26,2026-05-27,9930.TW,68.5,68.50821133007048,0.0001198734316858463,UP
2026-05-26,2026-05-27,9931.TW,33.900001525878906,33.90591470791682,0.0001744301407597566,UP
2026-05-26,2026-05-27,9933.TW,40.59999847412109,40.64001070590253,0.0009855229873210632,UP
2026-05-26,2026-05-27,9934.TW,9.630000114440918,9.631755006283683,0.00018223175720770876,UP
2026-05-26,2026-05-27,9935.TW,18.600000381469727,18.602568318645634,0.0001380611356581391,UP
2026-05-26,2026-05-27,9937.TW,55.29999923706055,55.35518342349214,0.0009979057358578249,UP
2026-05-26,2026-05-27,9938.TW,42.59999847412109,42.62667376475787,0.0006261805538088502,UP
2026-05-26,2026-05-27,9939.TW,122.5,122.51544127466332,0.0001260512217413634,UP
2026-05-26,2026-05-27,9940.TW,18.75,18.76057214794855,0.0005638478905893862,UP
2026-05-26,2026-05-27,9941.TW,72.80000305175781,72.79558359868342,-6.0706770455061584e-05,DOWN
2026-05-26,2026-05-27,9942.TW,117.0,117.06669090280775,0.0005700077163055539,UP
2026-05-26,2026-05-27,9943.TW,55.79999923706055,55.79598516306973,-7.193681085484229e-05,DOWN
2026-05-26,2026-05-27,9944.TW,16.950000762939453,16.961698526044824,0.000690133485477326,UP
2026-05-26,2026-05-27,9945.TW,23.64999961853028,23.64943199709585,-2.4000906705575073e-05,DOWN
2026-05-26,2026-05-27,9946.TW,16.350000381469727,16.352531611824936,0.00015481530863318063,UP
2026-05-26,2026-05-27,9949.TWO,22.799999237060547,22.810621320671263,0.00046588087570855965,UP
2026-05-26,2026-05-27,9950.TWO,10.850000381469728,10.858162257251676,0.0007522465893998536,UP
2026-05-26,2026-05-27,9951.TWO,52.20000076293945,52.196121869997356,-7.430829282384472e-05,DOWN
2026-05-26,2026-05-27,9955.TW,27.89999961853028,27.909550971119113,0.000342342391377281,UP
2026-05-26,2026-05-27,9958.TW,105.0,105.04253359613358,0.00040508186793886125,UP
2026-05-26,2026-05-27,9960.TWO,29.799999237060547,29.84177259390862,0.0014017905341460854,UP
2026-05-26,2026-05-27,9962.TWO,9.670000076293944,9.662339639217338,-0.0007921858341433913,DOWN
